id,username,displayName,image,bio,location,displayUrl,followersCount,friendsCount,createdAt
"1012358044527800320",AThrouvalas,"Andrew Throuvalas 🟠💎","https://pbs.twimg.com/profile_images/1975207913707757568/msVmod9E.jpg","Co-founder of @CharmsDev.

Don't Fight Bitcoin. Join Bitcoin. #UTXBros🟠🌎","Jubilife City","",7856,1141,"2018-06-28T15:32:21.000Z"
"1023142652856786945",degenRobot,"＼(｀0´)／","https://pbs.twimg.com/profile_images/1993684773232119808/8tjWa4vq.jpg","defi ⠙ ml ⠙ ex-founder 21-24 ⠙

product at @risechain

onchain enjoyer

schzio/acc","🍚⛓️","https://github.com/degenRobot",2605,421,"2018-07-28T09:46:32.000Z"
"1069176022048956419",Jib0xD,"Jib Rysk (ruthless arc)","https://pbs.twimg.com/profile_images/1950593462492966920/DNJpyyAA.jpg","Founder, CTO @ryskfinance. PhD positioning and navigation.","Great British Empire","",1361,549,"2018-12-02T10:26:42.000Z"
"1098821895565258752",theaadedewe,"ade","https://pbs.twimg.com/profile_images/1814141773985316864/mJzLXjg4.jpg","Founder & CEO of @kredete","Download the Kredete App →","https://onelink.to/kredete",12601,325,"2019-02-22T05:48:49.000Z"
"1101864556962500609",crypto_XZ,"Crypto XZ","https://pbs.twimg.com/profile_images/1862194465055629313/tstfTPaf.jpg","Co-founder & COO @Thorwallet | Bitcoin, shitposting & memes | For entertainment only. Not financial advice!","Metaverse","",2452,817,"2019-03-02T15:19:16.000Z"
"1122093087424155649",marcelharmann,"Cryptomaze 🇨🇭","https://pbs.twimg.com/profile_images/1971874189582671872/liqsv8L8.jpg","Founder & CEO @Thorwallet // Voted Top10 Fintech Entrepreneur 🇨🇭// BoD Crypto Valley Association // Former Blockchain Lecturer PhD // Personal opinion & no FA","Switzerland","http://www.thorwallet.org",23057,1883,"2019-04-27T11:00:14.000Z"
"1145069282239193088",kkrusherr,"KKrusher","https://pbs.twimg.com/profile_images/1969424733881188352/6NjgFnzR.jpg","Founder of @raacfi , Full-time Llama LARP, @Chainlink build member. NFA.","","",490,1472,"2019-06-29T20:39:26.000Z"
"1156137193355661312",donlasiesta,"Gon","https://pbs.twimg.com/profile_images/1922752625167966208/O2q0yOQw.jpg","talking football and prediction markets. founder of @scoreplay_xyz","","",324,727,"2019-07-30T09:39:21.000Z"
"1176285976278134784",KauriHero,"kaurihero.base.eth 🌐 MASQ priv/acc","https://pbs.twimg.com/profile_images/1433375704633135109/I0J4MC8H.jpg","Co-founder @MASQ_ai
Digital freedom #dvpn #privacy #borderless #web3 access
#KEL","MASQ Network","https://masqbrowser.com?utm_source=twitter&utm_campaign=KH-Tbio",1471,752,"2019-09-24T00:03:46.000Z"
"1181435894688931841",lingdouo,"Panda","https://pbs.twimg.com/profile_images/1814944103182073856/hq9UPeTQ.jpg","@QuBitdex Co-Founder，此前担任 https://t.co/tyGNQaJhmh CEO，2021年被全资收购已退出。","Singapore","https://www.linkedin.com/in/lingdouo/",13012,2095,"2019-10-08T05:07:31.000Z"
"1211881151926689794",RTerekh,"Romant.hl","https://pbs.twimg.com/profile_images/1964844843785445376/uPyGADrF.jpg","CSM @QuickNode // for fun

Prev NYU and Founder @cardsnipers","Boston, MA","https://www.romanterekh.com/",323,438,"2019-12-31T05:26:08.000Z"
"1221960944198279168",NetoOKL,"Neto | Triad Markets","https://pbs.twimg.com/profile_images/1872631368296943616/lfosG4mO.jpg","Co-founder @triadfi and Building @poseidonssol | Member @superteam","on-chain","http://triadmarkets.com",318,203,"2020-01-28T00:59:38.000Z"
"1251971650930700289",spatializes,"spatializes","https://pbs.twimg.com/profile_images/1961439699039354880/86tt-fGb.jpg","co-founder @blocklive_  @stagedotfun live events rwas and blockchains","","http://www.spatializes.com",1145,1229,"2020-04-19T20:32:08.000Z"
"1253814759570300929",subpromotersean,"seanthesheep✳️","https://pbs.twimg.com/profile_images/1639723892817395712/1AFCZstB.jpg","Good Shall Prevail | Head of Operations/Co-Founder @moonsheepverse @thesadtimesco @sadireclothing @biribiristudios🌙🐑🖤","","http://www.sadire.com",347,489,"2020-04-24T22:35:20.000Z"
"1255028814637264899",_cryptoeater,"cryptoeater | Yieldra Protocol","https://pbs.twimg.com/profile_images/1731890165243850753/zGV7zxLa.jpg","Founder @YieldraProtocol
CFO @tutorialtoken
Advisor and DAO Treasurer @splinterlands","Melbourne, Australia","",825,65,"2020-04-28T06:59:32.000Z"
"1280522386035683330",defichad,"DeFi Chad","https://pbs.twimg.com/profile_images/1993371658241859584/MmfTYFs5.jpg","crypto native. Inbesting, advising, memeing, huffing h(c)opium since '11, FT since '17. Ex-founder. Prev @bitfinex, @rhinofi +++","Keplar 69","https://defitheodds.substack.com/subscribe",7439,2072,"2020-07-07T15:21:54.000Z"
"1284370795007901701",yusukeosoegawa,"Yusuke | Napier CEO","https://pbs.twimg.com/profile_images/1971248346468651010/2ZDTlHGa.jpg","Founder & CEO @napierfinance","Onchain","http://t.me/yusukeosoegawa",1289,1114,"2020-07-18T06:14:06.000Z"
"1293464322048274432",chozwell,"Chozwell | LIFT ⚡","https://pbs.twimg.com/profile_images/1861197389396353024/CEQzTsAz.jpg","Strategy Lead and Founder @LiftDataAI

Maths main","","",1777,297,"2020-08-12T08:28:34.000Z"
"1295416612615417857",victor_yaw_,"Victor","https://pbs.twimg.com/profile_images/1838221505609744384/32PLr_99.jpg","co-founder @codex_pbc 🌎 | prev Head of Europe @ Blue Cloud Ventures | BNP Paribas | Angel Investor","","http://www.codex.xyz",1672,438,"2020-08-17T17:46:13.000Z"
"1320766550090145799",ironaddicteddog,"Jim | Fusion/acc","https://pbs.twimg.com/profile_images/1904864423682174976/oeqMV7L5.jpg","Engineer / Architect / Founder. Build @ZeusNetworkHQ","","https://ironaddicteddog.io",2712,306,"2020-10-26T16:37:51.000Z"
"1328744660047716352",FishyDeFi,"Fishy","https://pbs.twimg.com/profile_images/1685483000992079872/PGS4bPAF.png","Protocols with sustainable business models enjoyer
Founder @GummiFi
ex @FeiProtocol @RariCapital
Not financial advice","","",992,1084,"2020-11-17T17:00:39.000Z"
"1334066368069521408",itachee_x,"ade | rialo.io","https://pbs.twimg.com/profile_images/2004365272610652160/fUj3EYm5.jpg","Bootleg techbro, @forbes 74 over 74.
Co-founder/CEO @subzero_labs, building @rialohq.
Prev engineering @mysten_labs (@suinetwork), @netflix, @amd","NYC","http://rialo.io",6921,1123,"2020-12-02T09:26:33.000Z"
"1342882509407854594",cryptomemeduck,"CryptoMcDuck🦆","https://pbs.twimg.com/profile_images/1797954178641203201/JjjsS3NW.jpg","🍤 ➡ 🐳 ➡ 🦆 Ex meme artist. Dev of @Kittenhaimer. Dev of LTM tech. Co-founder of @pepo_is_fun. Dev of @khai_tech. IP rights owner for Khai, Peepee and Poopoo","","",8057,664,"2020-12-26T17:18:44.000Z"
"1373838408754343936",yoyopyra,"YoYo","https://pbs.twimg.com/profile_images/1918215732871217154/A29Dk-us.jpg","Co-founder @llamao_","","",1720,1779,"2021-03-22T03:28:16.000Z"
"1380714510470807552",Seroynft,"Seroy","https://pbs.twimg.com/profile_images/1952983848205041664/wYKbAqw4.jpg","Founder @HadronWeb3
| 3M views on Youtube 
| Ambassador @avaxDAO_ @arbitrum Legend @GAM3Sgg_
| Supporting Web3 Games in Brazil since 2020","Brazil","https://beacons.ai/seroy/mediakit",7577,872,"2021-04-10T02:49:36.000Z"
"1390234852096724993",0x81B,"Jason Linehan","https://pbs.twimg.com/profile_images/1948726422815600641/kXhHRp9b.jpg","CSO @consensys | founder @specialmech | strategy @sharplinkgaming | building @ethereum trustware | math programming hybrid | tile your windows","Ethereum","",3793,639,"2021-05-06T09:20:09.000Z"
"1401250141479194625",paul_qiro,"Nishikant | Qiro","https://pbs.twimg.com/profile_images/1614973973615480832/Qa2SGrXH.jpg","Co-Founder & CPO @Qiro_Finance | ALL13 @alliancedao","","http://qiro.fi",717,2485,"2021-06-05T18:50:57.000Z"
"1404957992882221062",zkteey,"Tyler","https://pbs.twimg.com/profile_images/1961436051324436480/bRP9bRj-.jpg","co-founder @ZottoAI || prev @ankr","Dubai, United Arab Emirates","",651,334,"2021-06-16T00:24:39.000Z"
"1420373191508348928",tdrlz,"drillzy","https://pbs.twimg.com/profile_images/1792922848610103296/GNIhvttF.jpg","exited technical founder building again

@HaikuTrade 👀","","",5934,540,"2021-07-28T13:19:03.000Z"
"1420710068237045762",ivan_lg21,"Ivan Laganà","https://pbs.twimg.com/profile_images/1866617406476500992/E7cu3CFQ.jpg","COO & Co-Founder @tradesyncer","Amsterdam, Nederland","",437,189,"2021-07-29T11:37:37.000Z"
"1442678368298733569",SaadNaja,"Saad Naja","https://pbs.twimg.com/profile_images/1788984156619198464/xDSzhSBV.jpg","Founder of @PiP_World | former COO @BNBNetworkCo | former product @krakenfx","Dubai, United Arab Emirates","",12523,1789,"2021-09-28T02:31:54.000Z"
"1444151922538151936",jth5419502,"Jacob🤙","https://pbs.twimg.com/profile_images/1954462736844476416/dQljWYGS.jpg","🔴LOVE WEB3.0 LIFE🔴

Founder : @alpha_orca
MOD : @Jupisjmj
Collab Manager : @omega_alpha_nft
Member : @ghostdao124772","","",2864,5474,"2021-10-02T04:07:18.000Z"
"1451465168303673358",Fundi_Crypto,"zKilian","https://pbs.twimg.com/profile_images/1925599813640331264/FQkyCHUp.jpg","Co-Founder @0xHyperBeat","","",1586,2276,"2021-10-22T08:27:29.000Z"
"1453759662663380994",AaluxxMyth,"Aaluxx⚡️🍫🛡️","https://pbs.twimg.com/profile_images/1537531427041984515/7OBF1PM9.jpg","MX-Born, First of His Name, Forker of Chains | Founder @Maya_Protocol | Contributor @THORChain | Minted $CACAO $TCY $MAYA $AZTEC","Mexico","https://linktr.ee/mayaprotocol",4817,931,"2021-10-28T16:26:07.000Z"
"1462225301145071620",playminiapp,"PlayMini","https://pbs.twimg.com/profile_images/1967346510179553280/czmPKR48.jpg","Tokenized Social Games / FOUNDER MODE®, a social game with $100,000+ prizepool: https://t.co/nH9J0uxpDO","","http://playmini.co/",1588,91,"2021-11-21T01:04:42.000Z"
"1465415360325238786",petehodl,"peter cross chains ⛓️","https://pbs.twimg.com/profile_images/1999514143909347328/BtQfv-4Y.jpg","assembling teams that change the world | Co-Founder @LiquidiumFi @LiquidiumWTF","my laptop","http://liquidium.fi",2282,933,"2021-11-29T20:20:35.000Z"
"1466288172631871488",tyhho0,"Yong","https://pbs.twimg.com/profile_images/1971142159446441985/EGkK1q5q.jpg","Founder @CrystaraMarkets | @get_truenorth SWE Intern | Freshman at NUS CS | Technical Founder | Get in touch!","Singapore","",440,282,"2021-12-02T06:08:51.000Z"
"1474157466082594824",JuanSamitier,"Juan Samitier","https://pbs.twimg.com/profile_images/1838334525815898112/dFrZh7en.jpg","co-founder at @DAMM_Capital

Treasury Manager @Kleros_io  |  Ideator @SafuLabs & @fantasy_tier

 Accountant @UCEMA_edu","mempool","",1514,833,"2021-12-23T23:18:42.000Z"
"1475811261007163395",_0x77,"0x77 🐙","https://pbs.twimg.com/profile_images/1904037969746677760/W_YriAq6.jpg","Web3 builder. Founder of @gotchipus.","OnChain","",109685,268,"2021-12-28T12:50:08.000Z"
"1476568619744210963",Sainted_eth,"Sainted","https://pbs.twimg.com/profile_images/1939714351193010176/nTZN1EZv.jpg","Founder @alternatesgame 🎮 | MAYC #13452","Learning","https://linktr.ee/alternatesgame",924,968,"2021-12-30T14:59:56.000Z"
"1481633228322705420",GenYusuf21,"Jamal Damani","https://pbs.twimg.com/profile_images/1985258106041810944/MdZE_D1E.jpg","Founder @disruptorslab Certified Marketer, The Disruptive Project Manager. I am HIM . I’m Jamal. SMM lead and Head of Academy @boundlesspay","","",3116,1320,"2022-01-13T14:25:02.000Z"
"1481941556710027267",yarhuter,"YarHunter💀🌐","https://pbs.twimg.com/profile_images/1774233687934038016/-YpscGD5.jpg","Co-founder & CEO @APTreeio Team:@SpooksLabs Founder:@Skeletonmaskdao","Aptos","",5498,987,"2022-01-14T10:49:57.000Z"
"1490968674697871360",VerenaVc3,"Verena","https://pbs.twimg.com/profile_images/1806508969462308864/Qu6ANtHD.jpg","Marketing @KaisarNetwork | Co-founder @BigcoinVn","","",3691,1031,"2022-02-08T08:40:16.000Z"
"1506982670",dazhengzhang,"David Zhang (▲)","https://pbs.twimg.com/profile_images/1906893875295457280/Hq5J1YmQ.jpg","Co-founder @Stably_official + @dtrinity_defi | Aspiring matrioshka brain | Ramblings about tech and finance","8.2 kpc from Sgr A*, 20 pc up","https://github.com/git-on-my-level",811,543,"2013-06-11T21:42:47.000Z"
"1516182795546247174",abstractooor,"konradkopp.eth","https://pbs.twimg.com/profile_images/1730614420844199936/VLoO5Pv9.jpg","abstractooor @rhinestonewtf • prev PPE @uniofoxford & exited web2 founder","ether","http://konradkopp.com",1380,1292,"2022-04-18T22:32:46.000Z"
"152383031",AesPoker,"Aes","https://pbs.twimg.com/profile_images/1746923618855006208/gMnEP6Xw.jpg","Co-founder @SteakHouseFi, Co-founder @Grovedotfinance

Pioneering open and transparent finance.","Miami","http://Steakhouse.Financial",1225,910,"2010-06-05T20:22:33.000Z"
"1542622477821644810",kenobi_mon,"Kenobi (MON to $1)","https://pbs.twimg.com/profile_images/1946171031573458944/Ykg3ZzFs.jpg","Founder @monks_xyz Official @monad ambassador","MONK REVOLUTION","",6437,4404,"2022-06-30T21:35:40.000Z"
"1552372129752125440",TropadaDrih,"Tropa da Drih","https://pbs.twimg.com/profile_images/1764797116373729281/HzYTRLYW.jpg","The principle of this DAO is to build and develop an exceptional community with a focus on the web3 space.

Founder @Adrianamessina9","Miami, Florida","https://tropadadrih.com",39862,4742,"2022-07-27T19:15:45.000Z"
"1553984344582107137",DigiFT_Henry,"Henry Zhang","https://pbs.twimg.com/profile_images/1638776338772561921/hiULPekO.jpg","Founder & CEO @DigiFTTech. 

Building the next generation of capital markets with regulated, on-chain real-world assets.","Singapore","https://digift.sg",248,82,"2022-08-01T06:02:34.000Z"
"1557990287271727104",0x_Donatello,"Don$$","https://pbs.twimg.com/profile_images/1994681603558100992/MyDs-YDl.jpg","GAMER • C.C • Founder • Ambassador•  
Working with @MetalistGame • CM @HU_Alpha_ @WenWL_ @AlphaGenZ1. DC don4760 
 @zora CREATOR ✊🏿 https://t.co/q9IqErZDWh","","https://hub.xyz/don",4881,931,"2022-08-12T07:20:26.000Z"
"1559385955756171267",alt_v0rtex,"Siddharth Lalwani 🛹","https://pbs.twimg.com/profile_images/1815752498914930688/79MAKSAa.jpg","Co-Founder and CEO @skate_chain
https://t.co/nOCQk4njyD","Singapore","https://skatechain.org",6018,489,"2022-08-16T03:46:15.000Z"
"1571852655445540867",0xMop_,"0xMop (Smilee Arc)","https://pbs.twimg.com/profile_images/1995899069135220736/hniOocZ8.jpg","Co-founder @SmileeFinance 
@steadyteddys honorary 
@TheBullas_ main cheerleader 
Forbes Under 30 (fr) (they're cooked)","","http://smilee.finance",1511,521,"2022-09-19T13:24:21.000Z"
"1579104062762516482",davensk_,"Dave | Triad Markets","https://pbs.twimg.com/profile_images/1936102885164556288/2M_vJ-Qx.jpg","Founder & CEO @triadfi","Solana","",1714,634,"2022-10-09T13:39:12.000Z"
"1579893116621971456",utku_salvor,"Utku🚢🔺","https://pbs.twimg.com/profile_images/1867214744689451008/hL4ycsSL.jpg","co-founder of @salvor_io and @blazelabs_wy

web3 boomer","Avalanche","https://salvor.io",2738,630,"2022-10-11T17:54:29.000Z"
"1602625147709579264",0xcaspar_,"caspar","https://pbs.twimg.com/profile_images/1917237282412580864/C7P8pNYf.jpg","Co-founder @d8x_exchange & Quantena | Quantitative Economist | Building incorruptible financial machines","","",645,244,"2022-12-13T11:23:33.000Z"
"1603963946",OnchainJD,"JD 🛡️","https://pbs.twimg.com/profile_images/1849835595092066305/QhoiKuZI.jpg","Building the access layer for the on-chain economy.
Co-Founder & CEO @OfficialONCHAIN","On-Chain","https://onchain.money/",765,1379,"2013-07-18T17:41:54.000Z"
"162703746",estevanbtc,"Estevan - beep boop","https://pbs.twimg.com/profile_images/1952788297937256448/5GQtxMVi.jpg","Founder @satonomy • The universe is a computer","🌖","http://satonomy.io",5675,3543,"2010-07-04T12:56:39.000Z"
"1634197460645040130",Sylvie0301,"Sylvie | atomiq labs 🧪","https://pbs.twimg.com/profile_images/1913231113041895425/f72KalX_.jpg","Co-founder & Chief Lab Officer @atomiqlabs 🧪: fully trustless swaps between Bitcoin & smart chains 👱🏼‍♀️ @kernel0x KB9 @SuperteamDE","Genesis block ","http://app.atomiq.exchange",1013,1640,"2023-03-10T14:20:34.000Z"
"1647675426",thepopeblack,"Popeblack","https://pbs.twimg.com/profile_images/1963023449284112385/8iX1fvPS.jpg","Business Development Manager @SecretNetwork. Founder @CosmosHubAfrica. L•L•I-I•M•I

Speed and Restoration. ~Effort is less interesting than results by @GuyZys.~","Web3","http://popeblack.com",3282,635,"2013-08-05T12:37:01.000Z"
"1669435691590209575",0xburga,"burga","https://pbs.twimg.com/profile_images/1763576598412800000/vrBh0djw.jpg","Co-founder @gondixyz • Building the liquidity platform for cultural assets.","Onchain","http://www.gondi.xyz",4014,899,"2023-06-15T20:04:33.000Z"
"1672184364",D91RSL,"DSR","https://pbs.twimg.com/profile_images/1997533784070033408/2OQViRd5.jpg","building the OS for pro traders onchain @frontrunpro

co-founder @morelabs (ex-CPG)","NYC","http://frontrun.pro",232,510,"2013-08-15T04:32:01.000Z"
"1704824561798377472",Dcentrobot,"Arjentum","https://pbs.twimg.com/profile_images/1932449099095166976/rBobPsUd.jpg","Co-Founder at @On_Veera | Former VC at Falcon Edge Capital | Angel investor & Web3 enthusiast | Wharton, Berkeley, IIT-Kharagpur Alumnus","Mumbai, Maharashtra, India","https://www.veera.com/",2662,1243,"2023-09-21T11:47:21.000Z"
"17112843",pankaj,"Pankaj Gupta","https://pbs.twimg.com/profile_images/1932200945422848000/5RioaUMQ.jpg","Co-founder and CEO @yupp_ai. Ex-VP Eng Consumer Products, Coinbase. Ex-Google Pay Consumer Lead, Ex-Twitter. Co-founded 3 startups. PhD Stanford CS.","","",19101,694,"2008-11-02T10:46:55.000Z"
"1726599677829607424",JordieToshi,"Toshi (not bet)","https://pbs.twimg.com/profile_images/1899917907586347008/XZY6pGpr.jpg","co-founder @toshibet","Island hopping","",1322,116,"2023-11-20T13:53:46.000Z"
"1747247895454072832",0xSherpaXYZ,"Sherpa","https://pbs.twimg.com/profile_images/1984213605085007872/473jpdxr.jpg","Social app founder, built a number of apps with millions of users. Now putting normies on chain with @thetailgateapp & @overherdxyz","","",581,334,"2024-01-16T13:22:26.000Z"
"1749440343743889408",e_woodford,"Edward Woodford","https://pbs.twimg.com/profile_images/1928146152471355392/8GYwXivO.jpg","Founder & CEO at @zerohashx.","USA","http://www.zerohash.com",1585,534,"2024-01-22T14:34:32.000Z"
"1750114586827575296",axel_ventures,"Axel.ml","https://pbs.twimg.com/profile_images/1750153654181511168/-McvY66G.jpg","co-founder @malda_xyz | defi in medieval terms","","",760,195,"2024-01-24T11:13:36.000Z"
"1772205395982827520",kaiserkinbote,"KK","https://pbs.twimg.com/profile_images/1943401247836372992/9lebL8dR.jpg","Head of Growth @dydx | Founder @pp_trading","","http://pp.xyz",528,122,"2024-03-25T10:14:32.000Z"
"1790136740981731328",Iamkanenas,"Kanenas","https://pbs.twimg.com/profile_images/1932349155596181504/KSA1WSrO.jpg","Building the execution layer for AI-generated code ⚙️
Secure. Compliant. Scalable.
3x Founder spreading one truth: AI isn’t scary, just needs a better sandbox","📍World Citizen","http://avm.codes",788,281,"2024-05-13T21:47:47.000Z"
"1799308913017323521",goatgdv,"GDV","https://pbs.twimg.com/profile_images/1890256783932809216/S3wZhyi5.jpg","Founder @frontrunpro, backed by @alliance and @yzilabs. Ex founding engineer @SuiNetwork @RobinhoodApp @Meta","Solana","",1855,491,"2024-06-08T05:15:14.000Z"
"1807591275492950016",PhilChen22,"Phil Chen","https://pbs.twimg.com/profile_images/1807592490033348608/XfHYme9G.jpg","Startups @brexhq. New dad | recovering founder | failed actor | ex-JPM & MS | big watch guy","San Francisco, CA","",205,243,"2024-07-01T01:45:27.000Z"
"1813494979781881856",edgeX_KF,"KF.edge 🦭","https://pbs.twimg.com/profile_images/1854368624687169536/sJiFRphA.jpg","Co‑Founder @edgeX_exchange
Build Superior Product & Deep Liquidity","edgeX","https://linktr.ee/edgeX.exchange",1186,736,"2024-07-17T08:44:46.000Z"
"18137025",egorsidelska,"Chef Egor","https://pbs.twimg.com/profile_images/1945649214987325440/_TAsxjFt.jpg","Cooking @infinex, co-founder @magnet_cap, ex-PE exec, ex-gamer, ex-comp sci.","","https://infinex.xyz/",3155,639,"2008-12-15T14:21:51.000Z"
"1815600566967640064",damegox,"dame¥","https://pbs.twimg.com/profile_images/1953865388409978880/BvSN_XPw.jpg","https://t.co/9KoBpQC14e tech founder | building $usbc","","https://bunt.fun",2278,319,"2024-07-23T04:11:47.000Z"
"1835574485421895682",albertocevallos,"Alberto Cevallos 🇺🇸","https://pbs.twimg.com/profile_images/1894627844472406016/Gk11Y7XX.jpg","co-founder @pyefinance | https://t.co/AuQFNYtUuu | product guy | Building DeFi products for validators","New York, USA","",458,320,"2024-09-16T07:00:45.000Z"
"1836605102611656704",JulianJCaro,"Julian Caro","https://pbs.twimg.com/profile_images/1944576310736564224/wD35YrUH.jpg","If you do everything, you’ll win. Founder & CEO @blaiapp. @northeastern Alum.","Cambridge, MA","",597,3296,"2024-09-19T03:16:33.000Z"
"1840937558160850944",patkyoung,"Pat.g","https://pbs.twimg.com/profile_images/1902100652928782336/JkHSnA1R.jpg","Head of Growth @Khalani_network | fmr-Head of Partnerships & Marketing @Galxe | fmr-Head of Web3 Sales @Chainlinklabs | Founder @miamiubc | VA/MO","","",433,557,"2024-10-01T02:11:46.000Z"
"1844194314437492747",arloxshot,"Arlox","https://pbs.twimg.com/profile_images/1851649026283687936/NTN8c0jX.jpg","SolCex exchange co-founder

SolCex Exchange is the 1st CEX on @solana  & the Home for Memecoin Supercycle","","",3483,389,"2024-10-10T01:54:04.000Z"
"1850661887178072064",Darrelldotsui,"Darrell","https://pbs.twimg.com/profile_images/1996793192130154497/kojpFyyB.jpg","Founder @CaveClubArena / Team @LINEUP_games / Partner @ToshiBet / Top 10 $WIF and $POPCAT Holder 2024 / $SUI Degen","","http://toshi.bet/r/sui",4635,1857,"2024-10-27T22:12:40.000Z"
"1855139047800279040",KevinPigmo,"Kevin Pigmo","https://pbs.twimg.com/profile_images/1893409408077471744/6DnhW_5B.jpg","Founder & CEO @Pigmo_co  
Ex @amazon","Join the $PIG launch  👉🏻","http://t.me/pigmoco",2834,124,"2024-11-09T06:44:18.000Z"
"186248562",JackieDeLaw,"Jackie Kennedy","https://pbs.twimg.com/profile_images/1436097288691085315/FeitwzCO.jpg","COO at https://t.co/6fCiKVRfNs, Investor in https://t.co/6fCiKVRfNs, https://t.co/D0ty1oXy3w, https://t.co/xkyRQ8rfKf and more; Ex- @AWS, @DigitalOcean, Ex-Founder","Miami","",1378,598,"2010-09-02T23:29:38.000Z"
"1875031534492864512",AIxVC_io,"AIxVC","https://pbs.twimg.com/profile_images/1877335188579168261/gxDjeQZK.jpg","No Token yet. AI-powered tooling platform for traders. Automate. Optimize. Win.
Founder: @AIxVC_0x
Agent: @AIxVC_Axelrod","AI","https://linktr.ee/aixvc",6914,148,"2025-01-03T04:09:00.000Z"
"1879556301681782784",edendotlol,"eden","https://pbs.twimg.com/profile_images/1927314961237254144/ZGSFhf6e.jpg","founder of tweem

tag @tweemdotlol and bet on bangers","","https://www.tweem.lol/?referral=1879556301681782784",924,787,"2025-01-15T15:48:54.000Z"
"1888821197896380416",ScrappyXBT,"ScrappyXBT","https://pbs.twimg.com/profile_images/1999307899806343177/fVQV8pVX.jpg","Co-founder of @Crypto_Blackops. 
   @MineraAI Ambassador
God Family Country...In the Order. Period.","McLean, VA","http://Cryptoblackops.xyz",2058,2756,"2025-02-10T05:24:14.000Z"
"1892922885951328257",latebuddha,"Late Buddha","https://pbs.twimg.com/profile_images/1948402899819913216/ebkKvYMq.jpg","Co-Founder @dopamyn_fun |
Building the first AI run Crypto marketing agency |
latebuddha.base.eth | latebuddha.farcaster.eth","","",88,488,"2025-02-21T13:03:20.000Z"
"1894311561944092672",simonvhardy,"Simon V. Hardy","https://pbs.twimg.com/profile_images/1960561128855232512/vMx-xsw6.jpg","Financial infrastructure & market intelligence. 10+ years across crypto, risk, and systems. Founder & CEO. Quiet work. Long timelines.","","https://link.me/iamhardy",985,274,"2025-02-25T09:01:36.000Z"
"1896634306560401408",ThePandarianz,"The Pandarianz","https://pbs.twimg.com/profile_images/2004845849784848384/T60I_dJN.jpg","GEN0 built the roots, GEN1 will grow the forrest Founder: @DJSOL98 bringing art and community together","SOLANA","https://discord.gg/e2gsYYwNr5",2903,664,"2025-03-03T18:50:39.000Z"
"1898451541805379584",orchestratoor,"hunter","https://pbs.twimg.com/profile_images/1898841992861245440/iw_qB1bK.jpg","founder @ordanetwork | prev. mid-curve trader","","https://paragraph.com/@orchestratoor",290,428,"2025-03-08T19:11:45.000Z"
"1903384295001010176",Peter_thoc,"The House Of Crypto","https://pbs.twimg.com/profile_images/1976569284395446272/i9FKWWOJ.jpg","Founder - The House Of Crypto - Crypto's fastest growing youtube channel
Co - Founder @PerceptronNTWK","wordwide","https://www.thehouseofcrypto.io/",186245,376,"2025-03-22T09:52:43.000Z"
"1907095060363038721",DuchessofSOL,"Amber","https://pbs.twimg.com/profile_images/1988942033906454528/QGr47Oru.jpg","Co founder & COO @darklakefi || All things Regs, Risk & Web3 Compliance. Thrives in chaos.","London, UK","https://darklake.fi",371,502,"2025-04-01T15:38:33.000Z"
"1909299073909485568",zerolore,"zerolore","https://pbs.twimg.com/profile_images/1911863328596443136/grmCFkPR.jpg","Co-founder @usdt0_to - Building the unified liquidity layer for @tether_to assets. Opinions are my own.","Lugano, Switzerland","http://usdt0.to",3767,360,"2025-04-07T17:36:39.000Z"
"1917810807699857409",basedAlbert1,"Albert","https://pbs.twimg.com/profile_images/1917824698655592448/g-78zgkH.jpg","Web3 Community Manager || Programmer || Writter ||
Lover of @base, Building at @CreatorBid || CM @Karum_AI || Founder @Feed_agent","web3","",2360,1939,"2025-05-01T05:18:41.000Z"
"1921626433224638464",noxsolana,"NOX⚡️","https://pbs.twimg.com/profile_images/1997388526858502144/_F_e5hZy.jpg","Founder @thatgoblins
Art Director @Haxz_xyz","on-chain","",1962,939,"2025-05-11T18:00:31.000Z"
"1925333839339237376",BlondiePredicts,"Aggie","https://pbs.twimg.com/profile_images/1997089719046258688/8m5M0TR3.jpg","Championing women in prediction markets @Kalshi Growing @KalshiGirls community online and IRL 🇺🇸 Founder @FiftyOneAlpha prediction market events","NYC ","https://blondiepredicts.substack.com/",1999,694,"2025-05-21T23:32:27.000Z"
"1937456737826881536",Olen730,"Olen","https://pbs.twimg.com/profile_images/1942828610475143169/H9kMgQJ2.jpg","Founder & CEO  @Dexmarket_com","","",5680,247,"2025-06-24T10:24:29.000Z"
"1937587200",0xHaruHaru,"Haru ☁️ ♡","https://pbs.twimg.com/profile_images/1740757405695410176/m0JuK9DU.jpg","Haru 哈魯 ☁️｜Founder @OhHole_ 🪄 
⌇Community Manager @solanamobile @TREX_chain","","https://linktr.ee/0xHaruHaru",3040,1083,"2013-10-05T13:16:45.000Z"
"1944941779",iamjohnellison,"John Ellison","https://pbs.twimg.com/profile_images/2000911197244166149/w-KF1FPs.jpg","Founder, Angel Investor & Startup Consultant | Ex: ReFi DAO, Toucan, OpenGov | Exploring AI, Web3 & Community","Born @ 351 ppm CO2 (co2.earth)","https://john-ellison.com",11408,4172,"2013-10-07T18:36:21.000Z"
"19588730",Jaap_NL_,"Jaap (SproutlyRWA)","https://pbs.twimg.com/profile_images/1614197861054390272/_ikPw-MF.jpg","Tokenizing RWA assets with real-world impact 🌍 Founder @SproutlyRWA | 10M+ m² reforested | Bringing nature on-chain | Blockchain for meaningful change","Friesland, Nederland","https://www.sproutlyrwa.com",4896,31,"2009-01-27T12:13:04.000Z"
"2401304676",Toadster69,"Toad","https://pbs.twimg.com/profile_images/1967582767178481664/gZMShL0V.jpg","co-founder @chognft","","https://discord.gg/chog",20560,2453,"2014-03-21T09:53:08.000Z"
"244741499",raduC22,"radu 👾","https://pbs.twimg.com/profile_images/1697922063493636096/NhSJeMaX.jpg","Building the killer crypto app: Linx App. Co-founder @linx_labs. Relentlessly curious.","In the arena","https://linxlabs.org",246,787,"2011-01-30T01:24:47.000Z"
"256512305",guy_de,"Guy","https://pbs.twimg.com/profile_images/1656509975739645952/krTvsRjm.jpg","chief operatooor @rareskills_io | @raretalent_xyz | co-founder @USGOfficials","Sri Lanka","https://www.rareskills.io/",1257,2189,"2011-02-23T13:56:57.000Z"
"272793138",itsbhaji,"Bhaji Illuminati","https://pbs.twimg.com/profile_images/1993379152741924864/rtbu1u11.jpg","ceo & co-founder @centrifuge labs | co-creator @RWASummit @TACoalition","Venice, California","https://www.linkedin.com/in/bhajiilluminati/",3957,1210,"2011-03-27T05:49:18.000Z"
"278258884",0xend,"END","https://pbs.twimg.com/profile_images/1800894856652341248/LTwneZHR.png","co-founder @gondixyz / ex- high frequency trader / ML @ @PalantirTech.","Nowhere","",3750,1032,"2011-04-06T22:56:28.000Z"
"2850619019",cancu_eth,"cancu.eth","https://pbs.twimg.com/profile_images/1861628624878628864/NksvlsVY.jpg","CTO & Co-Founder at @berryinvesting | 22 y/o","localhost:3000","http://instagram.com/cancu.eth",2586,1933,"2014-10-29T22:43:42.000Z"
"2895043120",CryptoKrushang,"Krushang","https://pbs.twimg.com/profile_images/1850827747427254272/YmFWNZt-.jpg","#Bitcoin. OG from 2013. Ex- Co founder @Xertraplatform previously @stratisplatform in 2016.","London UK","",4367,720,"2014-11-27T19:17:09.000Z"
"3171901618",legitamit,"amit","https://pbs.twimg.com/profile_images/1723114902477303808/Omg5nVI3.jpg","founder @poofnew, previously @phantom, @dapperlabs & @amazon","","",2373,2959,"2015-04-16T02:39:49.000Z"
"325969574",rsklwtf,"rskl","https://pbs.twimg.com/profile_images/1764940376652025856/6dDf42lZ.jpg","@pisquared (Pi Squared): ct lead
@mopwtf (Mop): founder 
@monad (Monad): contributor / validator
prev: LayerZero, Sophon, Iron Fish: cm","Los Angeles, CA","",9607,2409,"2011-06-29T04:50:44.000Z"
"331208719",inesisljami,"Ines I. | txFusion","https://pbs.twimg.com/profile_images/1924729541596983296/JX8-TG1s.jpg","Founder of @txFusion_io | @txSync_io | @AstalMarket  Passionately working towards crafting a future defined by freedom and tolerance.","World Citizen","https://www.txfusion.io/projects",818,1191,"2011-07-07T20:25:12.000Z"
"333928074",kerberosinc,"Rıdvan","https://pbs.twimg.com/profile_images/1992579926453579776/AqhbdF9S.jpg","Co-Founder @UpRockCom, DevOps Lead @JuicyAds, ex-@Avast - Data Analyst ☂️","Ankara, Türkiye","https://github.com/ridvankaratas",610,959,"2011-07-12T09:20:59.000Z"
"334210072",utkusubakan,"Utku 🚢 🔺","https://pbs.twimg.com/profile_images/1541009219582889984/PJP7lqMd.jpg","Co-founder @salvor_io - building the NFT marketplace Avalanche deserves Co-founder @bionluk - one of the biggest freelancing marketplace in Europe","","https://bionluk.com",429,435,"2011-07-12T18:58:49.000Z"
"38673381",YanushAli,"Yanush Ali","https://pbs.twimg.com/profile_images/1760022496441516032/WHqDJD2S.jpg","Co-Founder, COO @buildonlumia","","http://lumia.org",98328,659,"2009-05-08T14:17:39.000Z"
"401377251",0xDylz,"Dylz.hl","https://pbs.twimg.com/profile_images/1985710171566325760/IiOtO0k2.jpg","Co-founder @otomato_xyz | Ex Co-founder When shift Happens podcast @kevinwshpod - Product Builder  | 3X founder","","https://otomato.xyz",661,1070,"2011-10-30T13:13:24.000Z"
"418948448",metamick14,"Metamick / Geyser ⚡","https://pbs.twimg.com/profile_images/1989245734357782528/nXL2tex8.jpg","Co-founder of @geyserfund. Pro-human civilizationist.","⚡️ metamick14@getalby.com","",4205,4217,"2011-11-22T19:24:09.000Z"
"419328231",MasoRich,"Maso Rich ❤️🏴‍☠️","https://pbs.twimg.com/profile_images/1774885905242935297/rpQB4jVF.jpg","Golden Tides - Head of Art Leaks - Co-Founder - Producer - COO/CMO @psychedelic_gg - @goldentides_gg","MasoRich.ETH","http://www.GoldenTides.gg",1980,1221,"2011-11-23T07:00:33.000Z"
"4309691",ericfish,"Eric Yu","https://pbs.twimg.com/profile_images/1515358790421417984/HvupkBvw.jpg","Co-Founder @MathWallet","Singapore","",750,435,"2007-04-12T06:12:29.000Z"
"497840568",web3natural,"Milad","https://pbs.twimg.com/profile_images/1981856117782110210/MEBKYTnq.jpg","Redistributing power to the many. Founder & COO @springdotnet @1st_app","","http://spring.net",590,663,"2012-02-20T12:22:27.000Z"
"501221448",jcdenton,"jcdenton.vibe","https://pbs.twimg.com/profile_images/1981898154082553856/pQfAu0dY.jpg","Founder @vibechain, previously Coinbase, Facebook engineering","Palo Alto, CA 🇺🇸","https://vibechain.com",17008,452,"2012-02-23T22:49:58.000Z"
"586082063",unicornverse_io,"Unicorn Verse","https://pbs.twimg.com/profile_images/1849301896064045056/WV9utV86.jpg","The World's First Liquidity Empowered Strategic Investment Firm | Founder @A_unicornverse","Singapore","https://unicornverse.capital/",13430,25,"2012-05-20T23:41:46.000Z"
"609814986",renckorzay,"Renç Korzay","https://pbs.twimg.com/profile_images/1854897365288620032/CBrUxiZo.jpg","Co-founder & CEO @gizatechxyz","","http://gizatech.xyz",28980,1112,"2012-06-16T06:01:09.000Z"
"61846144",mykelp,"Mykel Pereira","https://pbs.twimg.com/profile_images/455349276898754561/OO1GJiql.jpeg","Founder @joinlegend, prev @compoundfinance","San Francisco, CA","",504,211,"2009-07-31T18:57:23.000Z"
"64206522",xzistance,"Xzisτance","https://pbs.twimg.com/profile_images/1797771106398371840/0MPDRMXI.jpg","founder, cto @sportstensor @almanac_market","Minneapolis, MN","http://sportstensor.com",1450,500,"2009-08-09T16:50:38.000Z"
"67053010",stablecoinapp,"Gabo","https://pbs.twimg.com/profile_images/1856768290963820548/hHws-KMZ.jpg","founder & ceo @uglycash - america’s stablecoin app","San Francisco, CA","http://ugly.cash",4284,1187,"2009-08-19T16:58:42.000Z"
"68170067",DrPayFi,"Richard Liu","https://pbs.twimg.com/profile_images/1815500521853366272/4QW8Xh_i.jpg","Co-founder https://t.co/p9ed05nlYE","","",6903,487,"2009-08-23T15:45:39.000Z"
"724219695579144193",emrepalandoken,"Emre Palandöken","https://pbs.twimg.com/profile_images/1540649520429768705/jYRw0nz0.jpg","","","",770,277,"2016-04-24T12:53:25.000Z"
"72937260",qmbigbeat,"BigBeat","https://pbs.twimg.com/profile_images/1973816640534900736/Kbs0Av2A.jpg","CEO & Founder @QuasarMarkets | Advisory Board @KiwiTech | Board M@abcaonline | F CSO/SVP https://t.co/eI2tJcraBv | F SVP @Benzinga | Leader. Builder Visionary","Wesley Chapel, FL","http://www.quasarmarkets.com",112755,5338,"2009-09-09T20:05:16.000Z"
"736030632812257282",NiharNeelakanti,"Nihar Neelakanti","https://pbs.twimg.com/profile_images/1650531358224048129/hKOsv1Gd.png","Founder and CEO @ecosapiensxyz past @menloventures @kauffmanfellows @usc dogma: buy the ticket, take the ride","San Francisco, CA","http://www.ecosapiens.xyz",2010,680,"2016-05-27T03:05:52.000Z"
"737066429976023040",dmitrytez,"dmitry | hanji.io","https://pbs.twimg.com/profile_images/1867181143151329280/aHpMcuR6.png","founder @hanjiprotocol, was building onchain CLOBs when it wasn't cool

prev systemic internalizer + weekend trading @ Tinkoff","onchain","",806,3612,"2016-05-29T23:41:45.000Z"
"744081329105608704",vikoxkis,"Vikoxkis","https://pbs.twimg.com/profile_images/1887985042955161600/TMHcljyT.jpg","Product Auditor and Creative by fate. I fix UX so users stay, and TVL grows. Founder of https://t.co/tfWeb0EJVI Product Lead at @autopools","","http://tokemak.xyz",304,744,"2016-06-18T08:16:28.000Z"
"770793487281319936",Cnuat_rain,"Charles Yoo-Naut (🌧️,🌧️)","https://pbs.twimg.com/profile_images/1987093529949335552/KB7TAEs_.jpg","co-founder @raincards - building the blockchain-based card issuing and stablecoin interoperability platform","Brooklyn, New York","http://rain.xyz",1934,2044,"2016-08-31T01:21:02.000Z"
"780054569036320769",fkj98,"Fronk","https://pbs.twimg.com/profile_images/1997317515660410880/gzMgNlKl.jpg","Founder of @mygogocash 👩‍🚀","Get in Tounch 👉","https://bento.me/fronk98",237,145,"2016-09-25T14:41:16.000Z"
"801665657506963456",bettechentt,"Bette Chen","https://pbs.twimg.com/profile_images/1971447177827500032/7GDcGjh2.jpg","Building @gluonmoney for mass adoption | Co-Founder @AcalaNetwork @KaruraNetwork | Stablecoin ₿eliever | Empowering creators | views are my own~","Australia","",36943,573,"2016-11-24T05:56:01.000Z"
"806228109938847744",sergattic,"Sergey | Everstake 🇺🇦","https://pbs.twimg.com/profile_images/1108412630358806534/Nxzypg5D.png","Founder @everstake_pool • Trusted by 700k+ users across 80+ blockchains • Empowering the next generation of finance • Built from zero with purpose. Be useful!","USA/Florida","https://everstake.one/",2398,264,"2016-12-06T20:05:35.000Z"
"843710133649793024",thisismaheshj,"mahesh","https://pbs.twimg.com/profile_images/1983188558967107584/VwBnQD1b.jpg","internet capital markets // community @superteam // nCMO @solana // led growth @lorexyz // prev. founder @one_upi","under water","",969,1075,"2017-03-20T06:25:46.000Z"
"892752634381291521",OfirEliasi,"Ofir","https://pbs.twimg.com/profile_images/1991648614188199936/X3lghN-a.jpg","Chief Blockchain Officer @Kerberus | @ethinteroplayer supporter @ethereum | Prev: Founder @BorsaNetwork,CTO @SSV_network,@Biconomy, @Microsoft, @Meta…","","https://kerberus.com",490,851,"2017-08-02T14:23:09.000Z"
"907977583740047360",AltcoinSatoshi,"Altcoin Satoshi","https://pbs.twimg.com/profile_images/1457452680822067208/FurQsJFa.jpg","8+ yrs in crypto.
Founder @walllet_com — the seedless smart wallet for everyone.
Focused on UX & real users, not token hype.

🤝 DM if you can help scale","EVM","https://walllet.com/",807,731,"2017-09-13T14:41:40.000Z"
"939471860185657344",KarasuFt,"Orhun","https://pbs.twimg.com/profile_images/1772382227067813888/1uqPFekC.jpg","Founder and Ceo of @KyrrioOfficial | Future of Finance, Today's Platform |  Master of Finance   | NoMads  |","izmir","http://www.kyrr.io",98071,531,"2017-12-09T12:28:40.000Z"
"945808898207993856",lui2gi,"Lucas | lend.xyz","https://pbs.twimg.com/profile_images/1947673966337835008/nc1UxRBi.jpg","co-founder @lendxyz - prev. Staky","Cooking hard on   👉","https://lend.xyz",1373,1049,"2017-12-27T00:09:48.000Z"
"987901313412288512",doubtfulorigin,"Promo","https://pbs.twimg.com/profile_images/1934902116751196160/L8qOXvlf.jpg","Building the first fully decentralised underwriting engine for RWAs 🤝 Co-founder @SpiceProtocol","Earth","",735,1214,"2018-04-22T03:50:02.000Z"
"991462263726006272",AmieWind,"Amaka Joyce🌸","https://pbs.twimg.com/profile_images/1908183585397317632/JmDPMu2o.png","Web3 Writer || Content Marketer || Community Builder || Founder @SheExcelsDaily || Founding President 🇳🇬: @AWICglobal","Onchain","",1372,792,"2018-05-01T23:39:58.000Z"
"997477019159089152",Ben_AtriumLab,"Ben - Âtrium Lab","https://pbs.twimg.com/profile_images/1937458396669542400/bQadoAPZ.jpg","Creative Director. Founder of @atriumlab and @mycelialgallery","Cardano","",933,767,"2018-05-18T14:00:28.000Z"
"220271144",trevorkoverko,"Trevor Koverko","https://pbs.twimg.com/profile_images/1820449745187352576/0bow5fIX.jpg","🏒 player/founder, draft pick @NYRangers, cofounder: @polymathnetwork, @polymeshnetwork, @buymatador now @JoinSapien","San Francisco, CA","http://koverko.com",7366,5068,"2010-11-27T08:12:19.000Z"
"14080479",ArthurB,"Arthur B.","https://pbs.twimg.com/profile_images/1726646829368905728/1-TWpfvj.jpg","@Tezos co-founder w/ wife @breitwoman & Agitprop founder. Aligning ASI to not zap everyone is unsolved, that's bad. Tezos stuff, high context humor & more.","arthurb.tez","https://ex.rs",43414,1423,"2008-03-04T23:03:18.000Z"
"40230172",imawickedlemon,"EssBee","https://pbs.twimg.com/profile_images/1891975626678263808/CuxDy9hR.jpg","Co-Founder & CEO @on_veera. Building Global Financial OS - Earn, Invest, Borrow & Spend across Asset Classes. 3X Entrepreneur, 2X Exits","OnChain","http://www.veera.com",4093,1871,"2009-05-15T12:34:04.000Z"
"1369894805937917953",BradleyZaia,"Bradley Zaia","https://pbs.twimg.com/profile_images/1907377265517998081/-IDLD23Y.jpg","co-founder @genopets, @eliteagents_ai - creative director. product designer. recovering vibe coder. wonderer of things","","",8926,358,"2021-03-11T06:16:05.000Z"
"1231038340616478720",DigitsCapital,"Digits Capital","https://pbs.twimg.com/profile_images/1999444787049402372/LFpr1lGE.jpg","CIO, Founder: @NAVFinance_","","https://NAV.finance",16351,302,"2020-02-22T02:09:54.000Z"
"3040072714",leisalima74,"Leisa | SeedifyFundMOD","https://pbs.twimg.com/profile_images/1441809660101763072/sjDqtMmV.jpg","Lead Admin and community moderator @SeedifyFund| Guild Founder","California, MD","",375,617,"2015-02-16T01:34:19.000Z"
"615818451",alexandr_wang,"Alexandr Wang","https://pbs.twimg.com/profile_images/1631421210205749248/uohbT_40.jpg","chief ai officer @meta, founder @scale_ai. rational in the fullness of time","San Francisco, CA","https://scale.com",357976,843,"2012-06-23T02:46:22.000Z"
"332771386",0xavd1,"Tony D","https://pbs.twimg.com/profile_images/1943664758072221697/1jro6K1f.jpg","GTM, Web3 Growth, Marketing

Founder at @cult3_xyz
Magic at @agnt_hub
Contributor to @0x_bdlabs","","",5245,738,"2011-07-10T11:41:19.000Z"
"3193070272",kaitrias,"Kai 🌊","https://pbs.twimg.com/profile_images/1915517649582514179/kUJkAEEj.jpg","CTO / Co-Founder @MeleeMarkets @dokisofficial","","",2866,283,"2015-04-22T01:28:39.000Z"
"1344122754753290243",khadijaashraff,"Khadija Ashraf ⚡️","https://pbs.twimg.com/profile_images/1905486236870901760/NKbLFAis.jpg","co-founder @tradezella / currently building an all in one trading journal that helps traders reach peak performance.","New York, NY","https://www.tradezella.com",2361,228,"2020-12-30T03:26:58.000Z"
"1127446886653104128",1stNoL,"Noëlle Becker Moreno","https://pbs.twimg.com/profile_images/1972871873798270977/xCTx564_.jpg","CMO @edgeandnode core dev @graphprotocol || @ampersend_ai
 co-founder @thehouseofweb3 || 💜 web3 + 🤖 AI + 🧚🏻 kind humans + 🛋️ interior design","San Francisco, CA","https://edgeandnode.com/thehouseofweb3/",1921,205,"2019-05-12T05:34:19.000Z"
"4142244612",0xjosephlee,"0xjoseph | SVL","https://pbs.twimg.com/profile_images/1990761113764704256/4F4wglul.jpg","Co-founder @supervlabs I Building @pryzm_gg 🎮  
Opinions are my own, NFA.","web3","",4636,424,"2015-11-06T04:31:42.000Z"
"1419521452466786307",lurvli1,"lurvli","https://pbs.twimg.com/profile_images/1955006614135771141/CnFJxkC0.jpg","Co-Founder @thelittlesnft @playsidegg @play3ai","","",7512,1583,"2021-07-26T04:54:30.000Z"
"1495008357756948487",alCamel77,"camel took your bag lol","https://pbs.twimg.com/profile_images/1925238035353939969/PUUIFvMu.jpg","retired tradooor. (still) chief psyop offiser. co-founder of @pepo_is_fun (#1 gryfto app in app store or ikms)","desert of your pnl (mo barren)","http://pepo.fun",29187,1971,"2022-02-19T12:13:18.000Z"
"23322628",arius_xyz,"Arius | Building LIFT⚡️","https://pbs.twimg.com/profile_images/1673748588973752320/0i5ogCMP.jpg","Founder at @LiftDataAI and @BattleFlyGame | 6x tech co-founder Discord: arius_xyz","","https://www.liftdata.ai",11112,1596,"2009-03-08T16:14:56.000Z"
"776214450097442816",1HowardWu,"howardwu.aleo 🦁","https://pbs.twimg.com/profile_images/1906787828987801600/2C7Ly8FZ.jpg","founder @AleoHQ & @ProvableHQ. coauthor of libsnark, DIZK, & Zexe","Aleo 🌐","https://provable.com",9039,185,"2016-09-15T00:22:01.000Z"
"266265358",WilliamEQuigley,"William E. Quigley","https://pbs.twimg.com/profile_images/1371000555036839936/T5OQXx88.jpg","Co-founder, WAX | Managing Director, Magnetic | Co-founder, Tether | Blockchain Investor & Tech Incubator. Kaufmann Fellow.","","https://wax.io",15016,235,"2011-03-14T23:35:11.000Z"
"1849609099656503296",Professor_MOO,"Professor MOO","https://pbs.twimg.com/profile_images/1930504058684768256/7VpgEYx9.jpg","@tothemoofarm founder / bip-177 / bringing satoshi back","Telegram ","",2291,925,"2024-10-25T00:29:21.000Z"
"1774082020165263360",leftcurvedao,"Leftcurve DAO","https://pbs.twimg.com/profile_images/1781992788646866944/iqn65lgB.jpg","owner / founder @jonesrida / @0xSleuth_

if interested in joining dm @jonesrida and fill out the form 

https://t.co/nh50j27FVK","","",1553,36,"2024-03-30T14:32:08.000Z"
"920037331624759296",vitorpy,"vitorpy","https://pbs.twimg.com/profile_images/1987504580012208128/iH4upgqh.jpg","Co-founder @darklakefi. Member @superteampol. Interested in zero-knowledge proofs, and applied cryptography. Occasionally G-Shock appreciation account.","Poznan, Poland","https://vitorpy.com",2754,1180,"2017-10-16T21:22:48.000Z"
"1701271269378068480",iatskar,"arsenii","https://pbs.twimg.com/profile_images/1901678341683326976/EuCtWI7j.jpg","founder @gondorfi","","http://cal.com/say-hi",2327,475,"2023-09-11T16:27:49.000Z"
"1372839285834006531",thestandard_io,"TheStandard.io","https://pbs.twimg.com/profile_images/1539223890504957954/-nVmUEuJ.jpg","The next-gen decentralized, over-collateralized stablecoin protocol backed by physical & digital assets. https://t.co/3EcX1C8f3Y
Co-Founder is @JScigala","","https://TheStandard.io",10211,807,"2021-03-19T09:16:21.000Z"
"182500161",KAndrewHuang,"Andrew Huang ⚡️⛓️","https://pbs.twimg.com/profile_images/1905342166911823872/bL9p0Qo4.jpg","founder @conduitxyz | join us: https://t.co/ArWeF5TOsS","San Francisco, CA","https://conduit.xyz",8020,520,"2010-08-24T19:01:09.000Z"
"14417215",rrhoover,"Ryan Hoover","https://pbs.twimg.com/profile_images/1289046130366406656/-s-fxoLn.jpg","Founder of @ProductHunt. Investor at @WeekendFund. Say hi! 👋🏼","Miami / SF / NYC","https://ryanhoover.me",312136,2286,"2008-04-17T05:45:18.000Z"
"1082499390240022528",JoshuaTobkin,"Josh Tobkin (SUPRA)","https://pbs.twimg.com/profile_images/2001619310595436544/1ClaUX50.jpg","Co-founder & CEO @SUPRA_Labs — 🇺🇸 🇰🇷 opinions my own & nfa","Minnesota, USA","https://Supra.com/documents/Supra-AutoFi-Whitepaper.pdf",17933,4123,"2019-01-08T04:49:01.000Z"
"2856807772",razgraf,"Razvan Gabriel | razgraf.eth","https://pbs.twimg.com/profile_images/1906324314846003200/85xn5px0.jpg","Co-founder and CPO @Sablier. Product designer and engineer. Previously at @PodsFinance. a16z CSX ‘24","🇷🇴","https://sablier.com",1316,1706,"2014-11-02T13:29:04.000Z"
"48857910",courtlandleer,"Courtland Leer","https://pbs.twimg.com/profile_images/1841188324561580033/7i7hKgGV.jpg","co-founder @plasticlabs 🥽","ky","https://blog.plasticlabs.ai",4407,2732,"2009-06-19T22:59:13.000Z"
"14466878",donnie,"Donnie Dinch","https://pbs.twimg.com/profile_images/1643675139933102080/uQzAzzdF.jpg","vp strategy @phantom, ex-founder @bitski (acq by phantom)","","http://phantom.com",7866,1000,"2008-04-21T20:56:49.000Z"
"1579239820483710976",Mark_TheeShark,"marktheshark","https://pbs.twimg.com/profile_images/1955008732263256064/GeorbTrg.jpg","CSWAP | DEX Co-Founder & President aka The Cardano Cowboy @CswapDEX","CA","http://cswap.info",3038,1997,"2022-10-09T22:38:18.000Z"
"286904334",QuentinSaubadu,"Quentin Saubadu","https://pbs.twimg.com/profile_images/1993974436714688512/zzZjZIBa.jpg","Lead UI/UX Designer @ryder_ID ✦ Building next gen of crypto wallet one block at a time ✦ Never DM first ✦ Co-founder @sigleapp","The Figmaverse","https://quentinsaubadu.com/",1554,691,"2011-04-23T23:08:33.000Z"
"1898269662",rahul_madduluri,"Rahul Madduluri","https://pbs.twimg.com/profile_images/1959328078251147264/r5TqY5rI.jpg","Co-Founder and CTO @DoppelHQ","San Francisco, CA","http://doppel.com",535,1024,"2013-09-23T20:14:29.000Z"
"267011945",Russfranky,"Russfranky","https://pbs.twimg.com/profile_images/1986285548118433792/O690hDxB.jpg","@HubzzHQ Founder • @Affinity_xyz Member • Web3 Futurist • Bullish on Humans • Past Exp. $STX, $TVK & $ATK • Opinions are mine & RP's ≠ endorsements","☧","https://xn--sj8hfl.y.at",12004,2687,"2011-03-16T05:27:25.000Z"
"972357708547440640",sokkkkaaa,"abhimanyu.eth | Epoch (Mainnet Arc) 🦇🔉 🛡️","https://pbs.twimg.com/profile_images/1764460990505078784/XxJBhzrs.jpg","Co-founder @0xepochprotocol, Prev - Co-founder - @walletslick (acquired), Blockchain Developer @availproject @SpheronFDN, Genisis @KERNEL0x block.","Pluto","",1111,1126,"2018-03-10T06:25:18.000Z"
"1551906920",laurentsifre,"Laurent Sifre","https://pbs.twimg.com/profile_images/1070753449065832448/dtw7pukr.jpg","Co-founder & CTO @hcompany_ai. Previously, research scientist @GoogleDeepMind - AlphaGo, AlphaFold, AlphaStar, Chinchilla, Gemini, Gemma.","","https://scholar.google.co.uk/citations?user=0kVh58wAAAAJ",3598,472,"2013-06-28T01:20:09.000Z"
"1538947065644036097",JohnnyPerkaus,"OJ Mayo (DevConnect)","https://pbs.twimg.com/profile_images/1726506646967296000/-XwLgWxd.jpg","Co-Founder @FindTheParagon shamelessly shilling, trading, and talking tokens in a city near you @debozos33 (tweets not endorsed by O.J. Mayo)","Manhattan, NY","http://paragon.exchange",1684,1857,"2022-06-20T18:09:19.000Z"
"164698046",TariqCherif,"Tariq","https://pbs.twimg.com/profile_images/1036723387312291840/oTS3m9Yi.jpg","@rollingloud Co-Founder/Co-CEO","Planes, trains, & automobiles","http://www.rollingloud.com",26819,619,"2010-07-09T14:36:05.000Z"
"221458836",theSamMorrow,"Sam Morrow","https://pbs.twimg.com/profile_images/1912419796336934912/SFw4tuAr.jpg","Co-Founder @MavrykNetwork | Ops @MavrykDynamics | Software Engineer & Chief Nerd @MavenFinanceDAO. Building the future of Open Finance and #DeFi","","",28622,856,"2010-11-30T18:38:35.000Z"
"1483498026912075788",real_0x,"Mo | Mayan","https://pbs.twimg.com/profile_images/1607204957937098758/fuQmjkoC.jpg","Founder @MayanFinance","","",657,286,"2022-01-18T17:54:35.000Z"
"1709381188538847232",_MichaelForge,"Crypt","https://pbs.twimg.com/profile_images/1717653258234155008/VgonAatb.jpg","","","",430,723,"2023-10-04T01:34:36.000Z"
"710858798",JulianLeitloff,"Julian Leitloff","https://pbs.twimg.com/profile_images/1543894151342788608/t8an27w6.jpg","Let’s build an open web 🌎 Co-founder @idos_network","Berlin","https://idos.network",7036,1098,"2012-07-22T15:35:29.000Z"
"28406518",mikeyp121,"Mikey Pearce","https://pbs.twimg.com/profile_images/1937788831585259520/qjoEjIg8.jpg","Co-Founder @gamblr_io ♥️♣️♦️","","https://www.instagram.com/mikeypearce_?igsh=MWdyNnpxaGtpc3pyMg%3D%3D&utm_source=qr",129263,898,"2009-04-02T19:57:39.000Z"
"961634710836432901",fuserleer,"Dan Hughes | Radix","https://pbs.twimg.com/profile_images/1768947561832808448/ZDn4ABWd.jpg","Founder of @radixdlt $xrd, technologist, petrol head and #bitcoin / #crypto #web3 evangelist.  Opinions and thoughts posted here are my own!","Null","https://www.radixdlt.com/",204692,896,"2018-02-08T16:15:56.000Z"
"1562116375",MikeSilagadze,"Mike Silagadze🛡","https://pbs.twimg.com/profile_images/1679988845171953666/21wndiIr.jpg","CEO @ether_fi, founder @TopHat","George Town, Cayman Islands","https://ether.fi",14163,516,"2013-07-02T03:21:36.000Z"
"1227240564531183616",alexxonly,"Alex Page ⚔️","https://pbs.twimg.com/profile_images/1957511629983150080/6Gjj82h5.jpg","Co-Founder and CEO of @nillion","The nilVerse","http://www.nillion.com",17557,967,"2020-02-11T14:38:54.000Z"
"17201709",bramcohen,"Bram Cohen🌱","https://pbs.twimg.com/profile_images/966106509384982528/P1KaWD_p.jpg","Founder and CTO @chia_project 

Back in the day created BitTorrent

For business and media enquiries mail hello@chia.net","San Francisco","https://chia.net/",100542,796,"2008-11-06T00:45:54.000Z"
"1480841335347236865",advait_jayant,"Advait (∇, ∇)","https://pbs.twimg.com/profile_images/1965019704604372992/DfVe0LAL.jpg","cso @opengradient ✦ prev: founder/ceo @peri_labs & @supersightxyz ✦ published ai @OReillyMedia ✦ phd @LBS","London, England","",12607,2033,"2022-01-11T10:01:25.000Z"
"242818718",BChillman,"Brandon Millman","https://pbs.twimg.com/profile_images/1758144123901804544/XnXohRiW.jpg","ceo / co-founder @phantom | ex-@0xProject, @twitter / @x","San Francisco, CA","",18650,1770,"2011-01-25T17:32:34.000Z"
"1958036016259796992",Wyvmon,"K0","https://pbs.twimg.com/profile_images/1958042097119895552/1qLkvVXc.jpg","Founder @GrailedGG, gamba enthusiast.","","https://www.grailed.gg",235,17,"2025-08-20T05:19:07.000Z"
"212263513",julianauxm,"JXM 🍵","https://pbs.twimg.com/profile_images/1969715666401062912/OW5R4T2s.jpg","CEO & Founder @DePINed_org | Product Advisor | Investor | Graduate Lecturer | “I don’t have a clue but I’m gonna figure out how to do it anyway.”","Canada","http://julianauxm.com",3472,772,"2010-11-05T16:00:37.000Z"
"2362854624",ethereumJoseph,"Joseph Lubin","https://pbs.twimg.com/profile_images/968150222760132608/Dzi20Mri.jpg","Co-founder of @ethereum | Founder of @Consensys | Chairman of @ConsensysMesh | Chairman of @SharpLinkGaming $SBET. Building on #ETH. Views expressed are my own.","Earth","http://consensys.io",391724,3491,"2014-02-26T15:44:09.000Z"
"39207995",paullinator,"Paul Puey","https://pbs.twimg.com/profile_images/1388613631256973323/2-2qm6AB.jpg","Keto since it wasn’t cool, wannabe rock climber, bitcoin, crypto, latte art. Previously @nvidia, Co-founder @EdgeWallet | FIO:paul@edge","🤡🌎","https://edge.app",12838,1681,"2009-05-11T06:52:11.000Z"
"4010920396",mv1_Davis,"Alex Davis","https://pbs.twimg.com/profile_images/1673309619043594244/-ipbf8IY.jpg","Founder of @MavrykNetwork | Former Chief Innovation Officer @Tezos MENA","","",47017,1210,"2015-10-21T17:04:55.000Z"
"847290053227290624",taggaOyl,"Tagga - Building Alkanes","https://pbs.twimg.com/profile_images/1914912696341839873/YxfpCraJ.jpg","Founder @OylWallet @SandshrewRPC - try the Oyl AMM  https://t.co/iQcr8fAjWk","Alkanes","https://alkanes.build",14497,3665,"2017-03-30T03:31:05.000Z"
"1475896887244996608",whoiskhal,"KHaL","https://pbs.twimg.com/profile_images/2003080403213602816/-u0eK7KP.jpg","Founder & CEO @ValanniaGame
@LaFamilia_so Member ☂️

A guy proposing new ideas for the Web 3 gaming ecosystem.","Eldorath","https://valannia.com/",1863,491,"2021-12-28T18:30:36.000Z"
"1770851649935880192",purrfect_pixels,"🟦 tara.base.eth","https://pbs.twimg.com/profile_images/1899058733952454656/OFDNSOss.jpg","Cat Town Villager #001 | Co-Founder @CatTownBase | @Base ambassador for Ireland | All opinions are my own  🌐 Start your journey at https://t.co/zjW4IivqZd","Onchain","https://linktr.ee/cattowntara",3756,1327,"2024-03-21T16:36:05.000Z"
"1864888482",_aditya_gautam,"adi","https://pbs.twimg.com/profile_images/1909333865858015232/wTSYBfNp.jpg","Co-Founder Turf network | Prev engineering lead @HP | Creating, developing, and building remarkable products from scratch is my forte.","Mars","https://www.turf.network",1378,540,"2013-09-14T20:39:54.000Z"
"2887159162",DenitzaPropy,"Denitza.eth","https://pbs.twimg.com/profile_images/1198444502702116864/nCYAjWZL.jpg","Co-founder of @PropyInc. Mother of 3. Writing about tech, life, and meaning.   #F30U30 Subscribe: https://t.co/kCUhCdgOoi","","http://www.propy.com",1119,576,"2014-11-21T17:58:24.000Z"
"1357156312002555907",BurntBanksy,"Burnt Banksy","https://pbs.twimg.com/profile_images/1978187134600183809/qGCyVGi-.jpg","founder of @burnt_xion. I burned a banksy and myself","Burnt ","https://linktr.ee/Burnt_",13143,636,"2021-02-04T02:37:51.000Z"
"1749255314074128384",bonkman22,"bonk 🐰","https://pbs.twimg.com/profile_images/1978159350637010945/hxJDJz-o.jpg","founder @hopexchange @suipay","","",3113,336,"2024-01-22T02:19:33.000Z"
"1893396369248821249",HedgehogQuill,"Quill Hedgehog","https://pbs.twimg.com/profile_images/1940860114908405760/ROOVy7k6.jpg","Founder of @quillsadventure","","http://quills.fun",2613,138,"2025-02-22T20:24:18.000Z"
"1431173725760720896",rebel_defi,"Rebel Defi","https://pbs.twimg.com/profile_images/1919637947931828224/b5cRcI1E.jpg","Co-founder @superbolt_wtf 🌩️ Flagship NFTFi platform now LIVE on @neutron_org","interchain","https://www.youtube.com/c/RebelDefi",11660,1923,"2021-08-27T08:36:50.000Z"
"2165282880",Jake_Nyquist,"Jake Nyquist","https://pbs.twimg.com/profile_images/1815477591387590657/S3Dt0Nyo.jpg","protocol @Calderaxyz. prev. founder @HookProtocol","New York, NY","https://jobs.ashbyhq.com/Caldera",1757,669,"2013-10-30T18:45:44.000Z"
"186818754",ma2bd,"Mathieu Baudet","https://pbs.twimg.com/profile_images/378800000469498254/0186fc879da22f424d3a99c77ed10051.jpeg","Founder at @linera_io, the first blockchain infrastructure based on microchains. Former researcher & engineer at @novi, @meta, @anssi_fr","San Francisco, CA","",219980,1136,"2010-09-04T13:59:39.000Z"
"211464749",rooqster,"farooq 🌧","https://pbs.twimg.com/profile_images/1534288855460978688/wcRjZRnk.png","co-founder @raincards // weather system still developing","the ever bubbling nihari pot","https://fhmalik.com",1966,1519,"2010-11-03T10:10:59.000Z"
"158472074",jota_06,"Tonng Chen#EllipalTitan","https://pbs.twimg.com/profile_images/3564496564/6bef1a90aca9a0028f236bf9da59abba.jpeg","Senior Software Engineer & Developer @EllipalWallet | COO & Co Founder Ellipal Wallet | Leader of Air-gapped Cold Wallet | 100% offline non-custodia wallet","Titan","",2026,76,"2010-06-22T20:02:05.000Z"
"1445786513128624131",_smkotaro,"kotaro 🤖","https://pbs.twimg.com/profile_images/2005863240266313728/OImx7n_t.jpg","Robot Overlord Λ / Co-Founder & Creative Director, @_StudioMirai @_MiraiMart, Optimist Prime @SuiNetwork, Shiller @CodaNetwork, Card Hodler @Pokemon","JAPAN | USA","http://discord.gg/studiomirai",15319,753,"2021-10-06T16:22:29.000Z"
"737411018226294784",Daeshawn,"Daeshawn.sol | Shaga.xyz","https://pbs.twimg.com/profile_images/1596183002316697601/kSSB1tzt.jpg","Co-Founder @playonshaga | Gamer | ex: Product @Metaplex | Nehemiah 6:3 | Built: @libertycaplabs, @developer_dao | MIP-8 Author | @techstars mentor","Baltimore, MD","http://dm.new/db",10958,2215,"2016-05-30T22:31:02.000Z"
"1356386110847377408",0xfoobar,"foobar/","https://pbs.twimg.com/profile_images/1951063796581289984/uyQoPVmS.png","Founder @selvlabs","➡️","http://0xfoobar.substack.com",179626,2511,"2021-02-01T23:38:34.000Z"
"50255591",behrin,"Behrin","https://pbs.twimg.com/profile_images/1941470175301128192/FC-wphHJ.jpg","Founder @neutrl | billionaire bankers to defi degens | prev @jpmorgan, @pwc, @lbs","neutrl","https://www.neutrl.fi",4074,1268,"2009-06-24T08:48:55.000Z"
"555358679",jmjustinmyers,"⚔️Jman|BarbarianInk⚔️","https://pbs.twimg.com/profile_images/1962959144383582208/jPsFiksn.jpg","Co-Founder BarbarianINK
@Barbarian_INK

@SilkSuiteDEX Marketer 

Pro Trader No I Don't LARP

My opinions? NEVER financial advice. DYOR

Hbar.ℏ","Valhalla w/$BTC","",2036,644,"2012-04-16T19:22:34.000Z"
"30167048",Bmulligan56,"Brennan","https://pbs.twimg.com/profile_images/1635831329563504642/HUsFxftN.jpg","Co-founder @Shodai_Network | General Manager @SuperRare Foundation |  @Kernel0x Mentor | How can wiser systems cultivate wiser people, and vice versa?","","",401,527,"2009-04-10T05:10:27.000Z"
"952921795316912133",StaniKulechov,"Stani.eth","https://pbs.twimg.com/profile_images/1980627311545253888/CG5sIYHu.jpg","Founder & CEO @Aave","","http://aave.com",282127,5515,"2018-01-15T15:13:55.000Z"
"2414580907",pauliepunt,"Paul","https://pbs.twimg.com/profile_images/1972599800726962176/EE-VRh_t.jpg","Founder @Plasma 🕊️","","",18748,1992,"2014-03-27T15:55:01.000Z"
"992913933228003329",IttaiSvidler,"Ittai Svidler ❤️‍🔥","https://pbs.twimg.com/profile_images/1874630988971569152/iS2DcUaZ.jpg","vim hotkey advocate / co-founder @OnChainDen / guardian @safe","New York, NY","https://onchainden.com",3460,1061,"2018-05-05T23:48:23.000Z"
"157441853",Zulakyz,"Zula 🐼","https://pbs.twimg.com/profile_images/1987863334784303104/iazkjQDM.jpg","Co-founder @100diasdeR #100DiasDeResearch 💯 | Collab Zcash blog @zcashesp🛡️ | ex @genesyschain","Venezuela","https://beacons.ai/zulakyz",895,669,"2010-06-19T20:49:02.000Z"
"875546338401931265",RosuGrigore,"Grigore Rosu","https://pbs.twimg.com/profile_images/1971741599341101056/ODMT2zoZ.jpg","Founder & CEO @PiSquared, building Web3 infra beyond blockchains | Founder @rv_inc | Professor UIUC @siebelschool | Creator of K Framework | Formerly @NASA","Champaign, IL","http://fsl.cs.illinois.edu/grosu",16123,811,"2017-06-16T02:51:28.000Z"
"8012162",Zega,"Zega","https://pbs.twimg.com/profile_images/1856297966463578113/rQVBDk_c.jpg","Founder @rivalz_ai /
On the path to the Age of Intelligence","Rome","https://rivalz.ai/",826,77,"2007-08-07T04:16:38.000Z"
"2321736444",notorious_VB,"vivekb.eth | w.ai","https://pbs.twimg.com/profile_images/1514346377727279108/pdO9qW96.png","co-founder @WOMBO 200M+ downloads | e/acc | web 🌲","Los Angeles, CA","https://globalsuper.computer",873,2261,"2014-02-01T04:07:30.000Z"
"957716990768111617",16bitApex,"16-Bit Apex 🟡","https://pbs.twimg.com/profile_images/1988255191787782144/se40bCeU.jpg","I didnt choose the 16bit life, the 16bit life choose me!

Founder of @moonshotboxes
Co-Owner @Gallaxia
Co-Founder @asterbuild

Not a place for Financial Advice","","http://www.moonshotboxes.com",45206,1474,"2018-01-28T20:48:18.000Z"
"1369261345284255752",dav1dbtc,"dav1d.btc","https://pbs.twimg.com/profile_images/1785582897455349760/NoW9M25s.jpg","CEO & Co-Founder @Ducatstable","London","",5853,6686,"2021-03-09T12:18:51.000Z"
"410963515",b1ackd0g,"Sam Blackshear","https://pbs.twimg.com/profile_images/1937577352890093568/RlTIsmc7.jpg","Co-founder/CTO of @Mysten_Labs working on @SuiNetwork, @WalrusProtocol. Creator of Move lang, ex devtools @Meta. Obsessed w/ interoperability + compositionality","San Francisco, CA","",22515,1048,"2011-11-12T20:24:01.000Z"
"513109419",im_mkx,"mkx","https://pbs.twimg.com/profile_images/1988621592239415297/ntfNr9Sl.jpg","founder @TollanUniverse","tollan","http://tollan.io",5605,3752,"2012-03-03T12:14:57.000Z"
"1447885704789385224",jambutties,"Charlie Rogers ⚔️🏰","https://pbs.twimg.com/profile_images/2003057237900546048/GuCcUGbo.jpg","CMO @nillion | Founder @wearebloopers","","",15602,1170,"2021-10-12T11:25:08.000Z"
"1438421532510986241",SpikePersona,"Spike","https://pbs.twimg.com/profile_images/1897244164649107456/HX9tTGuc.jpg","Founder & Creative Director @Persona_Journey | $UNA","Timefall Valley","https://personajourney.io/",243348,3872,"2021-09-16T08:36:47.000Z"
"15168247",PavolRusnak,"Pavol Rusnak","https://pbs.twimg.com/profile_images/1994109932614950912/Q49y0c6s.jpg","✊ Strengthening individual power and independence • Co-Founder @SatoshiLabs = {@Trezor, @TropicSquare, @Vexl, @Invity_io} • #FOSS #AI #Cypherpunk #Bitcoin","Internet","https://satoshilabs.com",23214,668,"2008-06-19T11:26:07.000Z"
"1071200045570101248",ColeGotTweets,"Cole Kennelly","https://pbs.twimg.com/profile_images/1842385066015522816/-b_djaUs.jpg","Founder & CEO @volmexfinance Labs, building leading crypto volatility and rates indices. $BVIV $EVIV $SVIV $BVPR $BDLR","New York, USA","http://volmex.finance",14794,9969,"2018-12-08T00:29:27.000Z"
"83737761",cyberpunk,"BEN.ZZZ","https://pbs.twimg.com/profile_images/1900542793048571904/o7NUjg2_.jpg","building degen gaming experiences.
founder @playcambria @playdegenarena","New Cambria","http://cambria.gg",11255,8104,"2009-10-20T01:20:31.000Z"
"1087227438860386306",BenMRogers,"Ben - Vaasblock.com","https://pbs.twimg.com/profile_images/1910420218226368512/XF1v5HQ0.jpg","Contributor @VaaSBlock | Cinephile"," 🇰🇷 🇸🇬 🇦🇺 🇦🇪 🇺🇿","https://www.vaasblock.com",2026,307,"2019-01-21T05:56:35.000Z"
"1462957339300925443",Christianeth,"Christian (Building @0xinfini)","https://pbs.twimg.com/profile_images/1894561803939844098/ujnP_69d.jpg","Founder @0xinfini

“All in Crypto to achieve common prosperity”","Hong Kong","",55883,1492,"2021-11-23T01:33:11.000Z"
"1315733504827719681",tokensaler,"Mark X","https://pbs.twimg.com/profile_images/1757383586498441216/FUcg-6jU.jpg","Co-founder/CBDO of @eesee_io & @labTrade_, Listing & Marketing Advisor, 2000+ KOLs Network Worldwide","Dubai, United Arab Emirates","https://eesee.io",16757,713,"2020-10-12T19:18:31.000Z"
"2509387159",ashen_one,"ashen","https://pbs.twimg.com/profile_images/1996636026547396608/llhGMSPu.jpg","crypto + vibe coding content | founder @telagacharity (plz donate) | https://t.co/w0NNWToaEA | highlights 4 content ↓ |","sub 2 me →","https://www.youtube.com/@ashenonesol?sub_confirmation=1",46005,8876,"2014-05-20T05:25:28.000Z"
"1384063783623020549",Dmon_slyer,"Demon Slayer","https://pbs.twimg.com/profile_images/1760765543844401152/yAgwiNkT.jpg","BuildAI 🌐 (Founder)","South Africa","",311,412,"2021-04-19T08:38:38.000Z"
"88839155",annastoic,"Anna Stoilova 🎮","https://pbs.twimg.com/profile_images/1675926414267129864/ZonhrBvH.png","Co-Founder at @rogues_studio, the 🎮 studio behind @playoutmine | LinkedIn Top Voice | I share insights on web3 gaming & startups","Best web3 game ➡️","http://rogues.studio",2727,1392,"2009-11-10T03:19:37.000Z"
"427677607",chrismaurice,"Chris Maurice⚜️","https://pbs.twimg.com/profile_images/1836079590176935940/XFo-0oJw.jpg","Co-Founder/CEO @YellowCard_App | Talk to me about Bitcoin, Africa, and Football | Louisiana-bred","","https://yellowcard.io",4775,1267,"2011-12-03T20:48:54.000Z"
"1103233040162086912",circle_crypto,"Aztec LitVM Seer🔥","https://pbs.twimg.com/profile_images/2003620435947323394/u9HHUA1h.jpg","@LitecoinVM Co-founder 

CSO at @LunarAssets

Co-host of The Aggregated","Arise Chikun City","https://www.youtube.com/c/CryptoSecretCircle",15917,4080,"2019-03-06T09:57:08.000Z"
"59769333",sameepsi,"Sameep Singhania","https://pbs.twimg.com/profile_images/1725363190396301312/nLTdv_tt.jpg","Founder @kalqix | Founder @QuickSwapDex | Big time Ethereum fan","New Delhi, India","https://quickswap.exchange",2467,556,"2009-07-24T12:28:45.000Z"
"3235769978",k3mmio,"kemmio","https://pbs.twimg.com/profile_images/1715738765262573568/yi9Pjbpb.jpg","Сo-Founder & CTO @hexensio @xyz_remedy | CTF @ MSLC | blockchain/web/pwn","","http://hexens.io",1324,529,"2015-06-04T06:34:39.000Z"
"1081436618937036800",0xDith,"Dith","https://pbs.twimg.com/profile_images/1899909250731720704/XnNtG1gL.jpg","GTM maxi, founder @playgigaverse @GLHFers, prev @stripe.

Investing onchain @pyloncapital.","Blockchain","",117206,1974,"2019-01-05T06:25:56.000Z"
"1582752423533314051",jg_xyz_,"jg_xyz","https://pbs.twimg.com/profile_images/1755920099712618496/ne-Vk1fh.jpg","DeFi Exec | Crypto ↔ Wall St  |  2x Founder","You Are Here","http://jgxyz.com/",3044,2441,"2022-10-19T15:16:05.000Z"
"126134040",barbaraliau,"basedbarbara (liau.near | .eth)","https://pbs.twimg.com/profile_images/1513739291922677762/0q1mOa8F.jpg","founder & COO @nomadxyz_ 🦂. 🐶🐶 dogmom, tacotrucker, amateur² mma fighter. @vuejs fangirl. addicted to 👓. Past lives: founder: Summa (acq). eng: Storj, Celo","Utah","",1339,1146,"2010-03-24T23:09:50.000Z"
"1072720633",schenkty,"Ty","https://pbs.twimg.com/profile_images/1956171318887374856/M6vSAYN0.jpg","Founder $KTA @KeetaNetwork - opinions are my own","Miami, FL","http://keeta.com",10623,551,"2013-01-09T03:28:14.000Z"
"793591950",AntMichon,"Antoine Michon","https://pbs.twimg.com/profile_images/1391313282162741252/eSrnHUT7.jpg","Co-Founder @spiko_finance - Tech, economics and public policies - former advisor on digital transformation to @GouvernementFR","Paris, France","https://www.linkedin.com/in/antoine-michon/",447,663,"2012-08-31T10:46:42.000Z"
"1440583075730059265",MOLYA_crypto,"MOLYA | もりや | Bitcoin","https://pbs.twimg.com/profile_images/1920123367782559744/HUNyUTRU.jpg","Founder C2 | Ambassador @oasyschain | exCoFounder @JGG_Community | 
仮想通貨, ビットコイン, Web3ゲーム最新情報発信 | 
講義歴: ブロックチェーンゲームの歴史と展望","DM for collab🇯🇵JPN Marketing","https://discord.gg/WSuYR3DB3R",13149,1421,"2021-09-22T07:45:56.000Z"
"3428530816",sebaudet26,"seb ⚡️","https://pbs.twimg.com/profile_images/1826703052658683911/WoAfwqYv.jpg","Onchain maxi ⛓️⚡️co-founder @zapper_fi, hypertext artist","Montréal, Québec","https://linktr.ee/sebaudet26",25469,2519,"2015-08-17T17:07:55.000Z"
"1613260576024567829",Frens_Factory,"Frens Factory","https://pbs.twimg.com/profile_images/1749156408925302784/c4F0hKxU.jpg","FRENSHIP https://t.co/IX2a0YmU6I | Founder @Benksy | Art by @BatunosOfficial | Co-Founder @XGinsu |","Solana","https://hub.xyz/frens-factory",10330,694,"2023-01-11T19:44:49.000Z"
"787784121166733312",juliankoh,"Julian 🤹","https://pbs.twimg.com/profile_images/1562718165800325120/8Hf4SCoQ.jpg","co-founder @aevoxyz (fka @ribbonfinance)","singapore ","https://aevo.xyz/",15296,1230,"2016-10-16T22:35:45.000Z"
"21740446",Deor,"deor","https://pbs.twimg.com/profile_images/1515454382015455233/AqP_YnuO.jpg","past founder of module (acq), now building @RelayProtocol | doing nothing at @raynlabs | https://t.co/viKjugaOCy","","https://deor.app",4807,2779,"2009-02-24T09:11:00.000Z"
"1505562028878053382",lmc_security,"Lucas Martin Calderon","https://pbs.twimg.com/profile_images/1692145476718481408/F-dLnK0H.jpg","founder of @kash_bot | prediction market trader | supernova talent | served time at hedge fund","London, England","",2965,849,"2022-03-20T15:09:27.000Z"
"956763283767271425",jp_mullin888,"JP Mullin (🕉, 🏘️)","https://pbs.twimg.com/profile_images/1882291265238368257/DckV1Mbw.jpg","CEO & Founder @MANTRA_Chain 🫡🕉️ | $OM | Building THE L1 for Real World Assets | Likes/RTs != endorsement 🫡","","http://www.mantrachain.io",170511,11565,"2018-01-26T05:38:37.000Z"
"565865827",WillPapper,"Will Papper ✺","https://pbs.twimg.com/profile_images/1648566685195210755/-IAXpusi.jpg","Co-founder of @Syndicateio. Prev Philosophy @Stanford. ETH since the 2014 presale. Tweets about appchains + rollups. Creator of $AGLD, Core @ConstitutionDAO","will@syndicate.io","https://syndicate.io/",23816,2310,"2012-04-29T00:54:30.000Z"
"35681025",louiseivanvp,"Louise Ivan | CEO at Ryder","https://pbs.twimg.com/profile_images/1996345778478944256/Q4Gj5CID.jpg","Co-Founder @Ryder_ID Building a crypto consumer hardware company | Sharing the entire journey and everything in between | Backed by Tim Draper | ex-Stacks","Amsterdam 🇳🇱","http://louiseivan.com/",8338,2271,"2009-04-27T05:34:42.000Z"
"52626737",DiegoMey,"diegomey.btc","https://pbs.twimg.com/profile_images/1911973942656397312/QJxau1fy.jpg","Founder / Building on BTC @Bitflow 🌊 🚀  🛡️ ForgeStop 🧭 Bussola 🟧  web3 for all @citypacksnft","","",13406,1532,"2009-07-01T04:00:10.000Z"
"140503521",burkaygur,"Burkay Gur","https://pbs.twimg.com/profile_images/1938279390737276928/G9oTncIl.jpg","Co-founder at @fal. Previously @coinbase, @MIT_CSAIL","🌁","https://github.com/fal-ai/fal",6370,2278,"2010-05-05T17:19:00.000Z"
"353197310",amrix_j,"Amrix 🧙🏽‍♂️","https://pbs.twimg.com/profile_images/1986172162949201920/r1r-_H0-.jpg","23 y/o founder @KarmaWallet | Web3 Finance","On-chain","https://www.youtube.com/@amrix.j",2332,380,"2011-08-11T18:07:03.000Z"
"1347307079187525637",MitchellAmador,"Mitchell Amador","https://pbs.twimg.com/profile_images/1666404270483161088/XVPYqoKF.jpg","Founder @immunefi, writing at https://t.co/T445RYMWB5","Lisbon, Portugal","",4980,595,"2021-01-07T22:22:03.000Z"
"897339924",yashjhade,"yash","https://pbs.twimg.com/profile_images/1895147425557348357/pSLLJZrg.jpg","founder @brightside_gg and @juicy_ag","mushroom world","",7168,2549,"2012-10-22T11:19:14.000Z"
"1915265421315629058",TrancheVest,"TrancheVest ®","https://pbs.twimg.com/profile_images/1917297067036401664/5KJNYOGn.png","A Protective Shield for Emotional Investors! An Intelligent Hedge Fund, 24/7

🟩 @GreenTranche 🟦 @BlueTranche_ ⬛ @GrowthTranche 

Founder: @Goggi_X","Solana","http://tranchevest.com",779,157,"2025-04-24T04:44:08.000Z"
"762348104943300609",buda_kyiv,"Dyma Budorin 🇺🇦","https://pbs.twimg.com/profile_images/1633211046046334978/AJSy07wJ.jpg","$HAI Group CEO / Co-Founder & Chairman @hackenclub web3 transparency & accountability maxi. Ukraine will win #CCSSA #ACCA","Abu Dhabi","http://hacken.io",26117,552,"2016-08-07T18:02:06.000Z"
"102016704",gorkem,"Gorkem Yurtseven","https://pbs.twimg.com/profile_images/1992333857606025216/VhXecdQs.jpg","co-founder @fal, Generative Media.","🌁","http://fal.ai",6815,1791,"2010-01-05T09:44:25.000Z"
"1547374653835857921",rckprtr,"rick","https://pbs.twimg.com/profile_images/1725325389365710848/Y8Nw3o9n.png","","Portland, OR","http://dscvr.one",2542,644,"2022-07-14T00:17:27.000Z"
"269745323",0xkhoa,"khoa.eth","https://pbs.twimg.com/profile_images/1594070381345746944/q_HWaz_P.png","","NYC","http://khoa.com",887,2606,"2011-03-21T11:16:16.000Z"
"955945007898341376",Omar_Shakeeb,"Omar Shakeeb | OSAZ | 🦇🔊","https://pbs.twimg.com/profile_images/1836219460958769152/M17nS7wd.jpg","co-founder & BD: @Second_Lane (Secondary Markets)","Europe","",1204,350,"2018-01-23T23:27:05.000Z"
"1168957860182519808",dylan_,"dylan.btc","https://pbs.twimg.com/profile_images/1980135691100049408/gXIhPGI5.jpg","Expanding Bitcoin Markets at @Bitflow (co-founder); OMSCS ‘20 🐝;","Atlanta, GA","http://bitflow.finance",13998,2820,"2019-09-03T18:44:24.000Z"
"315490172",david_enim,"David Minarsch ☴","https://pbs.twimg.com/profile_images/1591186056006799360/pBWkVStm.jpg","Co-founder at @valoryag + builder at @autonolas + creator of @aea_dev | Pushing the autonomous edge","London","http://davidminarsch.github.io",3980,1485,"2011-06-11T23:42:13.000Z"
"13511952",avanessacaldas,"Vanessa Caldas","https://pbs.twimg.com/profile_images/1973461518420197376/yVo-Yrq2.jpg","co-founder @gotasofficial 
founder do @commerceexp
building @voxinsightsbr","Lisboa, Portugal","",1088,400,"2008-02-15T11:35:46.000Z"
"1353614867454959621",CSimmchen,"Christoph Simmchen","https://pbs.twimg.com/profile_images/1546814714885406720/6QaDio-h.jpg","co-founder @safe | views are mine ≠ legal advice","","",1193,114,"2021-01-25T08:05:22.000Z"
"4486182795",itsjasdhillon,"Jasvir Dhillon","https://pbs.twimg.com/profile_images/1724769774394040320/O80VM-cT.jpg","Co-founder @penomoprotocol. Bringing renewable RWA to institutional wallets and DePIN communities.","Berlin","https://penomo.com",278,113,"2015-12-14T23:53:13.000Z"
"5413402",bonafidehan,"bonafidehan.eth ⚫","https://pbs.twimg.com/profile_images/1996085237462224896/1_DkJ0wB.jpg","it's time to build the NFT economy. host of https://t.co/FJ5ZlFOVhc, founder of @0xDecaArt and @Shape_L2. part of @6529capital","","http://bonafides.xyz",25528,3172,"2007-04-22T22:36:02.000Z"
"1625106159429423105",paramonoww,"Pavel Paramonov","https://pbs.twimg.com/profile_images/1962912955235811328/cpFGCMmS.jpg","founder @hazeflow_xyz","more info →","https://bento.me/prmnww",6156,71,"2023-02-13T12:14:44.000Z"
"480645810",richajoshi,"Richa | Push","https://pbs.twimg.com/profile_images/1608189782227668994/nELJ1Jpe.jpg","Co-founder @PushChain Build & Deploy once, onboard users from any chain 🦇 🔊","","https://push.org/",6478,1468,"2012-02-01T18:44:04.000Z"
"808624583037349888",0xboogie,"boogie","https://pbs.twimg.com/profile_images/1948519911279775744/LRbUi8E0.jpg","co-founder & CEO @bonkbot_io","","https://app.telemetry.io/@james",2154,2284,"2016-12-13T10:48:18.000Z"
"1144116025",RainFire09,"Rainfire.btc","https://pbs.twimg.com/profile_images/1719707149025083392/X-quBEE2.jpg","Co-Founder and CEO @VelarBTC. Building user facing DeFi Infra with Bitcoin Finality. Advisor @terasurge","Dubai","https://velar.com/",5946,827,"2013-02-03T03:46:06.000Z"
"1458735574068649986",SanteriAramo,"Santeri Aramo","https://pbs.twimg.com/profile_images/1578481122845114368/vq_MvkSy.jpg","Co-Founder @auki | Building AI that sees the world 🌍 | Unlocking sovereign AI for everyone 🔑","Edge of Silicon & Steel","",1416,818,"2021-11-11T09:57:38.000Z"
"1257970240643911680",esadyusufatik,"Esad Yusuf Atik","https://pbs.twimg.com/profile_images/1906805802972676096/eXvX01K9.jpg","Co-Founder & CTO @chainway_xyz | scaling bitcoin | building @citrea_xyz | ordinals maxi","","",1546,805,"2020-05-06T09:48:45.000Z"
"1288237290578497536",JRL0000,"Josh","https://pbs.twimg.com/profile_images/1904179347134808064/cywj-o_E.jpg","co-founder @OverdraftX; lodger @homeDAO","Oxford, England","",432,193,"2020-07-28T22:18:08.000Z"
"619916463",PaulRBerg,"Paul Razvan Berg","https://pbs.twimg.com/profile_images/1801541513131827200/HTWY7kFz.jpg","Co-founder and CEO @Sablier. Open-source developer. I have a broad range of interests, including longevity, epistemology, physics, and psychology.","Romania","https://sablier.com",20889,1495,"2012-06-27T09:27:15.000Z"
"948677378028355584",defivas,"DeFi Vas","https://pbs.twimg.com/profile_images/1742571184783335425/9eeLd3lX.jpg","Founder @Velvet_Capital & @VU_Virtuals - DeFAI maxi","onchain","https://velvet.capital",7793,5776,"2018-01-03T22:08:07.000Z"
"1346379746175836161",manzgoeggel,"Manzgoeggel","https://pbs.twimg.com/profile_images/1892116802060099584/gwLr2b4b.jpg","Co-Founder &  COO @Arcium | building trustless confidential computing with cryptography and distributed systems | DeCC | mpc/acc☂️","Zug, Switzerland","https://arcium.com",1873,252,"2021-01-05T08:55:30.000Z"
"2459419664",LFC_EB,"EB @ Vybe","https://pbs.twimg.com/profile_images/1702891487850344448/9vQpxRWY.jpg","COO/Co-Founder @Vybe_Network on @solana || Vybe Validator || Big @LFC fan

 YNWA COYBIG https://t.co/2d1g1GDP3A","Vancouver","",538,1696,"2014-04-23T08:39:19.000Z"
"827547912984989696",remi_gai,"Remi ☁️","https://pbs.twimg.com/profile_images/1937183096563982340/okHbj6uk.jpg","Founder of @inconetwork ☁️ full-stack privacy for blockchains ☁️ | DM open to builders | 🇫🇷🇨🇳🇺🇸","New York, USA","",3279,2393,"2017-02-03T16:02:52.000Z"
"159302443",andre_brener,"Andre Brener","https://pbs.twimg.com/profile_images/1390682384362876932/ml83xrto.jpg","Co-founder @KuyenLabs | ⚡ building the future of marketing by contributing to @fuul_xyz | ⚽️🏀♟️","Buenos Aires, Argentina","",937,733,"2010-06-25T00:59:18.000Z"
"2851492454",ajayprashanth36,"ajayprashanth.nft","https://pbs.twimg.com/profile_images/1643951446449348609/Iodx170k.jpg","Co-Founder & Head of Ecosystem Growth | @bitscrunch Backed by @cbventures @cryptocom @animocabrands @0xpolygon @chainlink Partnered @mastercard","Munich, Germany","http://bitscrunch.com",967,2569,"2014-10-11T04:33:31.000Z"
"915609529",sgoldfed,"Steven Goldfeder","https://pbs.twimg.com/profile_images/1975673532689387520/ByWi1yC-.jpg","Co-founder @OffchainLabs contributing to @arbitrum. Postdoc @cornell_tech/@initc3org. PhD @PrincetonCS.","New York, NY","http://stevengoldfeder.com/",37243,939,"2012-10-30T22:11:09.000Z"
"254809616",ernopp,"Ernest Oppetit","https://pbs.twimg.com/profile_images/1421936642496028675/B-39qrNh.jpg","Co-founder & CPO @Kiln_finance. Veni, Vidi, Twitti. 🕊️","","https://ernest.oppet.it/",2774,2015,"2011-02-20T02:02:36.000Z"
"2189541",starkness,"elizabeth stark ⚡","https://pbs.twimg.com/profile_images/1974819036/stark.4.jpg","big fan of the internet. like building things. ceo/founder @lightning labs, fellow @coincenter. taught @stanford + @yalelawtech. #bitcoin","brooklyn","",149722,420,"2007-03-25T17:11:00.000Z"
"479949139",0xPaella,"carlos juar.eth 🦅","https://pbs.twimg.com/profile_images/1851720757526548480/9vvTYPaX.jpg","CTO @AragonProject & satellite @nounsdao || Former @Guesser🔮 co-founder, acquired by @gemini","Marina D’Or","https://juar.es",1883,2268,"2012-01-31T23:28:48.000Z"
"939749639053381632",theblockstalk,"Jack and the Blockstalk","https://pbs.twimg.com/profile_images/939793082379145216/7SWtFYFX.jpg","CEO @tonomyIO 🆔decentralized identity
Co-Founder @TonomyF 🇳🇱

Opinions are my own.

#society #architecture 🏛️ #identity 🕵️‍♂️ #governance 📊 #philosophy 🤔","Amsterdam, Netherlands","https://jackandtheblockstalk.com",908,945,"2017-12-10T06:52:28.000Z"
"15933170",stefaanweb3,"Stefaan Vervaet","https://pbs.twimg.com/profile_images/1599613358344491015/zvajgVod.jpg","CEO & co-founder at @akavenetwork, a data layer enabling onchain data lakes | Filecoin Ecosystem | Co-founder of https://t.co/anoS0LDW9k | DePIN | Protocol Labs","Puerto Rico, USA","http://akave.ai",2613,1430,"2008-08-21T16:24:09.000Z"
"1527806202",spencernoon,"Spencer Noon 🕛","https://pbs.twimg.com/profile_images/1765778485354643456/EfdOl5hs.png","🔍 Founder @OurNetwork__
👼 Crypto Angel Investor","","",117887,162,"2013-06-18T13:47:48.000Z"
"1161333950",AlexWearn,"Alex Wearn","https://pbs.twimg.com/profile_images/1755617961509797888/rv02_A6y.jpg","Co-Founder & CEO of @kumadotbid (formerly @idexio).","","http://kuma.bid",3837,1114,"2013-02-08T22:02:01.000Z"
"1513299443600269317",_jhunsaker,"James","https://pbs.twimg.com/profile_images/2004772531014606848/WoHcjiBu.jpg","co-founder @monad and @category_xyz

james.nad / hunsaker.eth","NYC","",124974,1135,"2022-04-10T23:35:14.000Z"
"1023751727210618880",Jeffthedogyo,"Jeffrey","https://pbs.twimg.com/profile_images/1907376292909215745/si1aujKA.jpg","Patience.
Founder & Intern @r2yield. 
Food. Tennis. Gym. Repeat.
Still makes my own coffee ☕️
Never ever ever give up. Things will work out just fine.","Barcelona","https://www.r2.money/",31879,1311,"2018-07-30T02:06:46.000Z"
"1795941898357501952",RoyalF00l,"Royal Fool 🏛️","https://pbs.twimg.com/profile_images/1824465741275443201/z8ADH-hX.jpg","CEO + Co-Founder @templarprotocol 🏛️

Secret Lovechild of Diogenes and Plato","Noosphere","https://www.templarfi.org/",415,179,"2024-05-29T22:15:14.000Z"
"2673399343",0xjoon_,"Joon","https://pbs.twimg.com/profile_images/1588548025022296066/9gnd0GAM.jpg","co-founder @milky_way_zone","Bouncing around 🇦🇷🇰🇷","https://app.milkyway.zone/",4684,1425,"2014-07-23T10:48:26.000Z"
"1163778214885351424",xiao_zcloak,"0xFrancis","https://pbs.twimg.com/profile_images/1617091360980598784/uXwg8MGU.jpg","Founder of @zCloakNetwork

The First On-Chain Bank: https://t.co/koQNsNgcQV

Vlying in the decentralized Internet @vlyai.

Teaching Web3 in @NUSingapore.","Singapore","https://zcloak.network",10831,1700,"2019-08-20T11:42:15.000Z"
"3368783219",IdeaMikk,"Mike (Smoothie)","https://pbs.twimg.com/profile_images/1968260517710999552/3DXFESyl.jpg","- @smoothietrade - Two exits in non-crypto - Co-founder of two iGaming affiliate companies","","https://smoothie.fun/",702,617,"2015-07-10T05:59:33.000Z"
"1676260388835405825",x_professorx,"Professor 𝕏","https://pbs.twimg.com/profile_images/1761154356324298753/BacDhLzL.jpg","Betting everything on web 3 and pretending it's a job.

@TheWoomiesNFT Co-Founder // @trusty_fi Ambassador  🚀","𝕏 headquarter","",1875,2472,"2023-07-04T16:03:36.000Z"
"1567418827008520193",PepWorldo,"Patrick | Merkle 🍀","https://pbs.twimg.com/profile_images/1614918042391318529/LKt74bm9.jpg","High Leveraged Perpetual DEX | co-founder of @Merkle_Trade | #Aptos #Perp #DEX #Crypto #DeFi","","",955,1607,"2022-09-07T07:45:55.000Z"
"1195431522637090816",yogesh_kadiyala,"Yogi Kadiyala","https://pbs.twimg.com/profile_images/1195432257600806913/6HZjLNXj.png","Coder/Entrepreneur | Co-Founder/CTO @GO10XTS | Founding Member @conduit_network | import Views as Personal","Austin, TX","",110,177,"2019-11-15T20:01:10.000Z"
"3593155515",sinankoc__,"Sinan Koc","https://pbs.twimg.com/profile_images/998437232548573184/ppRi-Esx.jpg","Co-Founder @piku_dao @BiLira_Kripto | Ex @Consensys @Wharton","","http://bilira.co",1718,1925,"2015-09-09T01:04:46.000Z"
"1425499710731735042",trevorchedda,"TrevorChedda","https://pbs.twimg.com/profile_images/1965308888456019968/kDrl2BLU.jpg","Co-Founder / CTO @quickscope_gg","","",403,1613,"2021-08-11T16:50:03.000Z"
"16364898",amandaterry,"Amanda Terry","https://pbs.twimg.com/profile_images/1613179490045239296/cHjYFkDQ.jpg","Co-Founder & COO @OnChainMonkey, Bitcoin’s 1st 10K Ordinals Collection🥇& @osura_com 🐵🟧 Co-Founder & GP @ACTAIVentures 🌱 Community is everything!🔥","","https://linktr.ee/amandaocm",15715,6779,"2008-09-19T15:49:40.000Z"
"1364222165084733440",Scott_eth,"Scott","https://pbs.twimg.com/profile_images/1961086975303139328/fvMv2zDe.jpg","founder @sharedotxyz | what's happening in financial markets

founded @geniexyz (acquired by @uniswap)","","",22157,2736,"2021-02-23T14:34:53.000Z"
"1014143083980689408",Cryptticelli,"Sandro","https://pbs.twimg.com/profile_images/1313414836144009216/W3vI38jV.jpg","Ex #poker pro, #NFT adept since 2018, @aavegotchi maxi, #anime enjoyer
@Metaguild and @MetaguildStudio Co-Founder, @LiquidiumFi #1","","",342,818,"2018-07-03T13:45:27.000Z"
"972431371",may_tohoku,"may","https://pbs.twimg.com/profile_images/1927442593618579457/yoex-sT5.jpg","✍️ building @yay_global 🏡 family: @Dawincorp 🫘 founder: @AzukiUK 🏫 team @iclblockchain","London, England","",18468,676,"2012-11-26T17:55:00.000Z"
"20745781",bobbyong,"Bobby Ong","https://pbs.twimg.com/profile_images/1958805400230469632/S4H-RXz1.jpg","Co-founder & CEO @coingecko and @geckoterminal. Bootstrapping in the crypto space since 2013.","Kuala Lumpur, Malaysia","https://www.coingecko.com",66622,3479,"2009-02-13T03:51:41.000Z"
"276810355",armaniferrante,"Armani Ferrante","https://pbs.twimg.com/profile_images/1923721428609671168/ogC5NdBg.jpg","Founder, CEO @Backpack @MadLads @anchorlang. 

Jobs: https://t.co/D6Fs0yprr1
Exchange: https://t.co/GdGbaa0D2n
App: https://t.co/UR4AAqAO25","","https://backpack.exchange",155490,4484,"2011-04-04T03:49:54.000Z"
"1574451301",SterlinLujan,"Sterlin Lujan","https://pbs.twimg.com/profile_images/1933281228548886528/qhP5wsuY.jpg","Founder @polis_labs. @Logos_Network Community Team. Evangelizing for the emergent parallel mind, crypto-anarchism, the noosphere, and collective betterment.","Nomadland","https://polis-labs.org",4198,2713,"2013-07-07T06:01:03.000Z"
"1321847368258514949",0xDeep,"0xDeep | Asgard (Hiring)","https://pbs.twimg.com/profile_images/1886071994472603648/8Cvponcy.jpg","co-founder @asgardfi | principal systems engineer | economist | 🥩 | prev. HFT | be kind","","http://0xdeep.com",2249,83,"2020-10-29T16:12:42.000Z"
"1903143493289250822",LRajeckyte,"Leonarda Rajeckyte","https://pbs.twimg.com/profile_images/1903145460325576704/K-ikgYRE.jpg","CMC Labs & CMC Launch Ecosystem Manager @coinmarketcap / Ex-Founder @TheVCWhisperer","","https://coinmarketcap.com/events/cmc-labs/",411,312,"2025-03-21T17:55:53.000Z"
"308881902",macrocrunch,"Sean Bill","https://pbs.twimg.com/profile_images/1971180972017319937/Bq94Jn6i.jpg","Co-Founder and Chief Investment Officer @BSTRCO","California, USA","https://macrocrunch.substack.com",2761,390,"2011-06-01T04:43:31.000Z"
"1401564106902048777",tweeterSam3,"Sam Leisure","https://pbs.twimg.com/profile_images/1965470610324439040/-ydIxXrs.jpg","Co-Founder / CEO @quickscope_gg
Early Engineer @dydx
Beat Promised Consort Radahn w/o summons, Heolstor w/o friends & Lost Lace","San Francisco","",552,277,"2021-06-06T15:39:09.000Z"
"6120922",nnevvinn,"Nevin Freeman 🪳","https://pbs.twimg.com/profile_images/1953947507526184960/chPd9Ix3.jpg","co-founder @reserveprotocol","🛰","http://reserve.org",27726,814,"2007-05-17T22:13:17.000Z"
"1237633663765905408",tascha_panpan,"Tascha (building @Infinit_Labs)","https://pbs.twimg.com/profile_images/1666427990186819585/1sXW5gb3.jpg","Founder @Infinit_Labs. @UCBerkeley alum. @HarvardHBS dropout.","","https://infinit.tech",24246,775,"2020-03-11T06:57:40.000Z"
"122469380",dizhel,"DZ | SQD.ai","https://pbs.twimg.com/profile_images/1933108684978024448/lMjJUiJO.jpg","Co-founder @helloSQD — a decentralized query engine for on-chain data and a petabyte-scale data lake, powered by DuckDB and ZK.","On-chain","http://SQD.dev",4266,913,"2010-03-12T20:39:39.000Z"
"124079891",ch4r10t33r,"Partha 🐞","https://pbs.twimg.com/profile_images/1841806011549552640/LICxS1BB.jpg","Engineer & Founder: @PX_Web3 @etherspot
Contributor @zeamETH
Exploring ⚡","London","",1415,1406,"2010-03-18T05:35:58.000Z"
"952541326238670848",jaybxyz,"JayB 🥛","https://pbs.twimg.com/profile_images/1900382292960235521/CpD-JLWn.jpg","Co-Founder and CEO @milky_way_zone | builder at heart | 10+ yrs writing code | in crypto since ’17 | making the way money should move","Blockchain World","",5152,904,"2018-01-14T14:02:04.000Z"
"334881556",AveryChing,"avery.apt 🇺🇸","https://pbs.twimg.com/profile_images/1980642678162206720/MbOeFqUw.jpg","Co-founder & CEO @AptosLabs. Building the global trading engine & decentralized cloud. Ex @Meta Libra/Diem crypto techlead. Supercomputing PhD. @CFTC GMAC sub","","",68673,2390,"2011-07-13T20:23:31.000Z"
"334222536",ChandanLodha,"Chandan","https://pbs.twimg.com/profile_images/1946954993786880000/LxhGwkgd.jpg","Co-founder @CoinTracker. Enjoying life 😄","San Francisco","https://www.cointracker.com",1758,268,"2011-07-12T19:20:37.000Z"
"1697585563514068992",plancknetwork,"Planck","https://pbs.twimg.com/profile_images/1909964283082948608/l8FUDqkY.jpg","The world’s first AI Layer 0. Spin up chains, clusters, or custom models on enterprise-grade GPU infra. Backed by the co-founder of USDT and many more.","","https://plancknetwork.com",52079,56,"2023-09-01T12:22:03.000Z"
"17745290",dumbnamenumbers,"Tom Lehman","https://pbs.twimg.com/profile_images/1992262296333066241/DNWeTQJb.jpg","Co-founder of @0xFacet, a Stage 2 Ethereum Rollup | https://t.co/7AGdmryRKK | Former: https://t.co/Q3s4ssWeOM co-founder & CEO","","https://facet.org/whitepaper",18659,839,"2008-11-30T00:36:12.000Z"
"1516776189511319556",0xgilbert,"Chris Gilbert","https://pbs.twimg.com/profile_images/1811490543970492416/whiZida7.jpg","Co-founder and CTO @elixir
Previously @TokensoftInc and @IDEXX.","Maine","https://elixir.xyz",1026,843,"2022-04-20T13:50:52.000Z"
"1381555596672049155",andyyen,"Andy Yen","https://pbs.twimg.com/profile_images/1409227113509556225/3WsaAJMq.jpg","Founder/CEO @ProtonPrivacy (@ProtonMail, @ProtonVPN, etc). Previously a particle physicist @CERN, @Harvard and @Caltech. Working for a better Internet. 🇨🇭🇹🇼","Geneva, Switzerland","http://proton.me",19671,176,"2021-04-12T10:32:07.000Z"
"874591675909156864",moonmaker_xyz,"dat.eth","https://pbs.twimg.com/profile_images/1620797653457010689/zhiM8mGV.jpg","Co-founder of @tordess_com and @petgotchi","","https://tordess.com",162,59,"2017-06-13T11:37:59.000Z"
"1397638176760426499",TheOracle5000,"🔌⚡️","https://pbs.twimg.com/profile_images/1947755058092728320/r-TE4Lx4.jpg","Founder @switchboardxyz 🔌, Ex @google, Enjoyer of @Lions 🏈🦁","Trenches","http://switchboard.xyz",6039,318,"2021-05-26T19:38:16.000Z"
"172782132",AntoniZolciak,"Antoni Zolciak","https://pbs.twimg.com/profile_images/1600541153165819926/GU98EKfZ.jpg","Co-founder🇨🇭@aleph__zero (https://t.co/xuHd4BtPlx) and 🇵🇱 @cardinal_hq (https://t.co/ICbEB8Szkk).","Krakow, Poland","http://antoni.azero.id",19874,3133,"2010-07-30T16:02:32.000Z"
"482528926",RJFWhite,"Rob Whitehead","https://pbs.twimg.com/profile_images/1786163864431730688/wNWfuS5N.jpg","CEO/CTO at @MSquared_io, Co-Founder @improbableio, Builder of @mash_space

BAYC 5546","London","https://msquared.io",4718,283,"2012-02-04T01:05:20.000Z"
"1307675288990552065",swen_sjn,"swen | lightprotocol.com","https://pbs.twimg.com/profile_images/1466087653615579138/ePenJBxL.jpg","co-founder @lightprotocol, https://t.co/CSzgGVcIOz. always be kind","","https://www.zkcompression.com",5925,817,"2020-09-20T13:37:53.000Z"
"1544886524797403136",nikshepsvn,"nikshep","https://pbs.twimg.com/profile_images/2001704077223186432/k3gBc48y.jpg","founder @humanplaneco | prev instacart, coinbase, uwaterloo","Toronto, ON","http://sculpt.fun",2675,725,"2022-07-07T03:30:33.000Z"
"78134273",christianbaroni,"Christian Baroni","https://pbs.twimg.com/profile_images/1220995187712892928/SjFwBOBG.jpg","Designer who writes a bit of code. Co-founder @rainbowdotme, previously @stripe @Microsoft.","New York, NY","",3120,738,"2009-09-28T22:00:12.000Z"
"1319625255225352192",KGdotmon,"K G (MON to $1)","https://pbs.twimg.com/profile_images/1992924729938751488/H8HOp4MQ.jpg","co-founder @spiky_xyz︱team @lootgo_official︱ prev: @playSparkball","","https://www.spikynft.xyz/",9074,1426,"2020-10-23T13:02:48.000Z"
"1177977934348476417",arundotai,"arun","https://pbs.twimg.com/profile_images/1903127889249439749/erGGLGlj.jpg","co-founder/CTO @magna_digital. serving billions of dollars to millions of users 🤗. published LLM researcher @penn.","🇨🇦 → nyc","http://arun.ai/",1070,1037,"2019-09-28T16:06:47.000Z"
"44322763",matthuang,"Matt Huang","https://pbs.twimg.com/profile_images/1510703458386468871/NaSbi2BY.jpg","founder @paradigm, project lead @tempo, board member @stripe, building & investing at the frontier","San Francisco, CA","http://matthuang.com",179894,815,"2009-06-03T08:44:56.000Z"
"893899077989138433",Kevin_Kelly_II,"Kevin Kelly","https://pbs.twimg.com/profile_images/1525134878123212800/ewliP0Ga.jpg","Co-Founder @Delphi_Digital Founding Partner @Delphi_Ventures

Sucker for Fed pivots, wide fairways, and dual axis charts.","Brooklyn, NY","https://members.delphidigital.io/",18292,3911,"2017-08-05T18:18:42.000Z"
"1107153570900500480",RyanOuyang_,"Ryan Ouyang","https://pbs.twimg.com/profile_images/1925382708856762369/6X5rQHxu.jpg","founder: @iyk_app","Toronto, Ontario","http://iyk.app",1403,927,"2019-03-17T05:35:56.000Z"
"161071669",feindura,"Fabian Vogelsteller","https://pbs.twimg.com/profile_images/1981809252088819712/9LmawNbd.jpg","Co-Founder @lukso_io, inventor of @ERC725Account. Author of ERC20, builder of Mist, web3.js and former Ðapp developer of Ethereum.","Berlin","http://profile.link/feindura",49690,968,"2010-06-29T22:39:43.000Z"
"1414948050817196037",DeRonin_,"Ronin","https://pbs.twimg.com/profile_images/1657114028760616983/8ZbLTJ8l.jpg","founder @arcane_hq ‣ scaling crypto companies","Private Community  →","https://t.me/deronin_alpha",87622,2318,"2021-07-13T14:04:09.000Z"
"1348555881038942208",jay_liquidium,"J","https://pbs.twimg.com/profile_images/1998445213644120064/GMBqDeh7.jpg","Borrow.Beyond.Borders. 

Chief Degen Officer at @LiquidiumFi and @LiquidiumWTF","","http://liquidium.fi",1209,249,"2021-01-11T09:02:40.000Z"
"1202913356",dF_Founder,"ᵀᴹᴳᴳFounder","https://pbs.twimg.com/profile_images/2006830850080411648/xt6vQGPF.jpg","Partner @JoinTheParti | Leader @PlayCODMobile | @dF_iNKEDxBABE💍| Founder @PixelOneUp, @ItZTMGG 👻 DAO @PlanetX Founder's Table","Texas, USA ☀️🌵🇵🇷🇮🇹🇨🇴","https://youtube.com/@itztmgg",16904,1771,"2013-02-21T03:54:09.000Z"
"1207831544934600704",HiltnerJim,"Jim Hiltner","https://pbs.twimg.com/profile_images/1846952317632864258/HfOP8I4n.jpg","co-founder, head of BD @superstateinc views are my own","San Diego, CA","https://superstate.com",1709,1467,"2019-12-20T01:14:32.000Z"
"263802953",mcrown,"Max Crown","https://pbs.twimg.com/profile_images/1976241796490379265/Cf7L3Z6H.jpg","President & CEO TON Foundation @ton_blockchain + Co-Founder & Board Director @MoonPay + Investor  — Disclaimer in Extended Bio! 👇 https://t.co/rEbzPYnvxW","Dubai, UAE","https://www.ton.org",79435,1024,"2011-03-10T19:32:12.000Z"
"380382462",kphur,"Kevin Hurley","https://pbs.twimg.com/profile_images/1641866871510278144/i0yNMaVx.jpg","CTO and co-founder @ Lightspark. Creator of Spark - @spark","","",1306,57,"2011-09-26T15:15:20.000Z"
"4723615795",tansawit,"Sawit","https://pbs.twimg.com/profile_images/1925918242846990337/jHz82XIl.jpg","cpo @initia | prev: founder @celatone_ (acq.)","","",5597,1090,"2016-01-07T13:16:24.000Z"
"2786407890",AlexSmirnov,"deAlex","https://pbs.twimg.com/profile_images/1983925019437670400/5i1qkO7v.jpg","Co-Founder @deBridge","","https://debridge.com/",10248,3914,"2014-09-02T18:15:27.000Z"
"1022198107268894726",damipator,"Damir Vodenicarevic 🦾","https://pbs.twimg.com/profile_images/1491142070223974406/5EbZpcdQ.jpg","Founder and CEO @ https://t.co/jWqfN84kPb - PhD in machine learning and nanotechnology","","https://massa.net",3682,141,"2018-07-25T19:13:15.000Z"
"39156297",kpoldsam,"Kristi Põldsam","https://pbs.twimg.com/profile_images/1678704213419761665/gcSA_tr9.jpg","Building next generation capital markets | Co-Founder @sommfinance @iqlusioninc | ex-Wall St i-banker | @Harvard alum | 🇪🇪 born","worldwide","",1112,706,"2009-05-11T01:17:09.000Z"
"713197297404878849",0xSkywalkerL,"Luc | Offramp","https://pbs.twimg.com/profile_images/1810884659753955328/5p0kyGDl.jpg","Founder @OfframpXYZ | First-world banking for emerging markets","Remote","https://app.offramp.xyz/",975,1367,"2016-03-25T02:54:21.000Z"
"700851955",ranjan3118,"Ayush Ranjan | Huddle01","https://pbs.twimg.com/profile_images/1967294925269254144/K8sgBSIZ.jpg","Co-founder @huddle01com | Communication. Compute. Capital Markets.","","https://huddle01.com/",10528,3263,"2012-07-17T11:01:21.000Z"
"217481011",cyganovroman,"Roman Cyganov","https://pbs.twimg.com/profile_images/1881973497636814848/kIyMMHVP.jpg","Founder & CEO of @Antix_in , @Aige_in | Private Investor","Dubai, United Arab Emirates","http://antix.in",7248,184,"2010-11-19T17:00:49.000Z"
"996044832",whatslukedoing,"Luke Barwikowski 🚜","https://pbs.twimg.com/profile_images/1685072568406188032/WE4pzzcr.png","founder of @pixels_online. startup cowboy.","","http://www.pixels.xyz",39103,1445,"2012-12-07T23:11:49.000Z"
"1464239020364693504",0xlwu,"Larry Wu","https://pbs.twimg.com/profile_images/1730328862372847616/Mffs27Er.jpg","Co-founder & CTO at @cubexch. Your trades, your crypto 🧊","","",1215,17,"2021-11-26T14:26:11.000Z"
"750724730953412608",NFTsBreezy,"Breezy","https://pbs.twimg.com/profile_images/1710132825901400064/0vAmBu1J.jpg","Holder of Many | Founder of @UncannyCC","","http://theuncanny.io",37096,17735,"2016-07-06T16:14:58.000Z"
"781857362344718336",ChundaMcCain,"Chunda","https://pbs.twimg.com/profile_images/1969065106295115777/HlFPlgJr.jpg","Co-Founder @paxoslabs

Previously @nucleusearn (acq), @blockchaincap","","",1889,816,"2016-09-30T14:04:56.000Z"
"1385209434771701762",JtcRaster,"Jacob | Raster","https://pbs.twimg.com/profile_images/1989102558384734208/7espjVxU.jpg","Building the path to DeFi adoption.
Founder & CEO @RasterFinance","Malta","https://raster.finance",2259,1491,"2021-04-22T12:30:49.000Z"
"991510368114561025",cbetass,"Jing","https://pbs.twimg.com/profile_images/1977576031436615680/T78MhgHV.jpg","Co-founder @iotex_io. Builder for #web3 and #R3alworld. Building a more open and fair economy. 🌎 Human-Centered Real-World AI 🐐","Cryptoworld","http://iotex.io",18344,237,"2018-05-02T02:51:07.000Z"
"27058194",nathanmccauley,"Nathan McCauley ⚓","https://pbs.twimg.com/profile_images/1909731863079665665/YZNfFtKi.jpg","Co-Founder and CEO Anchorage Digital @Anchorage #bitcoin","San Francisco, CA","https://anchorage.com",9881,1221,"2009-03-27T18:00:31.000Z"
"3383112207",TychoOnnasch,"tycho.btc","https://pbs.twimg.com/profile_images/1525562943177359361/5q-sYDnD.jpg","🟧 Transforming Bitcoin into productive capital | Co-founder @ZestProtocol | Head of Bitcoin Strategy @Treasury_BTC | Built Bitcoin L2s @Stacks @StackingDAO","","https://substack.com/@tycho",19370,817,"2015-07-19T14:51:41.000Z"
"1343901700797689857",JurjicaO,"Jurjica Oliviu","https://pbs.twimg.com/profile_images/1821388192995516416/X0wMjWbb.jpg","Founder & CEO @EmoryaFinance","","http://www.emorya.com",5591,111,"2020-12-29T12:48:43.000Z"
"946428151005110272",buffalu__,"buffalu","https://pbs.twimg.com/profile_images/1559574126284705793/KBqE-oQZ.jpg","Co-Founder and CEO of Jito Labs (@jito_labs)","","http://jito.wtf",35835,5310,"2017-12-28T17:10:29.000Z"
"993851972771024897",AdamFDF_,"Adam","https://pbs.twimg.com/profile_images/1946504670999896064/7cm7sS_V.jpg","founder @footballdotfun","","",11975,2061,"2018-05-08T13:55:49.000Z"
"1325679100007165952",BennettDavisV1,"Bennett Davis","https://pbs.twimg.com/profile_images/1962892388847747072/a3Z9cH5s.jpg","founder @canopyxyz","","",677,710,"2020-11-09T05:58:37.000Z"
"1175093264103305216",xenowits,"Abhi | Catalysis NYC 🇺🇸 (mainnet arc)","https://pbs.twimg.com/profile_images/1731359065601638400/QnRNUzrv.jpg","Founder @0xcatalysis. Defi/Acc. Eating glass and staring into the abyss. PhD in Excalidraw. 📍 NYC 🇺🇸","The Builder Trenches","",1373,2905,"2019-09-20T17:04:18.000Z"
"780566666790842368",EmanAbio,"Adeniyi.sui","https://pbs.twimg.com/profile_images/1987897211548774400/-5W52atd.jpg","Co-founder & CPO at @Mysten_Labs. Building @SuiNetwork & @WalrusProtocol. Jesus, Family, Crypto. Views are my own, RT ≠ endorsement.","California, USA","https://www.tiktok.com/@emanabio",85401,1261,"2016-09-27T00:36:10.000Z"
"1318557471938629634",josietyleung,"Josie Leung","https://pbs.twimg.com/profile_images/1810231859114024960/GX_ahV_q.jpg","co-founder @milky_way_zone. Ex- @Allinbits_inc, @cryptocom, @linkedin. Early grad, not drop out. Pro 🤿🧘‍♀️","Hong Kong","",5316,755,"2020-10-20T14:19:40.000Z"
"210574084",jaysonhobby,"JSON","https://pbs.twimg.com/profile_images/1805473133874626561/edks13nT.jpg","Founder + CEO @legendapp | prev @compoundfinance @coinbase @uber","San Francisco, USA","",5382,2551,"2010-10-31T19:26:21.000Z"
"1297307288785416194",heyheyfred,"Fred Hsu","https://pbs.twimg.com/profile_images/1964088898835087360/So1bcK_v.jpg","Built out 40M+ domains. Now fixing the internet’s address layer @D3inc. Co-Founder and CEO of D3.","Los Angeles","http://d3.com",17179,906,"2020-08-22T22:59:22.000Z"
"1920588619062128641",Alexanderbtcc,"Alexander","https://pbs.twimg.com/profile_images/1921715448632025088/oRftF4o5.jpg","Co-Founder of SolCex Exchange. I'm here for you!","","",516,34,"2025-05-08T21:16:38.000Z"
"1463217036",Tytaninc,"Tytan","https://pbs.twimg.com/profile_images/1925375873534107650/2bkf-soq.jpg","Co-Founder/COO @strykrai","U.S. / KL","",30581,15425,"2013-05-27T22:01:23.000Z"
"883752230",eyezenhour,"eye zen hour 🥶","https://pbs.twimg.com/profile_images/1514668784006533128/jqFYUGmU.jpg","Founder. Builder. Writer. Sharing insights in DeFi, Economics, & Business 🚀 Cooking @lofitheyeti on $SUI ♎️ @zeroomega_","Denver / Chicago","http://zeroomega.com",73097,899,"2012-10-16T05:17:14.000Z"
"17209046",MikeBenchimol,"Mike Benchimol","https://pbs.twimg.com/profile_images/1986149900766134272/nVRhSmNX.jpg","Co-Founder and COO @raycashxyz. Ex. https://t.co/nRr1s9ANlE, JP Morgan, Alan and H Company","Monaco","",111,332,"2008-11-06T10:48:43.000Z"
"486927759",TheTomTrow,"Tom Trowbridge","https://pbs.twimg.com/profile_images/1848745867634737152/z45eCAN6.jpg","Co-Founder of @fluence_project and @hedera founding President | https://t.co/Jvce8TOOvW podcast | Writing on https://t.co/bBtg21CV4k","Amsterdam, The Netherlands","http://www.tomtrow.com",5095,765,"2012-02-08T20:33:49.000Z"
"2714960600",garvitgoel03,"Garvit | Electron","https://pbs.twimg.com/profile_images/1919336738117603328/8P9pUlan.jpg","Founder @ElectronZK | @iitdelhi alum

$2M raised from Stake Capital, Gnosis, Lambda Class, Legion","Bitcoin","https://www.garvit.io/",1749,1173,"2014-08-07T17:07:35.000Z"
"73624103",ruitao_su,"Ruitao Su","https://pbs.twimg.com/profile_images/951730653212557313/llJPt5-V.jpg","Co-Founder @AcalaNetwork @KaruraNetwork @LaminarProtocol","Auckland, New Zealand","",22932,1067,"2009-09-12T11:31:58.000Z"
"1478947840650973186",web2reffo,"web2 reffo","https://pbs.twimg.com/profile_images/1959013222998319107/zgsMajOg.jpg","Founder @puffpaw, @Gudtrip, @MoonkahWorld","Los Angeles","http://puffpaw.com",4832,1466,"2022-01-06T04:33:47.000Z"
"49634663",danhper,"Daniel Perez","https://pbs.twimg.com/profile_images/1291137868522557440/GxL6A5Iy.jpg","Working on payment infrastructure. Prev co-founder @TLX_FI (acquired) and @GyroStable. PhD @imperialcollege. I love both programming and natural languages.","London, England","https://daniel.perez.sh",1424,608,"2009-06-22T13:56:33.000Z"
"1955342287",bond_zns,"bond.zns 🌟","https://pbs.twimg.com/profile_images/1941104523180703744/VIp2Mm03.jpg","Passionate about decentralized systems and empowering individuals. Co-founder of @znsconnect and @gmcheap 🌟 Mint your domain at : https://t.co/tBw81omnbx","Paris","https://znsconnect.io",18944,437,"2013-10-11T23:44:39.000Z"
"46545971",nickdijkstra,"Nick Dijkstra","https://pbs.twimg.com/profile_images/1846835623056871424/2BljFVqa.jpg","Co-founder & Product at @hypepartners • Co-Founded @Port_HQ • Built @modenetwork • Loves big ideas • no relation to the algorithm 🤷‍♂️","Berlin","http://nickdijkstra.com",863,1115,"2009-06-12T01:31:43.000Z"
"8932662",paulbrigner,"Paul Brigner 🛡️","https://pbs.twimg.com/profile_images/1937503795572826112/yLx0wtx4.jpg","Board Member and VP of Strategic Alliances @ElectricCoinCo | Founder of PGP* for Crypto","Washington, DC","https://zcash.me/paul_brigner",3712,1542,"2007-09-17T15:42:36.000Z"
"1084319874",marcus_lowe,"Marcus Lowe","https://pbs.twimg.com/profile_images/1301894287395782656/bphcI6QL.jpg","I love building things | founder @anything","San Francisco","http://anything.com",1756,438,"2013-01-12T22:41:38.000Z"
"17780972",gavinuhma,"Gavin Uhma","https://pbs.twimg.com/profile_images/1577336326046769153/soxhUUlC.jpg","Co-Founder/Board Member https://t.co/kkHBvCzc5n. Co-Founder GoInstant, acq by Salesforce.","Canada","https://cape.ai/",1764,988,"2008-12-01T15:29:46.000Z"
"1319145334849810432",MaxBecauseBTC,"Max","https://pbs.twimg.com/profile_images/1886452570194911236/czY7J6c9.jpg","CEO/Founder @BecauseBitcoin | @VolumeFusion | @BBWealthMGMT | @BB_Terminal | @Because","","https://www.becausebitcoin.com/premium",65819,421,"2020-10-22T05:15:44.000Z"
"304207394",Loxley_eth,"Loxley","https://pbs.twimg.com/profile_images/1924309999213309952/OI8u1jUb.jpg","CEO / Co-Founder @MyriadMarkets
Our Media Outlets @DecryptMedia + @RugRadio 
New Linea markets available on: https://t.co/C7kzIxrb5i","Austin, TX","http://myriad.markets",12472,2276,"2011-05-24T03:34:29.000Z"
"1450775961142693895",zero_Jpegg,"Zero 零","https://pbs.twimg.com/profile_images/1972059376132542466/y1wLBDb-.jpg","Core @kodiakfi | @Bera_Land co-Founder","","",8207,1815,"2021-10-20T10:48:48.000Z"
"253719843",HillaryAdler,"Hillary Adler","https://pbs.twimg.com/profile_images/1962051100694994944/a4jN-jI0.jpg","co-founder & chief commercial officer @btc_os | Recovering Poet | Delusional NYGiants Fan","New York, NY","",4977,1233,"2011-02-17T20:48:01.000Z"
"1290986730888331265",perpv2,"Justin","https://pbs.twimg.com/profile_images/1958559729501782016/2ZLTg9Ec.jpg","founder @vestexchange

contributor @ https://t.co/XEVvJIPnZv","","http://trade.vestmarkets.com",1539,470,"2020-08-05T12:23:29.000Z"
"3918889216",0xClement,"Clement","https://pbs.twimg.com/profile_images/1884683047481610240/Q0DhMBX2.jpg","Co-founder @otomato_xyz. Building the DeFi assistant you’ve always dreamed of.","","https://www.otomato.xyz/notifications/hyperevm?utm_source=twitter&utm_medium=clement&utm_id=profile",953,1336,"2015-10-10T13:54:50.000Z"
"908597870",lcswillems,"Lucas Willems","https://pbs.twimg.com/profile_images/1734217384225910784/mAzNkvQR.jpg","Fully focused on xBoard (@xBoard_app)

Previously:
★ Co-founder & CEO of Arda (@arda_org)
★ Head of xExchange (@xExchangeApp)
★ Alum of ENS Ulm (@ENS_ULM)","","http://lucaswillems.com",1439,104,"2012-10-27T17:48:16.000Z"
"2292191908",DatoKavazi,"Dato_Kavazi","https://pbs.twimg.com/profile_images/1856861722859941888/Medyk3v0.jpg","founder @humanode_io / @paradigm_hub 

adv  @episteme_sci / @ctcrawlers

defending decentralization since 2014","Cognitocracy","http://github.com/Cyber-preacher",490,176,"2014-01-19T19:11:45.000Z"
"1381233357179211778",anilkumarRome,"anil","https://pbs.twimg.com/profile_images/1834226927319875585/CNTOR6Iv.jpg","Co-founder & CEO https://t.co/5n7EQ9aSPA","LA","https://www.rome.builders",12039,205,"2021-04-11T13:11:18.000Z"
"1469066819948490761",Tma_420,"T.M.A","https://pbs.twimg.com/profile_images/2003602445050535937/prZ-wJSq.jpg","Product Manager | Founder @FunkariNFT | Advisor @Ruyuistudios, NFT UNCs","Metaverse","http://hub.xyz/tma420eth",44521,4559,"2021-12-09T22:10:22.000Z"
"1518713943425880064",danielmarinq,"Daniel Marin | nexus.xyz","https://pbs.twimg.com/profile_images/1967961532639424512/hma_yphW.jpg","Founder & CEO @NexusLabs // prev. @Stanford","San Francisco, CA","https://nexus.xyz",104909,734,"2022-04-25T22:11:06.000Z"
"458268681",0xlenny_eth,"0xlenny.eth 🦇🔊","https://pbs.twimg.com/profile_images/2003145099278999552/e2adecio.png","Co-founder & CTO @avnu_fi & @StarkNetEco Building on #Starknet 🐺✨ | Web3 Maximalist","","https://linktr.ee/lenny.codes",978,667,"2012-01-08T11:08:35.000Z"
"171280211",ChuckSBradford,"Chuck.hl","https://pbs.twimg.com/profile_images/1982416574410592256/jiZcTr3n.jpg","Co-founder & CEO @DexariApp | Mobile-native trading for @HyperliquidX | Ex- BinanceUS","","http://dexari.com/join/CHUCK_HL",2043,1767,"2010-07-27T00:23:36.000Z"
"741595862",ClementWalter,"clemlaflemme.stark 🥕","https://pbs.twimg.com/profile_images/1749893699000029184/5zJmNCF6.jpg","Engineer & Scientist & Local Farmer 🥕 Co-founder @KakarotZkEvm 🥕 DM open","Paris, France","https://github.com/ClementWalter",2763,845,"2012-08-06T22:40:32.000Z"
"178269854",justsayuluvjo,"Joanna Zeng @ SOON (🔴,💊)📍🇺🇸🗽 (100x Arc)","https://pbs.twimg.com/profile_images/1906152456779640832/2OCP55YS.jpg","Co-Founder/CEO @soon_svm, Backed by @jump_ @hack_vc @anagramxyz, Ex @Coinbase @Optimism, Host of Professionally Curious🧠 Podcast w/100 Most Insightful Founders","Manhattan, NY","http://www.soo.network",9509,2892,"2010-08-14T08:50:30.000Z"
"390967239",cole_vt,"Cole Bartlett","https://pbs.twimg.com/profile_images/1907674835934998528/9XbX50vT.jpg","Founder @ELOCMobile, Building @airnodealliance, @WorldMobileTeam Ambassador | Co-Founder of @SustainableADA & @Impact_Web3 | Ambassador Program Lead @Rejuve_AI","Salt Lake City, UT","https://www.airnodealliance.com/",1250,1640,"2011-10-14T20:48:16.000Z"
"1107518478",JasonYanowitz,"Yano 🟪","https://pbs.twimg.com/profile_images/1998360163271553024/WmgtU3xy.jpg","co-founder @blockworks_ 

building @blockworksres | @theempirepod | @blockworksDAS","New York","http://blockworks.com",129331,2495,"2013-01-20T23:10:04.000Z"
"835162261702524929",zhimao_liu,"zhimao.cyber","https://pbs.twimg.com/profile_images/1998483969751543808/GnHXcCh3.jpg","Co-founder @SurfAI @BuildOnCyber","web3","https://link3.to/zhimao",1140,1626,"2017-02-24T16:19:34.000Z"
"704206244232298496",0xaniketsharma,"Aniket","https://pbs.twimg.com/profile_images/1984304285786456064/IzGBEpVa.jpg","Founder @rathfinance, shilling @flashcomputer_","","",714,1060,"2016-02-29T07:27:06.000Z"
"902441628",0xKnidos,"knidos.hl","https://pbs.twimg.com/profile_images/1902343812212772865/Zq6RpFDm.jpg","Co-Founder of @itsgrandapp || Member of @web3financeclub || Ex- Abbott, Nestle","","https://medium.com/@0xeugennn",501,304,"2012-10-24T19:27:53.000Z"
"3073355031",NullRoux,"Roux","https://pbs.twimg.com/profile_images/1777389092122038273/Y_3SJvcE.jpg","I do things on the internet. Founder & CTO @CarbonTerminal /ex IntentX","web3","http://carbon.inc",1043,323,"2015-03-05T20:56:40.000Z"
"1134151355776585729",larry0x,"Larry Engineer 🍡","https://pbs.twimg.com/profile_images/1925558454699110401/_a21WPgv.jpg","Founder at @dango","","https://dango.exchange/",39803,2094,"2019-05-30T17:35:29.000Z"
"1396491385344335874",Savin0x,"SirSavin0x 🔺","https://pbs.twimg.com/profile_images/1938357175929204736/5cXikPdp.jpg","Co-Founder of @BloodLoopGAME 🩸| I don’t buy #Cryptocurrency, I sell FIAT instead | Obsessive Gamer | 🇮🇹🇬🇧🇧🇷","London, England","https://bloodloop.com",21300,367,"2021-05-23T15:41:14.000Z"
"1453478721063620613",CryptoKoryo,"Crypto Koryo","https://pbs.twimg.com/profile_images/1758108277798301696/A8C4UToR.jpg","Founder @_dexuai | Narratives | Data maxi","","https://dexu.ai/",55304,724,"2021-10-27T21:49:04.000Z"
"978031588599652352",MHCGBIC,"M","https://pbs.twimg.com/profile_images/1518761304797839361/UQozPsrR.jpg","Founder of STP Network, Farther of 2 girls, Columbia 2015，Lots of Wine, bit of Golf and Poker,","New York, USA","https://stp.network/",4420,830,"2018-03-25T22:11:16.000Z"
"85223615",justinmmelillo,"Justin Melillo ᯅ MONA","https://pbs.twimg.com/profile_images/1824969043700219905/7ABPxbRB.jpg","Founder & CEO @monaverse securing digital human rights and helping immersive creators. Prev: @magicleap @dreamworks • designer for @Drake @Sia @Maroon5","New York, NY","https://monaverse.com",4972,2895,"2009-10-26T02:57:15.000Z"
"1692187562389950464",RiverNoLimits,"River - Makina","https://pbs.twimg.com/profile_images/1978520543692566528/80kL2ZKx.png","Building the future of health @makina | Prev b2b AI founder (exited) | O1 Recipient","SF/London","http://makina.com",9790,914,"2023-08-17T14:52:41.000Z"
"987935445026852864",Norbeegh,"Norbert🌿","https://pbs.twimg.com/profile_images/1841808474109575174/iqHRvdnZ.jpg","|Communications and Community Lead @Metisl2, @goatrollup @lazainetwork|| Co-founder of @Quarilabs|","Ghana","http://metis.io",2269,338,"2018-04-22T06:05:39.000Z"
"10355282",nedos,"Dmitry Nedospasov","https://pbs.twimg.com/profile_images/1919744378643345408/sQcL_XY3.jpg","Founder of @comput3ai. OG wallet researcher with @walletfail. Auditing wallets through @keylabsio. PhD in security, trainings @advsecio.","Streaming online","https://comput3.ai",6616,323,"2007-11-18T13:56:07.000Z"
"1492380362915254276",jeremyng777,"Jeremy Ng","https://pbs.twimg.com/profile_images/1908815697553326080/zjS1Owps.jpg","Founder/CEO @OpenEden_X | $USDO | $TBILL Connecting TradFi with DeFi. Former @Gemini Asia MD, @GoldmanSachs Derivatives Head, @Leonteq_News Asia CEO","","",3000,1047,"2022-02-12T06:09:48.000Z"
"1371136715709149189",Dabudda17,"Dabudda | KIND","https://pbs.twimg.com/profile_images/1746904688253935616/uZHRhfL8.jpg","Ronin Ambassador 🐯🧧 Co-Founder @FortuneRonin","Berlin, Deutschland","https://youtube.com/channel/UCEavh6eWIPJHlqYn0kIkDxA",12871,1304,"2021-03-14T16:30:51.000Z"
"821300978221621249",VCrizpy,"Vyom","https://pbs.twimg.com/profile_images/1688894438217822209/dUUzb1o8.jpg","Co-Founder @hotstuff_labs 

Building an L1 with real world rails for DeFi @tradehotstuff","Singapore","http://hotstuff.trade",1270,2569,"2017-01-17T10:19:47.000Z"
"4555972996",itsaz00,"AZ","https://pbs.twimg.com/profile_images/1996999548535808005/nfHSWYvf.jpg","founder @AveForge","Ω","",5534,938,"2015-12-21T10:17:57.000Z"
"14809081",moshehogeg,"Moshe Hogeg","https://pbs.twimg.com/profile_images/1432681958925086723/P66tjv4h.jpg","Digital Architect |
Co-Founder @tomipioneers $TOMI | Seed investor at @ton_blockchain, @chiliz, @eosnfoundation, @orbs_network.
₿🚀","Tel Aviv ","",22117,2357,"2008-05-17T08:13:56.000Z"
"1570273856765710336",WilliamSutanto,"William Sutanto","https://pbs.twimg.com/profile_images/1910946528161640449/pxEazazW.jpg","🚀 Co-Founder @indodax  🗣️ Life, Business, Tech and Cryptocurrency","Jakarta","https://indodax.com",27982,1001,"2022-09-15T04:50:53.000Z"
"1259428669577183233",MalyukovPetr,"Petr","https://pbs.twimg.com/profile_images/1999359939291009029/GqdeYgrY.jpg","Founder @dTelecom | Building the future of decentralized real-time communication. Chat with me: https://t.co/55MbWcvRM1","","https://dtelecom.org",382,345,"2020-05-10T10:23:00.000Z"
"1617561360568823808",imalexrobson,"Alex Robson","https://pbs.twimg.com/profile_images/1996348926161473536/EZNYhf6e.jpg","Founder & CEO @ Omnipresent AI","Cambridge, England","",22934,38,"2023-01-23T16:34:41.000Z"
"163889317",Moshaikh,"Mo Shaikh","https://pbs.twimg.com/profile_images/1978085560766881792/Ye6ytbn7.jpg","Co-Founder and General Partner @MF__xyz prev @aptoslabs @Meta @BCG @BlackRock @ConsenSys @MeridioRE","","http://www.mf.xyz",80141,3597,"2010-07-07T14:41:21.000Z"
"503206170",zoogieNFT,"zoogie","https://pbs.twimg.com/profile_images/1898788737829539840/KdRxzwjp.jpg","- Co-founder @cozylabsxyz @cozyversexyz - Engineering director @ blockchain company - Prev eng & leadership @ Riot Games","Cozy Reef","http://cozyverse.xyz",4134,2297,"2012-02-25T16:10:10.000Z"
"983993370048630785",CryptoHayes,"Arthur Hayes","https://pbs.twimg.com/profile_images/1945370420191875072/o5Ep8CTf.png","Arthur Hayes, Co-Founder of BitMEX & CIO @Maelstromfund","","",782996,26,"2018-04-11T09:01:15.000Z"
"205919212",jzgulati,"Jaz","https://pbs.twimg.com/profile_images/1909035334069063680/ePfeCLGJ.jpg","founder & product designer, prev @renprotocol","","https://jazgulati.com",2257,791,"2010-10-21T22:07:19.000Z"
"1622087316948021248",belan_eth,"BelanS","https://pbs.twimg.com/profile_images/1758256994996158464/eJKpKUAX.jpg","Founder and CEO @timesoulcom,    Founder and ex CEO Wikium","","",4196,317,"2023-02-05T04:19:25.000Z"
"4676143166",lucasfulks,"Lucas Fulks","https://pbs.twimg.com/profile_images/1636246241217507328/VmLaJnTC.jpg","Co founder and CEO at @Hyve_Labs","Austin, TX","https://www.linkedin.com/in/lucasfulks",645,759,"2015-12-30T03:55:39.000Z"
"1476106267093524483",0x_orkun,"orkun 🍊🍋","https://pbs.twimg.com/profile_images/1878839786472878082/TVp4oB8X.jpg","co-founder @citrea_xyz | helping ₿application founders @CitreaOrigins","","",6843,819,"2021-12-29T08:22:32.000Z"
"3243548393",momoeureka,"Momo Ong","https://pbs.twimg.com/profile_images/1661496851114196992/FXz6cwOB.jpg","Co-Founder @codex_pbc | Previously: @DeFianceCapital, @Meta, @Princeton","New York and Singapore","",2400,1525,"2015-05-09T15:16:26.000Z"
"22723368",ArKhan,"Arif Khan","https://pbs.twimg.com/profile_images/1528409695051915264/zF7J2H9a.jpg","Founder and CEO @real_Alethea.","","https://www.alethea.ai",9351,2595,"2009-03-04T02:54:57.000Z"
"1438090794137706498",DeFiAzog,"king.sol","https://pbs.twimg.com/profile_images/1844789281665286144/Ni-MooKr.jpg","co-founder @bonkbot_io
https://t.co/FyZtgzHrLD","","",4656,3633,"2021-09-15T10:42:28.000Z"
"1103214682553253888",Cryptic_cm,"Chris McCabe","https://pbs.twimg.com/profile_images/1823169203278426112/5_rwDuL9.jpg","Exploring privacy & Web3 through insights and memes | Co-founder @session_app | Co-founder @Chainflip","","",2635,440,"2019-03-06T08:44:11.000Z"
"913921543775838208",sam___iamm,"sam___iamm","https://pbs.twimg.com/profile_images/1546911808924971008/OeRgPJz6.jpg","co-founder @useFirewall prev @PrimitiveFi @staked_us","","",576,699,"2017-09-30T00:20:50.000Z"
"1433731279002943488",cheerful_nicole,"Nicole | Bloom 🌸","https://pbs.twimg.com/profile_images/1921943902983950336/D4kg4HPD.jpg","Co-founder & CTO, working on the interface between humans and digital assets through @bloomsocialhq 🌸","London","https://bloom.social/",1752,290,"2021-09-03T09:59:33.000Z"
"2507572542",its_sgar,"Gregg ‘SGAR’ (🌊,🌊)","https://pbs.twimg.com/profile_images/1972805970045673472/qh-aeXs2.jpg","🫡 Co-Founder @JoinWAV3 | A2A Human Data | Music Infrastructure | Chart-Topping Artist/Songwriter/Producer 🎶","NJ/NYC","http://solo.to/sgar",41348,1829,"2014-05-19T14:34:44.000Z"
"1004339517799698434",jayks,"Jay Kurahashi-Sofue 🔺","https://pbs.twimg.com/profile_images/1858658547053068288/3_HfQGaV.jpg","CMO @Eco_Incorp building @Eco | Former @AVAX @AirSwap @Ogilvy | Co-Founder @SONARArecord | Investor","Brooklyn, NY","https://www.linkedin.com/in/jayksofue/",33536,1461,"2018-06-06T12:29:35.000Z"
"81185431",ilblackdragon,"Illia (root.near) (🇺🇦, ⋈)","https://pbs.twimg.com/profile_images/1850199749342978048/8OtPYhqP.jpg","Co-Founder @NEARProtocol. Bringing 1B users into User-Owned Internet. AI researcher. #AIAYN.  RTs & likes are not endorsement. Always DYOR.","NEAR","https://near.org",109082,447,"2009-10-09T19:37:23.000Z"
"1495369288890593282",yuki__app,"yuki @ LootGO","https://pbs.twimg.com/profile_images/1948567908311023616/4AwIM_Xs.jpg","Co-Founder of @lootgo_official / @checkin_xyz @beyondClub_xyz / @superteamjapan member","Japan","https://lootgo.app",5195,4130,"2022-02-20T12:07:40.000Z"
"1059687828924194816",Zhe_DePHY,"Zhewang.sol","https://pbs.twimg.com/profile_images/1762177362341277696/-xdN7V5U.jpg","Co-Founder of DePHY @dephynetwork
Senior hardware engineer
Ex-COO and Co-founder of @PhalaNetwork
@superteamSG member","Singapore","",981,487,"2018-11-06T06:04:01.000Z"
"1903386124019466240",rakka_sol,"rakka","https://pbs.twimg.com/profile_images/1977842532164796416/JkljQ8Gx.jpg","Founder @omnipair. Former Ethereum developer, now building on Solana.

Racing to bring permissionless DeFi to Solana.","Solana","https://app.omnipair.fi",1246,196,"2025-03-22T10:00:00.000Z"
"1297920445979807744",ZoomerOracle,"Zoomer Oracle","https://pbs.twimg.com/profile_images/2002001196731506688/tPRgpUpu.jpg","Founder @epochbiz | @kennelcapital","","http://epoch.biz",50856,738,"2020-08-24T15:35:30.000Z"
"1465057167699070977",Goktug1O,"Göktuğ","https://pbs.twimg.com/profile_images/1888179813606674432/psQuo_fK.jpg","@SportXSummit | Founder #FanTokens #Web3 #Blockcain #Sports #Crypto #Futbol Fan Engagement @Altcointurk | FanToken Specialist","Türkiye","https://www.youtube.com/@Fantokentr",4539,565,"2021-11-28T20:37:26.000Z"
"2490593224",PermaBullh,"PermaBull.h","https://pbs.twimg.com/profile_images/1948409255461007360/PrpoKWg3.jpg","CEO: @SilkSuiteDEX   |   Founder: @ReturnalsX 🟣 Views are my own","pleasedontstare.xyz","http://silksuite.app",5276,1626,"2014-04-17T20:57:54.000Z"
"1785346799558909952",DecentralBros_,"dbro.base.eth","https://pbs.twimg.com/profile_images/1997600991882137600/XBeOLgnR.jpg","Founder ▪︎ Base dev building the next era of onchain Hybrid dApps & Mini Apps on base.","Colorado, USA","https://linktr.ee/0x58.86B9",4339,2668,"2024-04-30T16:34:07.000Z"
"817120972092436480",El_Crypto_Chapo,"Chapo","https://pbs.twimg.com/profile_images/1988242598926888960/iKwnLR2B.jpg","Founder/CEO @AssureDefi | Pioneer of Reflections & Project KYC $2B+ of projects ASSURED✨ Security, Consulting & Growth for Web3 Builders","US/Mexico Border Tunnels","http://assuredefi.com",43480,5794,"2017-01-05T21:29:55.000Z"
"3879800793",RoscoKalis,"Rosco Kalis","https://pbs.twimg.com/profile_images/1909285962112180226/Wf2N1Wus.jpg","Founder @RevokeCash | Keeping crypto users safe & fighting scams since 2019","Amsterdam, The Netherlands","https://kalis.me",6624,931,"2015-10-06T10:53:34.000Z"
"271178212",geoffreymccabe,"Geoff McCabe ⚫","https://pbs.twimg.com/profile_images/1794795495828688896/mO-9MosC.jpg","⚫  Co-founder @PerceptronNTWK - Founder @lightningworks7 - Co-founder of former Top65 crypto @diviproject","Santa Teresa, Costa Rica","https://lightningworks.io",12801,2972,"2011-03-24T00:48:50.000Z"
"2877984044",rogerg8001,"Gregor","https://pbs.twimg.com/profile_images/1745419255984570368/WCcQztof.jpg","Founder & CEO @handlpay | empowering everyone to receive Bitcoin and Stablecoins with their social media handles. Always caffeinated ☕️","","",6605,884,"2014-10-26T07:58:33.000Z"
"42274287",mcagney,"Mike Cagney","https://pbs.twimg.com/profile_images/996424839308107776/9eRNq6ot.jpg","@Figure ($FIGR) executive board chair, co-founder of Figure, @Provenancefdn ($HASH) and @SoFi ($SOFI). Views are my own, not investment advice.","San Francisco","http://www.figuremarkets.com",22067,232,"2009-05-24T20:19:38.000Z"
"556033751",nsusruth,"Susruth 🌸","https://pbs.twimg.com/profile_images/1761511368635584512/4BC0gUl9.jpg","world builder in crypto // キングダム ワンピース // long distance runner // founder @catalogfi, gardener @gardenfi","","",652,100,"2012-04-17T15:00:30.000Z"
"1346599984528023554",KeyboardMonkey3,"Keyboard Monkey -KBM-","https://pbs.twimg.com/profile_images/1897026762640429056/eEqaTx4r.jpg","🦍 multi-disciplinary degenerate. not financial advice, not real advice. co-founder @YEET, co-host @rektradio_","Keyboardmonkey3@gmail.com","",179102,4136,"2021-01-05T23:30:36.000Z"
"746796022010085379",saniy,"𝚍 𝚎 𝚟","https://pbs.twimg.com/profile_images/1841555874659094528/wbMoQAKm.jpg","co-founder @tradeonnova","","",3759,485,"2016-06-25T20:03:41.000Z"
"1522766459767824385",Sem_D_Leo,"Sem.D.Leo | AyannaResearch","https://pbs.twimg.com/profile_images/1787815345606287360/Qe_htyKY.jpg","@EndlessProtocol head of community & ecosystem | @Treasure_AxA Builder |@Ayanna_Research co-founder","","",6876,434,"2022-05-07T02:33:25.000Z"
"1432695864099852299",archethect,"archethect.eth 🏴🦇🔊","https://pbs.twimg.com/profile_images/1891200680884404224/F79SAoi4.jpg","Blockchain architect @hero_glyphs 𓂀, @soneta_xyz. Experience: ElizaOS  @squidrouter plugin, co-founder @smolove__, @BattleFlyGame, @Nil__dao  #ETH 🦇🔊","","",1536,380,"2021-08-31T13:27:18.000Z"
"1054561163843751936",ripster47,"Ripster","https://pbs.twimg.com/profile_images/1941616471932608512/O96P7rSV.jpg","Trading & Investing Education 
Inventor : Ripster Cloud System  
Founder: Tenet Trade Group
https://t.co/0qpaN2fM0W
Disclaimer: https://t.co/PswSgYvYP6","USA","https://tenettradegroup.com/",442484,359,"2018-10-23T02:32:29.000Z"
"1543172414158274560",josipvolarevic,"Josip Volarević 🐣","https://pbs.twimg.com/profile_images/1988236479064055808/DE5hk8x-.jpg","🏗 Founder of @FundlDotFun | @SuperteamBlkn consultant | Backed by Alliance | I've helped founders raise over $6M through through grants, hackathons, and VCs","Croatia","",4709,2959,"2022-07-02T10:00:18.000Z"
"14225119",sumoru,"TK","https://pbs.twimg.com/profile_images/1879227299859730433/UvlFT1aI.jpg","CEO and Founder @Spektergames — 5x founder with multiple exits including @nWayGames, Pixelberry, Nurien, and IvyConnection. @a16z speedrun scout.","San Francisco","https://www.linkedin.com/in/thtkim",42669,1746,"2008-03-26T12:23:29.000Z"
"1400426251827961860",estatexeu,"EstateX","https://pbs.twimg.com/profile_images/1492309680529584132/hfPCYnNQ.jpg","RWA protocol & L1 backed by USDT co-founder. $ESX live on Kraken, HTX, MEXC, Raydium & Uniswap 👉 https://t.co/GV7vi04fdm | Join: https://t.co/hbf8Yc6CWU","Amsterdam","https://linktr.ee/estatexeu",194052,240,"2021-06-03T12:17:07.000Z"
"1444189890195771397",stableshaman,"shaman","https://pbs.twimg.com/profile_images/1998279803712253952/QbTZOPfI.jpg","founder matcha monday - Ethereum is the only mmo that the ccp, north korea and the USA are playing","","",15219,3509,"2021-10-02T06:38:10.000Z"
"1484007824015384577",matty_,"Matty_","https://pbs.twimg.com/profile_images/1952862401331666944/pyEv0qVG.jpg","founder @legiondotcc merit-based token distribution | TGE, mechanism design, regulation, and industry trends | tweets not endorsements or advice","London","https://linktr.ee/tokenomics",15209,1491,"2022-01-20T03:41:16.000Z"
"5381582",julien51,"Jᵾlien Genestoux","https://pbs.twimg.com/profile_images/1664386651081129985/s9fTMCZ_.jpg","Founder @unlockprotocol. (NFT memberships) Previously @superfeedr (RSS, websub), sold to @medium in 2016!

julien51.eth","Westchester, NY","https://www.ouvre-boite.com/",8007,520,"2007-04-21T15:46:08.000Z"
"1545261253173465089",Shibtoshi,"Shibtoshi ™","https://pbs.twimg.com/profile_images/1984560149982326784/Qi21dbnI.jpg","CEO | Founder at @Squid_Grow & @SilentSwap - Under Promise Over Deliver - Day One Shiba Whale - https://t.co/ut4x6nAJm1 - https://t.co/wSoH52uuSz","","https://www.squidgrow.com",40005,1166,"2022-07-08T04:19:56.000Z"
"1248883572662054912",gaia_ferrero,"Gaia Ferrero Regis 🟣","https://pbs.twimg.com/profile_images/1888918602981560322/Fmso2Bzj.jpg","Co-founder @Byzantine_fi","New York","https://www.byzantine.fi/",884,2248,"2020-04-11T08:00:28.000Z"
"1331171436778512387",KieranWarwick,"Kieran.eth","https://pbs.twimg.com/profile_images/1768452617490006016/edm8Rv3k.jpg","Co-founder @illuviumio | $ILV | Twitch: porklamington","Pluto","http://illuvium.io",53321,1957,"2020-11-24T09:43:05.000Z"
"2438551098",victorstarkz,"Victor Tan","https://pbs.twimg.com/profile_images/1696879913922408448/CJRSmDf8.jpg","Founder, CEO at @Trinity_Pad | Co-founded @gamegptofficial, Rainmaker Group | General Partner @attribute_gv | Angel | Bitcoin since 2013","Singapore","https://www.trinitypad.com",2808,959,"2014-04-11T13:53:43.000Z"
"37883349",ShayanZaeem,"Shayan Zaeem","https://pbs.twimg.com/profile_images/1420364648973488129/k0qK9K5s.jpg","Co-Founder
Revolving Games Inc.","San Francisco, CA","http://www.revolvinggames.com",249118,66,"2009-05-05T08:08:54.000Z"
"2175157705",SinaOsivand,"SinaOsivand","https://pbs.twimg.com/profile_images/1590159724493815808/1IIk5wgL.jpg","Founder & CEO of @LaqiraProtocol | Leading DeFi & Payment Innovation | Building the future of #Web3 🚀 holder of $LQR $BTC","Spain","https://laqirapay.com",45294,1595,"2013-11-05T02:11:11.000Z"
"1551195643",cmpeq,"Carter Feldman","https://pbs.twimg.com/profile_images/1656163021763543040/grk52VCv.jpg","Founder of @PsyProtocol, building a privacy preserving, trustless internet","Hong Kong","https://psy.xyz",2489,939,"2013-06-27T17:58:26.000Z"
"1520555038413787136",zen_llama,"ZenLlama","https://pbs.twimg.com/profile_images/1993843675903004672/sFdpplMb.jpg","CSO @MeleeMarkets, Founder of @intokustrat, @unlayeredpod. Former @monad_xyz DevRel, @solana Core Dev, @apple Embedded DSP for AirPods. 👟","Earth","",12311,2491,"2022-05-01T00:06:00.000Z"
"1479628931720486920",EbukaArinze_,"Ebuka Arinze","https://pbs.twimg.com/profile_images/1566436010564718593/Q4kxl_kv.jpg","Founder || God Lover || 
CPO @kredete
Cake Lover","Download the Kredete App →","https://onelink.to/kredete",907,544,"2022-01-08T01:41:11.000Z"
"1544259094529581056",henry_ethlas,"Henry | FailSafe","https://pbs.twimg.com/profile_images/1779545924509003776/GbMPZhWY.jpg","Co-Founder, CPO @getfailsafe | audits | aml & kyt | grants","Singapore","https://getfailsafe.com",34935,2633,"2022-07-05T09:57:25.000Z"
"1353468713974992897",ecdsafu,"fig","https://pbs.twimg.com/profile_images/1948425628090273799/aGk2Cc1H.jpg","Co-founder @squidrouter | Building the nicest place in crypto","UK","https://app.squidrouter.com",2884,1379,"2021-01-24T22:24:29.000Z"
"1468269466597437441",CaesarJulius0,"Caesar","https://pbs.twimg.com/profile_images/1475583029091479554/RY27MgtG.jpg","Founder @StableJack_xyz | Member @safaryclub 🦁","","https://linktr.ee/caesarjulius0",16742,3276,"2021-12-07T17:21:49.000Z"
"1093897155520221184",NathanWorsley_,"Nathan Worsley ✨","https://pbs.twimg.com/profile_images/1923714174527393792/-dICfNlB.jpg","Head Of @euphoria_fi | Founder @LocalCoinSwap_ | Seeking Financial Risk & Adventure | Ex-Salmonella MEV Guy | Thinking & Writing","Worldwide","http://nathanworsley.com",13437,1169,"2019-02-08T15:39:40.000Z"
"624799183",VictorYoungMe,"Victor Young","https://pbs.twimg.com/profile_images/1763977926880456704/JNCOOfjl.jpg","GP at X Fund | Founder at @OneAnalog | $ANLOG | Coming Soon: @Firestarter_ai @Zenswap_io","San Francisco","http://www.analog.one",4581,1333,"2012-07-02T16:18:41.000Z"
"885744336822034432",josebetandcourt,"josé.vdex","https://pbs.twimg.com/profile_images/1913733104461590528/ZAHgGrPt.jpg","Founder @0xVDEX @0xVirtualLabs | 23 y/o @Yale dropout","","https://www.vdex.trade/whitepaper",5817,663,"2017-07-14T06:14:41.000Z"
"4882321573",notrealend,"End ➕","https://pbs.twimg.com/profile_images/1608684230342770691/5sUeE-Sz.jpg","Founder @KPRVERSE, @Edenlayer | Resident @arcthecommunity Cat | 
Previous: Product Lead @Treasure_DAO","BOON Mascot","https://hub.xyz/end",9574,1501,"2016-02-09T09:29:10.000Z"
"234901986",arrighiPA,"Paul-Antoine Arrighi","https://pbs.twimg.com/profile_images/1974194138502283264/GNxKqwcA.jpg","CEO & Co-Founder @Collaterize | Web3 Builder | RWA Alchemist | Inclusive Finance | Previously @Microsoft","Paris / Corsica","",5996,681,"2011-01-06T21:22:44.000Z"
"30400575",sadbryce,"bryce 💀","https://pbs.twimg.com/profile_images/1465433612216582150/jlFBMK1K.jpg","Founder @turnkeyhq","NYC","",4022,1442,"2009-04-11T04:47:29.000Z"
"22977554",nabutovsky,"Alex Nabutovsky","https://pbs.twimg.com/profile_images/1891863052481437696/Vkaf__Hl.jpg","CEO & Co-Founder - @QuickNode","Miami, FL","http://www.quicknode.com",1154,1531,"2009-03-05T20:56:40.000Z"
"1215574862611116032",0xShin0310,"SHIN","https://pbs.twimg.com/profile_images/1905180812141850624/EnOYMR6F.jpg","日本でSlash Cardを作っています。 ステーブルコインを、日常で使えるお金に。 Slash Vision Labs @SlashWeb3 founder","Slash Vision Labs","https://pre-card.slash.vision/",13993,3244,"2020-01-10T10:03:41.000Z"
"1388654489486299136",Keith_Qualoo,"keith dawson","https://pbs.twimg.com/profile_images/1395371023550140417/w3Nh5w9v.jpg","Founder and CEO at @Qualoo_network, building a global decentralized network to ensure our global internet works as well as it should.","Brunei","http://qualoo.io",1196,1065,"2021-05-02T00:40:17.000Z"
"3044877466",awasunyin,"awa","https://pbs.twimg.com/profile_images/1993591644294098944/o94BYC0N.jpg","co-founder @anoma – shipping coordination infrastructure that scales","The Intentnet","https://mirror.xyz/awasunyin.eth",11394,482,"2015-02-19T12:14:19.000Z"
"1584915513070829568",realbarnakiss,"Barna","https://pbs.twimg.com/profile_images/1962178329408114689/2UnH1Rck.jpg","Co-Founder @malda_xyz","Linea / Ethereum","http://malda.xyz",741,357,"2022-10-25T14:31:30.000Z"
"14796840",cameronleemusic,"CAMΞRON LEE","https://pbs.twimg.com/profile_images/1998579720716505088/DrRulvSP.jpg","co-founder @nuonfinance
previously co-founder @truflation
immune to grifters, psyops, and propaganda","Tokyo, Japan","https://remilia.com/~cameronlee",1024,387,"2008-05-16T09:12:15.000Z"
"250985705",marek_,"marek.celo.eth 🦇🌳","https://pbs.twimg.com/profile_images/1906756374199148544/Bhp4_Il2.jpg","Working on @Celo as CEO of @cLabs (co-founder) and @SelfProtocol (co-founder). Previously @LocuInc (co-founder), @MIT, @Microsoft and @Google.","Celoverse","http://celo.org",20521,1806,"2011-02-12T05:59:23.000Z"
"802798065761406976",0xJsum,"Josh","https://pbs.twimg.com/profile_images/1928051419501973504/05FAfFH6.jpg","cook @solayer_labs // founding quant/pm @treehousefi // co-founder @collegedao_hub // @superteamsg // ai📍sf @mission__ctrl","mission control, sf","http://joshuasum.com",2125,1017,"2016-11-27T08:55:48.000Z"
"1695817777481666560",Threesixninemf,"369","https://pbs.twimg.com/profile_images/1974894764043411456/p4jIMTBs.jpg","ODK game developer @othersidemeta • 369 Studios • architect • founder @archzuki • team @foxyfam_ • member @GRDNCaretakers","Otherside","",4198,3610,"2023-08-27T15:17:27.000Z"
"259931469",1paulkim,"pika","https://pbs.twimg.com/profile_images/1682803367662215170/kCv63X9S.jpg","founder @NotifiNetwork | full time coffee addict | holder of #smb #doodles and member of the #monkedao","Seattle, WA","http://notifi.network",1423,933,"2011-03-02T21:59:05.000Z"
"149596476",BenbaLamb,"Ben Lamb","https://pbs.twimg.com/profile_images/1934730475995844608/H6J2yCUq.jpg","Gambling to afford wine 🍷 and golf ⛳️. Co-founder @Yeet https://t.co/VMNIgeGdDN","Stonehenge","",44706,1812,"2010-05-29T18:01:28.000Z"
"14562053",gregory_landua,"Gregory Landua (🌳,🌳,🌳)","https://pbs.twimg.com/profile_images/1816555458280165376/kMQtt0TP.jpg","Co-founder @Regen_Network r/acc, #ReFi, commoning, regeneration, podcast: https://t.co/5DZ9MXaX9K Permi, regenerati, agroforester, father, venture altruist.",".global .local","https://medium.com/@gregorylandua",12822,2725,"2008-04-27T21:49:24.000Z"
"1798533586842484736",JELabs2024,"JE Labs","https://pbs.twimg.com/profile_images/1832808631097839617/JClDrwVf.jpg","A Pioneering Web3 Marketing Consulting Firm Trusted by 90+ Leading Projects | Founder @0xEvieYang","British Virgin Islands","https://www.jelabs.top/",3032,104,"2024-06-06T01:53:22.000Z"
"840330225544187904",scsongi7,"Csongor - CJ","https://pbs.twimg.com/profile_images/1993656081596260352/sC4pkNLr.jpg","Co-founder @malda_xyz || building crosschain liberation","⛓️","",213,270,"2017-03-10T22:35:13.000Z"
"1345716712575037441",FilipeDeFi,"Filipe G.","https://pbs.twimg.com/profile_images/1360911572575600641/Gm0wYLhf.jpg","Co-Founder & CEO at Mevos Labs.
Built Ankr Staking team | Former Swiss Wealth Manager","Dubai, United Arab Emirates","https://www.mevoslabs.com/",8633,3907,"2021-01-03T13:00:58.000Z"
"525054568",hermidao1,"Chris Hermida","https://pbs.twimg.com/profile_images/1960382728269856770/XzrhCxir.jpg","Co-founder https://t.co/xu2S6RL6VI helping build @switchboardxyz, former @circle. Opinions are my own.","","",9480,6861,"2012-03-15T05:14:25.000Z"
"1779502393362939904",krystalhkowlto,"krystal.owlto (🦉💛🦉）｜We are hiring","https://pbs.twimg.com/profile_images/1965329866154459136/pE8FXR8m.jpg","Co-founder of @Owlto_Finance, an intent-centric interoperability protocol | previous @HTX_Global @PwC | Telegram: krystalowlto","Web3 & AI","",941,235,"2024-04-14T13:30:17.000Z"
"1446803240578867200",ExeoThe,"Bastiaan (Exeo)","https://pbs.twimg.com/profile_images/1692171498889633792/eQISav-Q.jpg","Bastiaan van Roekel   
Co-founder and COO of @XPUNKNFTs and @onxrpdotcom CEO of @edendotgame

- Opinions are my own","","",1376,154,"2021-10-09T11:42:37.000Z"
"1038696776",gerardomossotti,"Gerardo Mossotti","https://pbs.twimg.com/profile_images/1979354142683324416/c5MG4ZFx.jpg","Co-Founder & COO @suragamingteam & @suraventures","estados unidos","https://linktr.ee/gerardomossotti",4681,1077,"2012-12-27T03:26:20.000Z"
"3243965897",TimpersHD,"Timpers","https://pbs.twimg.com/profile_images/1911756883561484288/RN0ftlMR.jpg","Pixel artist  🌊🍜 ⁣ co-founder @ChimpersHQ","Pixelverse ","https://timpers.format.com/",58986,8612,"2015-05-09T20:44:03.000Z"
"747144324840849408",Mik34miri,"Mike A","https://pbs.twimg.com/profile_images/1930579457691054080/3c1XMP65.jpg","Co-Founder @VPay_Global | @AllInXGlobal | web3 & AI enthusiast","","https://vLink.id/Mike",547,213,"2016-06-26T19:07:43.000Z"
"1821629651229286400",jellyvideochats,"JellyJelly: Video Chats 🪼","https://pbs.twimg.com/profile_images/1898975645570314240/UPSztJKm.jpg","Co-Founder of Venmo building anti-BrainRot social media. Adopter of $Jelly-My-Jelly MemeCoin. Check link for Jelly coin. New app out NOW- invite code needed!🪼","New York","https://linktr.ee/jellyjellycommunity",18454,194,"2024-08-08T19:29:01.000Z"
"972564454096465921",RastislavBakala,"Rass Bakala","https://pbs.twimg.com/profile_images/1964690669378625536/79nImIMh.jpg","Perfectionist. Father of two girls, one with autism built to never give up. Founder of @playaneemate | @citizenconflict | Distributed by @playonTOY.","San Francisco, CA","http://aneemate.com",16748,1095,"2018-03-10T20:06:49.000Z"
"4906040681",adamlawrencium,"Adam | RWA.xyz","https://pbs.twimg.com/profile_images/1583933200157614080/sNfBM8-z.jpg","co-founder and CEO @RWA_xyz | Building the industry-standard data platform for tokenized RWAs | prev @microsoft","New York, NY","https://app.rwa.xyz/",3659,2101,"2016-02-13T20:48:50.000Z"
"4769203704",eth_apple,"ETH_APPLE🇰🇷","https://pbs.twimg.com/profile_images/1944369100014182400/N-mwvJJ9.jpg","Founder @searchfi_eth l ambassador @apcollective @Ronin_Network @tankdao_xyz","Searchfi CEO","http://hub.xyz/ethapple",191507,3012,"2016-01-16T16:40:25.000Z"
"39740979",Vincemarty,"Vincent Marty","https://pbs.twimg.com/profile_images/1655879441103433735/T3V06nHZ.jpg","Ecosystem Builder • Video Games, Entrepreneurship & Cultural Impact | Founder @ Pixel Players x Heritage (CPO/CSO)","Tours","https://www.linkedin.com/in/vincemarty/",1808,1798,"2009-05-13T12:37:19.000Z"
"20508730",Mariandipietra,"Mariano","https://pbs.twimg.com/profile_images/2003058310518349824/vU2CWxGI.jpg","Founder @num_finance - Acquired in 2025.
Founder @w3g_io - Managing Growth of $15B in Client Assets
Growth @skyecosystem.","Argentina, Buenos Aires","",28787,3627,"2009-02-10T12:04:30.000Z"
"1141716974",abishek,"Abi | abishek.eth/.sol (nyc arc)","https://pbs.twimg.com/profile_images/1863967774835388416/doP-uBxF.jpg","pushin 🅿️roduct @zerion / seeding @socialgraphvc @HydraVentures_ 🎓 always learning @gitcoin @beondeck @MinervaUni / ex @wolframresearch 2x founder","NYC mostly SF sometimes","",5299,4486,"2013-02-02T06:57:17.000Z"
"832638473194463236",dappdesigner,"Ilya Komolkin","https://pbs.twimg.com/profile_images/1877783485554757632/ATMXTsN1.jpg","product / design / co-founder at @Rarible","onchain","http://komolk.in",3390,4607,"2017-02-17T17:10:56.000Z"
"795307430",aaron0v,"aaronov | Step","https://pbs.twimg.com/profile_images/1995525071851364353/GujtidZc.jpg","Music, markets & mileage points | Co-Founder @stepfinance_ |
RWA's @RemoraMarkets

$STEP","Solana","https://step.finance",1500,525,"2012-09-01T04:27:19.000Z"
"1207822149248962561",enzo_gte,"enzo","https://pbs.twimg.com/profile_images/1991573446875058176/y3pmE469.jpg","founder @gte_xyz | the spice must flow","Onchain","",13321,638,"2019-12-20T00:37:03.000Z"
"563633391",pankaj_delta_ex,"Pankaj Balani","https://pbs.twimg.com/profile_images/1859626402372272128/g9GF_siz.jpg","CEO & Founder @Delta_Exchange | Crypto Derivatives Exchange - leading Crypto Options platform for the world | Prev. Derivatives @UBS | Views are personal","","https://delta.exchange",6124,1794,"2012-04-26T08:26:05.000Z"
"1520219583927443456",ben_solstice,"ben","https://pbs.twimg.com/profile_images/1971883848704376832/ZqNE4s-8.jpg","co-founder & ceo | @solsticefi","","http://solstice.finance",42742,259,"2022-04-30T01:52:56.000Z"
"1157549940773543937",alexanhtuan,"Alex Nguyen","https://pbs.twimg.com/profile_images/1927623534244970496/J_hNZL3o.jpg","CEO and co-founder @PhoBlockchain","","https://pho.pro",32100,1494,"2019-08-03T07:13:06.000Z"
"1532461925048942592",KarnFromGoldon,"Karn","https://pbs.twimg.com/profile_images/1957343830677585920/5MZU_ttA.jpg","founder @RageEffect_, @WeAreAscendants","Dorsia","",1243,235,"2022-06-02T20:40:17.000Z"
"955755113141989378",m_BMN_,"mBMN.wod","https://pbs.twimg.com/profile_images/1676838658920390657/SrU97Ytt.jpg","Founder & Intern @WorldofDypians | Proud member of Cats and Watches Society 😸","","http://worldofdypians.com",39933,425,"2018-01-23T10:52:30.000Z"
"1149046507682828291",MarediaShehzan,"Shehzan","https://pbs.twimg.com/profile_images/1948130393913171971/nsOq_rQP.jpg","founder @lava_xyz","","http://lava.xyz",5403,272,"2019-07-10T20:03:30.000Z"
"1679702686734909440",Toshi_base,"TOSHI","https://pbs.twimg.com/profile_images/1995856689325899776/j1N40da8.jpg","$TOSHI is a memecoin on Base named after Coinbase co-founder Brian Armstrong's cat and the pseudonymous creator of Bitcoin, Satoshi Nakamoto.","","https://www.toshithecat.com/",112113,145,"2023-07-14T04:01:54.000Z"
"1389639875817742344",0xrooter,"R🐽ter","https://pbs.twimg.com/profile_images/1799137059573211139/v5iTwoQT.jpg","founder of @save_finance and @suilendprotocol. ex @coinbase engineer, builder, shitposter.","Suilend, SEND","https://suilend.fi",25197,2394,"2021-05-04T17:56:00.000Z"
"1432941005678866433",junbug_sol,"Jun | bulk trade","https://pbs.twimg.com/profile_images/1893426215740112896/87wOCXF8.jpg","Co-founder @bulktrade building a pretty good orderbook 来财，来， 来财，来","","https://bulkie.substack.com",4414,2115,"2021-09-01T05:39:09.000Z"
"944292901558812672",DimitarDinev7,"Dimitar | IPOR Labs","https://pbs.twimg.com/profile_images/1524473184485052416/FiijaX9T.jpg","Research & Innovation in DeFi, co-founder @ipor_io & Fusion ⚛️Views are my own ⚛️","","http://app.ipor.io/fusion",3572,1880,"2017-12-22T19:45:46.000Z"
"702957747227095040",willwarren,"Will Warren 🍵","https://pbs.twimg.com/profile_images/1503444179870965769/ybzv99wz.jpg","Co-founder @0xProject / @matchaxyz","matcha.xyz","http://matcha.xyz",19257,1136,"2016-02-25T20:46:02.000Z"
"371724614",ArturTroian,"Artur Troian ⟁","https://pbs.twimg.com/profile_images/1773074332484243456/tEIDJvp9.jpg","non-maskable interrupt at @akashnet_ co-founder of NotifAi","","https://github.com/troian",229,60,"2011-09-11T11:47:53.000Z"
"968322505332043776",danreecer_,"Dan Reecer","https://pbs.twimg.com/profile_images/1831281411069718528/xt-FUJ7u.jpg","co-founder @WormholeFdn, scaling @Wormhole","","https://linktr.ee/danreecer",112604,6922,"2018-02-27T03:10:50.000Z"
"396543753",ThomasdePhuoc,"Thomas de Phuoc","https://pbs.twimg.com/profile_images/1729976386641702912/EfWqIMSG.jpg","Co-founder and COO @Kiln_finance, aspiring Chief Meme Officer","Mempool","https://www.kiln.fi",1015,4859,"2011-10-23T12:32:26.000Z"
"137501606",_michaelsanders,"Michael Sanders","https://pbs.twimg.com/profile_images/1129355208398704641/vjG8s16m.jpg","Co-founder @0xsequence @TrailsHQ | optimism + obsession = play 💜","","https://sequence.xyz",2038,1523,"2010-04-26T23:12:14.000Z"
"251048429",abrkn,"Andreas","https://pbs.twimg.com/profile_images/1914579968123957248/3QcdBKwM.jpg","Founder, @sideshiftai","","https://sideshift.ai",9960,1207,"2011-02-12T10:02:33.000Z"
"2229041119",amadeobrands,"DeoBrands 🏰","https://pbs.twimg.com/profile_images/1694929932416421888/iZpM6gAy.png","Technologist, Investor, and Entrepreneur with a passion for #DeFi #ON-DeFi🏰
Co-Founder @YieldNestFi","Earth 🌎","https://youtube.com/c/AmadeoBrandsONDeFi",7579,7879,"2013-12-04T00:21:41.000Z"
"2314227612",mBTCPiz,"Nick Cote","https://pbs.twimg.com/profile_images/1892319612693352448/MXTaE1ky.jpg","Bitcoin 2012 - Network Effect Maximalist - AI Maximalist - OTC Maximalist -         Co-Founder & CEO: @second_lane & @GoChiriAI","","",61716,1279,"2014-01-27T20:05:22.000Z"
"1480472184116346880",limelight_gg,"Limelight Gaming","https://pbs.twimg.com/profile_images/1612071993091985409/LPDvwfFA.jpg","🎮 Web3 Gaming Guild 🎮
🕹️ Founder : @cowooding
👾 Organizing gaming events and researching to Increase rewards for gamers.","","https://linktr.ee/LimeLightGaming",34827,24,"2022-01-10T09:31:12.000Z"
"906911824490188800",GregusJakub,"Hydrated Jakub (🐍,🐍)","https://pbs.twimg.com/profile_images/960674912418574336/rZxNr_mx.jpg","Co-founder @hydration_net Partner @zeeprimecap In blockchain veritas. Also in wine 😉 Connecting dots and people.","","https://hydration.net",7341,7449,"2017-09-10T16:06:43.000Z"
"828312833284780036",KristiRossX,"Kristi Ross","https://pbs.twimg.com/profile_images/1389412067392770049/mxd_H-NH.jpg","Co-Founder @tastytrade Opportunity is all around you...pay attention...in trading, in business, in life. Trader. Entrepreneur. My personal twitter account.","Chicago, IL","http://tastytrade.com",5218,276,"2017-02-05T18:42:23.000Z"
"202714557",fcmartinelli,"Fernando | Balancer 🦇🔊","https://pbs.twimg.com/profile_images/1288229159156752385/-vkfZ1cB.jpg","@Balancer co-founder, all opinions my own.","","",13490,647,"2010-10-14T17:21:38.000Z"
"1433389057799860225",MookieNFT,"Mookie","https://pbs.twimg.com/profile_images/2000296306519007234/jkH0AU2k.jpg","Spreading positivity | Founder @SaviorsWeb3 |Creator✍️ 
| Ambassador: @Somnia_Network / @EndlessProtocol","","https://hub.xyz/mookie",151837,20598,"2021-09-02T11:19:29.000Z"
"1524357297509593088",Manishd65108105,"M DAS | COBOX","https://pbs.twimg.com/profile_images/1781432157379956736/_ZVfbP5P.jpg","Ai | RWAs | UGC Gaming | Founder @chainassett @COBOXmetaverse 🧠💰 From creators → to compute → to capital ⚙️ Building for the next Web3 decade","","https://cobox.co",848,975,"2022-05-11T11:54:49.000Z"
"1505757526729519108",BigtimeWarriors,"BIGTIME WARRIORS","https://pbs.twimg.com/profile_images/1608540462247456768/NItGIRst.jpg","DSTRUKT - founder of the BigtimeWarriors 
https://t.co/qrPvt1ZTOH 

YouTube - BigtimeWarriors https://t.co/oe8TSVyShd","","http://BigtimeWarriors.gg",3909,862,"2022-03-21T04:05:55.000Z"
"1416539391489572866",SRL_novachrono,"Novachrono(::)","https://pbs.twimg.com/profile_images/1521181378355761154/Uv6bQvln.jpg","Founder Silent Research Labs","Castle Ethereum ","http://Silentresearchlabs.org",3654,191,"2021-07-17T23:25:18.000Z"
"1653790157378662407",0xUxDesign,"Dan Greer","https://pbs.twimg.com/profile_images/1924985138703634432/0JNWeuVA.jpg","Co-founder @defiapp","Onchain","https://linktr.ee/defi.app",3470,537,"2023-05-03T15:55:35.000Z"
"324394817",JonasSunandar,"jonas | cfl ⚽","https://pbs.twimg.com/profile_images/1901943419536306176/WmLQDSWW.jpg","co-founder @cfldotfun","","https://cfl.fun",1050,2202,"2011-06-26T14:53:59.000Z"
"45652614",ranyi1115,"Ran","https://pbs.twimg.com/profile_images/1813817435973382145/MSlMPrR6.jpg","Co-founder @OrderlyNetwork  $ORDER & #BTC holder","","https://orderly.network",11236,1156,"2009-06-08T19:51:50.000Z"
"33435231",raihan_,"raihan.̷̨̡̡̢̢̡̡̢̡̜̦̤̗̟̫͖͙͚̗̤͇̹̟̦͕͓̱̤̻̠̯͇̯͓̩͈͕̣̙̙͕̻","https://pbs.twimg.com/profile_images/1554888701456527361/0DhPansn.png","🌫️ // prev: co-founder @fwbtweets, elite appliance broker, @syndicateio // “arise - my soul, and sing.” // 🇧🇩☪️☕️ 🃟","LA","https://constant.coffee",13588,6132,"2009-04-20T05:17:09.000Z"
"1669097864247623681",0xNessus,"ness.hl","https://pbs.twimg.com/profile_images/1816852959847673856/EtAuPtQ8.jpg","co-founder of @hyperlendx","trenches","https://app.hyperlend.finance/",5305,591,"2023-06-14T21:42:07.000Z"
"1265091483432075266",FridaCai_,"Frida C. at SperaxUSD $USDs","https://pbs.twimg.com/profile_images/1516586661366407173/pyRBiI1V.jpg","⚪ Partner @SperaxUSD 
⚪ Founder @LIFTED_all 
⚪ Pilates instructor 
⚪ @columbiajourn Data Journalism","New York, NY","http://fridacai.com/",1136,630,"2020-05-26T01:24:57.000Z"
"59423120",cmttat,"Clement | Imaginary Ones | Bubio.ai","https://pbs.twimg.com/profile_images/1723181005010595840/xVXUCAv0.jpg","Co-Founder of @imaginary_ones | @Bubioai
• Building the next Web3 Entertainment Company, one bubble at a time.","Singapore","https://linktr.ee/cmttat",393003,1787,"2009-07-23T10:40:57.000Z"
"1456760108671639558",ghostthesammie,"K | Venta","https://pbs.twimg.com/profile_images/1985892638701367296/0QWOLx1U.jpg","Founder @venta_xyz / @solanasummitORG | Building PayFi on @solana | Prev @CommBank & once upon a time @Apple | Views=Own ☂️","Australia","",7118,4954,"2021-11-05T23:07:52.000Z"
"962488325713027072",SimonAHarman,"Simon Harman 🫵","https://pbs.twimg.com/profile_images/1399876992359559169/T9DM5xId.jpg","Founder @Chainflip @Session_app | from 🇦🇺 | Berlin maximalist | Gives a shit about civilisation, opinions may be present | Check bio |  🇪🇺 & 🇺🇦 = 💪","Berlin","",7907,1832,"2018-02-11T00:47:53.000Z"
"1489463784",Therapist_web3,"Lisa Li","https://pbs.twimg.com/profile_images/1353208349257469952/KodTv_gt.jpg","Co-founder @BlockcastNet✨ | 💻 🤓 via @CeloOrg @LinkedIn @UCBerkeley | bicultural 🇨🇳🇺🇸","San Francisco Bay Area","http://lisaqyli.com",419,679,"2013-06-07T04:27:30.000Z"
"1518953864468303878",Theundline,"Undline","https://pbs.twimg.com/profile_images/1925979988995514368/QTdvv6U9.jpg","Founder and CTO of Modulr | Powering the Global Robot Economy | The Open Network for Robotics, AI, Data, and Compute | 🤖🌎","Virginia, USA","https://linktr.ee/modulr.cloud",638,94,"2022-04-26T14:03:36.000Z"
"1677585618",dahongfei,"Da Hongfei","https://pbs.twimg.com/profile_images/1889663148292292608/KSWa7qw4.jpg","Founder @Neo_Blockchain | Cooking up the next big thing","Singapore & United States","https://neo.org",53073,230,"2013-08-17T07:37:38.000Z"
"2301930998",k_schellinger,"Kevin Schellinger","https://pbs.twimg.com/profile_images/1654152136429584384/sCDrYxIW.jpg","Co-founder @1deltaLabs @1deltaDAO | Building DeFi's best founders network @DeFiFounders | Innovating in Web3 since 2013","Web3","",14243,2061,"2014-01-20T19:45:30.000Z"
"2850026734",jniset,"Julien Niset","https://pbs.twimg.com/profile_images/1757461296360886272/kJp03pjM.jpg","Co-founder @ready_co. Ex quantum physicist.","","",3421,108,"2014-10-29T16:03:55.000Z"
"1577562540334252033",AxelGaubert01,"Axel Gaubert","https://pbs.twimg.com/profile_images/1932031923934670848/Z-O9hpRu.jpg","Restoring the Internet's soul (infra at edge).

CEO Co-Founder @frigghome | Get your friggbox now at https://t.co/VRclddMXGd","","http://frigghome.ai",3637,569,"2022-10-05T07:33:41.000Z"
"4567488860",karansirdesai,"Karan","https://pbs.twimg.com/profile_images/1935961080812953600/6sFQnglD.jpg","Co-founder, CEO @miranetwork // Past: @accel & @bcg","","",6386,1799,"2015-12-15T16:52:54.000Z"
"3258886514",Susmit_Lavania,"Susmit | Huddle01","https://pbs.twimg.com/profile_images/1978880394549219328/Gd3RJseN.jpg","Co-founder @huddle01com","San Francisco, CA","http://link3.to/huddle01",4188,2926,"2015-06-28T12:47:36.000Z"
"1396319230375645192",blockjain,"BlockJain","https://pbs.twimg.com/profile_images/1950307404551274496/50c4r_cX.jpg","Building @Circle @arc | fmr. Co-Founder & CEO @ Gateway (acq.) | @Cornell","","",2863,403,"2021-05-23T04:17:10.000Z"
"417387208",garri_g,"garri 🧙‍♂️","https://pbs.twimg.com/profile_images/1896650586897907713/M82Bex5I.jpg","ceo & founder @getmoni_io
dachshund father
left curve autist
roast me: https://t.co/ZLYeN1wc8V","Earth","https://getmoni.io/",2609,1024,"2011-11-20T21:36:27.000Z"
"1523351345427664898",hypetris_,"tristan | elfa.ai","https://pbs.twimg.com/profile_images/1935240380129120256/sQVXH9pJ.jpg","Co-founder, CEO @elfa_ai | I share the ups and downs of building a tech startup against all odds | Member @SuperteamSG @arcthecommunity","","http://elfa.ai",2483,1471,"2022-05-08T17:17:41.000Z"
"20352228",kevinlambert,"Kevin Lambert","https://pbs.twimg.com/profile_images/1486898801281437702/hfAjSUii.jpg","Co-founder & CPO @koingamesio. Game Designer for 30+ years. Designed Microsoft Solitaire, Dungeon Siege 2, Tron2. Currently head of design at @project_o_gg. 🧃","","https://kevinlambert.com",8237,2692,"2009-02-08T05:23:55.000Z"
"424648488",jahshaka0x,"jahshaka","https://pbs.twimg.com/profile_images/2003367450335670272/2PcfaU7B.jpg","Founder at @gkoi0x | 🚀Virtual Artist ✨Gaming Degen & Ninja Mfer🔥Cooking at @raidxyz @soulbank0x @jahshakafx","⛩️Koiverse","https://www.gkoi.com",8889,2678,"2011-11-30T01:14:31.000Z"
"95986413",0xSimonJones,"Simon","https://pbs.twimg.com/profile_images/1775110305527271424/Hwv5mpcF.jpg","co-founder & ceo @reya_xyz - we're enshrining a high-performance DEX into the ethereum L1","","https://reya.xyz/",18497,767,"2009-12-10T21:21:52.000Z"
"1351455519781883904",RomDotSol,"Rom","https://pbs.twimg.com/profile_images/2001292719637897216/9KK3xNjJ.jpg","Institutional BD @JupiterExchange // co-founder @RainFi_","","http://jup.ag",1788,984,"2021-01-19T09:04:48.000Z"
"85169003",mrone_eth,"mrone.eth 万 🚀","https://pbs.twimg.com/profile_images/1855144822967091200/nOpHZa92.jpg","@DexOneAI BD Lead ♦️| @otgdeficommunit Founder 🚀 | @SouthBlockAsia CRRO 🟧 | Organizer  @abcd_web3_ | @ch90_dao member 🐲 | Make Community Better💪🏻","Galaxy","https://linktr.ee/mrone.eth",1579,2271,"2009-10-25T21:29:12.000Z"
"1020418150821744640",ashrobin,"AshRobin 🐶","https://pbs.twimg.com/profile_images/1616178369011269648/2MUSZzrQ.jpg","Founder: @KantoLabs / https://t.co/e0mf37sZSA 

Trading Journal: https://t.co/RhplX0TfmU

Partner: @rainbetcom / @gmgnai

DM for all business","pallet town, kanto","http://youtube.com/ashrobin",92472,2916,"2018-07-20T21:20:20.000Z"
"2364551725",Cleber2021,"Marky || ThorWallet Dev || Co - Founder","https://pbs.twimg.com/profile_images/1948636980369141760/OUVyWlaW.jpg","Telegram Community Manager at @thorwallet Co - Founder @thorwallet","","",105,1078,"2014-02-27T18:49:13.000Z"
"1314233561524781057",0xAfif,"Afif","https://pbs.twimg.com/profile_images/1477343056848465922/Y9vgNJ78.jpg","founder @etherealdex","","",4213,580,"2020-10-08T15:58:01.000Z"
"1904185457736589312",lincolnbuidl,"lincoln","https://pbs.twimg.com/profile_images/1979335114610933760/Mrh2SvcN.jpg","co-founder @TradeInRhythm | not financial advice","Miami, FL","https://rhythm.trade",1642,1567,"2025-03-24T14:56:17.000Z"
"18812868",super3,"Shawn Wilkinson","https://pbs.twimg.com/profile_images/542050740005388288/cQbCgfrh.jpeg","Building Prodia, AI Inference API. Founder of Storj.","Atlanta, GA","https://prodia.com",6443,690,"2009-01-09T19:57:29.000Z"
"881554124025860096",lucianmincu,"Lucian Mincu","https://pbs.twimg.com/profile_images/1965187001566601216/o8qFKzSe.jpg","Co-founder @MultiversX Labs - building a world supercomputer.","","https://multiversx.com",137788,1104,"2017-07-02T16:44:16.000Z"
"43158225",richardcraib,"Richard Craib","https://pbs.twimg.com/profile_images/1979642719409496064/xW1A-XsZ.jpg","founder @numerai","San Francisco, CA","http://numer.ai",26679,1515,"2009-05-28T17:50:40.000Z"
"1475961385729224705",Madfly_xrp,"Madfly","https://pbs.twimg.com/profile_images/1808275957570207744/hN_yaXwJ.jpg","CFO/CDO and Co-Founder of: @Gen3Labs","","",956,177,"2021-12-28T22:46:39.000Z"
"1519223094543798273",d_s_n_j,"DimSumNinja","https://pbs.twimg.com/profile_images/1819377481822175232/T6hZovpf.jpg","Co-founder @TezzaPoker | Building the next-gen Web3 poker game","The Basement","http://play.tezza.poker",567,207,"2022-04-27T07:53:15.000Z"
"1397813001722400779",BrotherKDG,"KG","https://pbs.twimg.com/profile_images/1967685187015196672/AXPrDmZi.jpg","Founder & CEO of @InternetMoneyio Crypto Wallet | Philosopher | Public Speaker | I like Crypto, AI, Philosophy, Self-Improvement & Social Commentary","","https://contactkg.com",12025,1057,"2021-05-27T07:13:02.000Z"
"1688088559",ozgurefe67,"Özgür EFE","https://pbs.twimg.com/profile_images/1853205604355149824/njgwENx0.jpg","Just someone creating content ✍️ | Founder @AlphaVers3 @echohubweb3 | Partnerships @HuntersofWeb3 @searchfi_eth | Creator @creators_nexus","","https://linktr.ee/ejdermeyvelismoothie",22945,2683,"2013-08-21T11:19:56.000Z"
"14192340",harryhalpin,"harryhalpin","https://pbs.twimg.com/profile_images/820673839742980098/rPTCgQAZ.jpg","CEO and co-founder @nymproject and open internet advocate. Research fellow @mit @VUBrussel. Ex-@w3c and @inria. Journalist for @ProgIntl,","Paris, France","http://www.ibiblio.org/hhalpin",13383,3387,"2008-03-21T17:04:19.000Z"
"1651130389719572480",chirptos,"Pitos","https://pbs.twimg.com/profile_images/1651132677456646145/H2yAsGOI.jpg","founder @ https://t.co/lemY1hByde","London, England","http://chirper.ai",68,26,"2023-04-26T07:46:02.000Z"
"4062791235",jovianbtc,"Klemen","https://pbs.twimg.com/profile_images/1979434654512926721/S4BLlPwE.jpg","Web3 entrepeneur. Founder of @moveonton. Building crypto products people actually use.","","",776,501,"2015-10-28T19:55:16.000Z"
"1358163971778506755",AndreasPensold,"Andreas Pensold","https://pbs.twimg.com/profile_images/1899896382820921344/WRrSdgf5.jpg","Founder & CEO, Pindora | Helping enterprises deploy AI without sacrificing data sovereignty","Austria","http://www.pindora.io",1641,482,"2021-02-06T21:21:59.000Z"
"1312083283",zxocw,"olaf","https://pbs.twimg.com/profile_images/1491590602118492161/uJAKWCCU.jpg","founder @polychain","Los Angeles, CA","",41351,1128,"2013-03-29T00:00:32.000Z"
"216180670",Temptranquil,"Temptranquil | HYTOPIA","https://pbs.twimg.com/profile_images/1961459235960885248/xdbM3q73.jpg","Co-founder/COO of @hytopia","Hytopia","http://hytopia.com/",10618,1687,"2010-11-16T00:12:01.000Z"
"507721994",next_roy,"Supriyo","https://pbs.twimg.com/profile_images/1935180278311567360/6TVmXFb4.jpg","Founder @atriumNft | Making @realmeetquack @nounsmovie ⌐◨-◨  | Views expressed are my own.","","https://atrium.art",3531,646,"2012-02-28T18:17:25.000Z"
"38292395",alfongj,"Alfonso","https://pbs.twimg.com/profile_images/1971467688846225409/s9xMvuwE.jpg","Enabling the programmatic economy. Founder @crossmint |

Previously: 
 | 🔲 I'm not a 🤖 
 | @firebase Auth
 | @google Assistant SDK
 | @whatsapp 3rd PM","","https://www.crossmint.com",5691,2401,"2009-05-06T22:21:23.000Z"
"1360423440",storysylee,"S.Y. Lee","https://pbs.twimg.com/profile_images/1942307561090473985/59ESPvRp.jpg","AI runs on IP. Story turns IP programmable. Founder & CEO, Story. President, Poseidon (Incubated by Story). Founder of Radish (exited to Kakao for $440m)","NYC/SF/SEOUL ","http://linktr.ee/storyprotocol",46476,1380,"2013-04-17T21:55:38.000Z"
"381141528",MatiasNisenson,"Matias Nisenson","https://pbs.twimg.com/profile_images/1829966058058317824/Rp2HjiSo.jpg","Co-founder & CEO @Wonderland

GP @MyelinVC","Buenos Aires, Argentina","https://myelin.vc",9455,1062,"2011-09-27T20:24:03.000Z"
"707591056599228417",UmarAshraf,"Umar Ashraf","https://pbs.twimg.com/profile_images/1525349227815215104/9l1g7Unl.jpg","Founder @TradeZella / trading since 2013. I share my opinions on the market & trading.","New York, NY","https://www.instagram.com/umarashraf/",203254,286,"2016-03-09T15:37:09.000Z"
"1521466796527820800",mknottUC,"Michael Knott","https://pbs.twimg.com/profile_images/1612830332444868608/q6_wf4bn.jpg","Co-Founder & CTO @undercurrentSG + @TappExchange  -  Technology is best when it brings people together.","Singapore","https://www.undercurrentcapital.com/",598,472,"2022-05-03T12:29:09.000Z"
"50722668",randhindi,"Rand","https://pbs.twimg.com/profile_images/1984784923111145472/m3cNJC7t.jpg","Founder (@zama), deeptech investor (https://t.co/3Bm60gidap) & competitive biohacker","","http://zama.org",38708,6850,"2009-06-25T18:20:32.000Z"
"1434161156172697601",Anaroth__,"Anaroth","https://pbs.twimg.com/profile_images/1736875153802350592/azXN4xXE.png","Founder of Incipient Strategies | Occasionally Writing on Paragraph | Trading | Golfing Poorly ⛳️ but Happy |","Orlando, FL","",7177,613,"2021-09-04T14:27:49.000Z"
"875364894480244740",CavemanDhirk,"Dhirk 🦣","https://pbs.twimg.com/profile_images/1988904169336430592/ddJFfp7q.jpg","Ex @TheCavemenClub . Founder of @Defituna - Leverage on CLMM. Smarter with every move.

Opinions are my own","","",28239,1312,"2017-06-15T14:50:29.000Z"
"91534235",leftclickbuynft,"LEFTCLICKBUY","https://pbs.twimg.com/profile_images/2007273781174157313/JhYlnL3x.jpg","Artist & Founder of @LEFTCLICKLABZ. A WEB3 company where art, tech, business and innovation collide. Multichain maxi and Art lover!","Canada","https://leftclicklabz.com",15328,6542,"2009-11-21T08:46:28.000Z"
"847838423880806401",meisterjustice,"Meister","https://pbs.twimg.com/profile_images/1940034394946785280/25QfYfSr.jpg","Builder | Co-founder, @getliquid …… Retweets are not endorsement.","Everywhere","http://GitHub.com/meisterjustice",1317,949,"2017-03-31T15:50:07.000Z"
"302468717",DerekBarrera,"Derek Barrera | 🐂","https://pbs.twimg.com/profile_images/923710766603173888/1siWF6N4.jpg","Founder of @steerprotocol

Decentralized Applications | Open Data | Blockchains | Funky Music","","https://linktr.ee/derekbarrera",4311,2527,"2011-05-21T07:26:15.000Z"
"1803828217188438016",realRockyChung,"Rocky Chris | Titan","https://pbs.twimg.com/profile_images/1841155733410254852/ZsNKUkLM.jpg","CEO & Co-Founder of @Titan_Exchange. 
Ex-crypto/equity hedge fund CTO. @MonkeDAO Toronto Local Ambassador 
Get the best swaps on Solana at https://t.co/sKBQOrCWJy","Canada","http://titan.exchange",3060,997,"2024-06-20T16:32:25.000Z"
"1363186765411057666",vince_dowdle,"Vince Dowdle","https://pbs.twimg.com/profile_images/1995990970467332096/re9eImB4.jpg","Institutional BD @Chainlink // prev. @Mastercard, @FraxFinance, co-founder Kado (acquired by @swappedcom) // TG: vincedowdle","","",1647,935,"2021-02-20T18:00:33.000Z"
"1710528297669660672",Tobin_seraph,"Tobin | Seraph","https://pbs.twimg.com/profile_images/1762755665251139584/_IGETiYe.jpg","Founder&CEO @Seraph_global, die-hard fan of Diablo2, crypto degen","","",9201,10,"2023-10-07T05:32:01.000Z"
"167914998",0xMarjorie,"Marjorie Hernandez","https://pbs.twimg.com/profile_images/1988749166999117824/nhDlhRJv.jpg","Entrepreneur | Innovating in Culture & Tech | Founder @dematerialised | Ex @lukso_io | Vogue Business 100 Innovators & FAZ 50 Most Important in Fashion","Complex Con ","https://beacons.ai/marjoriehernandez",13244,667,"2010-07-17T21:46:29.000Z"
"1577271652722802690",0xApolloFi,"0xApollo (💜,🏛️)","https://pbs.twimg.com/profile_images/1842542399207219200/u9SIWrn1.jpg","CMO & Co-Founder @ThenaFi | Member @SafaryClub | Ambassador of Heaven 🇫🇮🦁🪽","THENA","https://t.me/OxApolloFi",1681,350,"2022-10-04T12:17:28.000Z"
"14814762",joemccann,"◢","https://pbs.twimg.com/profile_images/1966522911197683712/BXgWydGT.jpg","“Only a fool trips on what’s behind them.” — Iceberg Slim ◢ Founder, CEO, Asymmetric Financial & Asymmetric Information","La La Land","",103346,2,"2008-05-17T21:19:23.000Z"
"1189553474578591745",NFTCollector,"King David","https://pbs.twimg.com/profile_images/1764708469519831040/l93jGrJX.jpg","The #1 designer in web3 👀🔥 Crypto Investor | NFT Collector || Founder @cryptochipsio Co-Founder @ascentrivals @genungames

🤜 @gUbGuuB","Seattle","",9332,398,"2019-10-30T14:43:56.000Z"
"393921515",0xCude,"Cude","https://pbs.twimg.com/profile_images/1954514683223744515/09mUxGV_.jpg","Founder/Lead Artist @MortalCK | Art Teacher 😼","UAE","",3812,89,"2011-10-19T09:06:58.000Z"
"182824251",tonjkb,"Tony Jacob | FindaClip.com","https://pbs.twimg.com/profile_images/1879249135582253057/Lx-EshkE.jpg","Founder @findaclip. FindaClip helps you find & download high quality viral clips instantly from lengthy videos. Helping clippers & editors make more money.","","http://findaclip.com",685,422,"2010-08-25T13:51:26.000Z"
"22153834",yossihasson,"Yossi Hasson","https://pbs.twimg.com/profile_images/1981763484292415488/HhqFrLfU.jpg","Building @hellometaversal | Prev MD @Techstars; Founder @SYNAQ, @WeThinkCode | follow for web3, $ETH & NFTs","New York, NY","http://www.metaversal.gg",6838,3210,"2009-02-27T15:59:13.000Z"
"1312841661576220672",CyberShakti,"Cyber Shakti | Poster.Fun ⭐️","https://pbs.twimg.com/profile_images/1997347310981005312/O_MovZb9.jpg","Founder & CEO @posterdotfun | Born to birth the next creator powered Internet | Suffering from severe Lucky Girl syndrome (powered by hardwork!)","San Francisco","http://cybershakti.world",8169,6599,"2020-10-04T19:47:12.000Z"
"10780612",aseidman,"ariel seidman","https://pbs.twimg.com/profile_images/1520965921107365888/PKzeM2sI.jpg","CEO & Co-Founder @TryBeeMap. Founder @hivemapper. Building a map of the earth.","United States of America ","http://beemaps.com/bee",14898,881,"2007-12-02T05:56:03.000Z"
"325596794",teddywoodward,"Teddy Woodward","https://pbs.twimg.com/profile_images/1327008174445105155/Sdg3Yk3n.jpg","Co-founder and CEO @NotionalFinance. DeFi maxi.","","https://notional.finance/",3064,129,"2011-06-28T15:16:56.000Z"
"2397732823",VijayPravinM,"Vijay | bitsCrunch - $BCUT","https://pbs.twimg.com/profile_images/1726610850985697280/faGh0LOc.jpg","$BCUT | Founder @bitsCrunch | Raised $12M+ | Pioneering On chain data & AI services | Backers @coinbase @animocabrands | Partners @mastercard @EYnews","Munich, Germany","https://linktr.ee/vijaypravin",10716,2251,"2014-03-19T11:45:26.000Z"
"367701406",0xLars_,"Lars 🛠️🪙","https://pbs.twimg.com/profile_images/1648824285534859264/oVqelqOa.jpg","Trainer of Agents • Maker of Markets • Co-founder & CTO @Almanak 👨‍💻👾⚗️","some rabbit hole","https://lars.engineer",1282,639,"2011-09-04T12:20:54.000Z"
"1147303154",TjTejinder,"TJ","https://pbs.twimg.com/profile_images/1666979729650614272/UlidT-cu.jpg","Co-Founder and CPO @VelarBTC","Dubai","http://velar.com",254,152,"2013-02-04T07:24:59.000Z"
"1219025723790430215",tiagovalhalla,"Tiago","https://pbs.twimg.com/profile_images/1880772067127136256/HtceyzdK.jpg","founder @valhalla_defi, chief hat officer @0xMegaMafia","","https://app.valhalla.exchange/",3420,943,"2020-01-19T22:36:07.000Z"
"1326944400304435207",settingthetempo,"JB","https://pbs.twimg.com/profile_images/1930167619929419778/cBzzugc3.jpg","founder @w3socialxyz | CMO @FP_Block | @heliosstaking | @sailorlend | msc exercise science & nutrition","Ireland","",2389,1581,"2020-11-12T17:46:20.000Z"
"1370442487093891072",umang_veerma,"umang","https://pbs.twimg.com/profile_images/1841190442563424258/bzS00btI.jpg","founder @cleopetrafun","","http://umangverma.com",4014,1092,"2021-03-12T18:32:18.000Z"
"2719106213",vlarin,"Vlad Larin","https://pbs.twimg.com/profile_images/1960780047272566788/UmQf9th0.jpg","decentralized AI/LLM researcher // co-founder, CTO at @fortytwo","Bay Area, CA","https://fortytwo.network",475,296,"2014-07-20T21:07:12.000Z"
"313696214",ankush_gola11,"Ankush Gola","https://pbs.twimg.com/profile_images/1630124044552142848/sKGnSxAm.jpg","Co-Founder @LangChainAI","San Francisco, CA","",8104,367,"2011-06-09T02:19:49.000Z"
"23702786",IZADI,"IZADI","https://pbs.twimg.com/profile_images/1973912140961759232/Bgh1eLPg.png","🥂🕯️Founder: @GraffitiMansion 🎨izadi Tweets = NFA & DYOR Disclaimer:","","https://hoo.be/izadi",43180,10442,"2009-03-11T01:56:13.000Z"
"974783184952004608",GunnisonCap,"David Packham","https://pbs.twimg.com/profile_images/1957076772115173376/VH8NUOmL.jpg","Co-Founder & CEO at @ChintaiNetwork. Doing DeFi and RWA before both were buzzwords. The Real World Asset revolution will be tokenized. $CHEX 🥣","","https://chintai.io/",8603,272,"2018-03-16T23:03:16.000Z"
"1439011339192709122",shax_btc,"shax.nyla","https://pbs.twimg.com/profile_images/1981929240858693632/zNz9Oo6l.jpg","Founder @AgentNyla 🔸 brother @btcberries","82.8628° S, 135.0000° E","https://time.fun/Shax",15112,1862,"2021-09-17T23:40:19.000Z"
"26529850",kenjohnscreates,"Kenny Johns ⚡️","https://pbs.twimg.com/profile_images/1990847246141644800/MePF8Avx.jpg","Co-founder + GTM + Ops @AmpleProtocol Tokenized Global IP Protocol | Top 100 Innovator | 1x SMB | Completed @nearhorizon | Former @natgeo @discovery","","https://linktr.ee/ampleprotocol",2480,2235,"2009-03-25T16:23:20.000Z"
"142185951",XiliangChen,"Bryan Chen","https://pbs.twimg.com/profile_images/1193703781885571073/GGQ9dB9n.jpg","Co-Founder and CTO of @AcalaNetwork, @KaruraNetwork, and @LaminarProtocol","Auckland, New Zealand","",26691,364,"2010-05-10T06:05:27.000Z"
"2802151462",honza204,"Roy","https://pbs.twimg.com/profile_images/1664358663186976768/0drAoOUp.jpg","Founder & CEO at @DEXXai_EN ｜ 狂欢是崩塌的边缘适合抽身离场，寒冬是温柔的凉夜适合纵情向前 #Bitcoin ｜在链上再造一个Binance #DEXX","","",23349,1399,"2014-10-03T15:39:24.000Z"
"1112927227883053057",benstraussphoto,"Ben Strauss","https://pbs.twimg.com/profile_images/1981057196667363328/9oc3oKs_.jpg","Art by Photography || Art by Code || Founder of @TransientLabs || Proud Husband & Father || Nat Geo stuff","Boulder, CO","https://www.pursuitofequilibrium.com",36577,1617,"2019-04-02T03:58:23.000Z"
"869865541",Sandypeng,"Sandy Peng","https://pbs.twimg.com/profile_images/1958425173537005568/KiqFxAM3.jpg","Co-Founder @Scroll_ZKP | Supporting Founders @_openeconomy","Kuala Lumpur City","https://www.sandypeng.com/",41708,4112,"2012-10-09T13:09:52.000Z"
"1948969009",brbordallo,"Tole","https://pbs.twimg.com/profile_images/1655842143829729280/90EMFKIJ.jpg","Founder @Zignaly & @ZIGChain | Enabling Wealth Generation for Everybody 🔗💰Treating aging like a bug to fix—debugging current body for 140 years+ #Biohacking","Earth","https://zigchain.com/",10655,73,"2013-10-09T09:17:15.000Z"
"16620786",gregosuri,"Greg Osuri 🇺🇸","https://pbs.twimg.com/profile_images/1979052775888609280/e48HHf1U.jpg","founder @akashnet  •  $AKT","San Francisco","https://akash.network",51241,1196,"2008-10-06T21:33:30.000Z"
"4784180306",Brandon_M_Kumar,"Brandon","https://pbs.twimg.com/profile_images/1561509706597912583/id_Q070q.jpg","co-founder @layer3 & @AmpleHQ, prev investor at accolade partners","🇺🇸","",7886,3969,"2016-01-19T15:02:18.000Z"
"2858028572",0xfravashi,"fravashi","https://pbs.twimg.com/profile_images/1739730409943134208/ifXbNs3A.jpg","CEO/Co-founder @KuruExchange","","",25846,999,"2014-10-16T12:29:55.000Z"
"1149290264",erkine,"erkin","https://pbs.twimg.com/profile_images/1928557852525826048/QEXUOH1X.jpg","founder of @blench - building the greatest anime empire on Monad","AT ALL COSTS","http://blench.xyz",10765,1758,"2013-02-04T22:55:45.000Z"
"1451232965208444928",Skeletor_Space,"Skeletor Spaceman","https://pbs.twimg.com/profile_images/1790700909661421568/1se914X2.jpg","Passionate forester of the dark.
Eternal beginner.

co-founder & architect @ Wonderland","","https://wonderland.xyz",818,112,"2021-10-21T17:04:48.000Z"
"1026141145049513984",erenugrsvn,"Richter.hl","https://pbs.twimg.com/profile_images/1934085873101918208/lc7bCt7N.jpg","Community Manager at @ottionhl
Founder of @ChomolonJoff","","",1128,338,"2018-08-05T16:21:28.000Z"
"125465798",Pakm2n,"PakMan","https://pbs.twimg.com/profile_images/1889480723276468224/ChHACXwi.jpg","","","",3256,612,"2010-03-22T22:38:07.000Z"
"46872625",boqdan_,"bogdan 🔅","https://pbs.twimg.com/profile_images/1500153042049589250/aEMjFspQ.jpg","creativity maxi 🎹 co-founder @MentoLabs🧪 prev @clabs, @consensys, @anyroad, @soundcloud ⼃semi-professional hodler","the white lodge","http://bowd.io",561,903,"2009-06-13T11:47:11.000Z"
"1411873881804087303",cyimonio,"Cyimon","https://pbs.twimg.com/profile_images/1864629626217349120/2QjgB9yB.jpg","Co-founder of @Fiamma_labs🔥","ZK is the end game","",586,103,"2021-07-05T02:25:50.000Z"
"14205785",cnaut,"Charles Yoo-Naut (🌧️,🌧️)","https://pbs.twimg.com/profile_images/1911953755366473728/-Ku3Eql-.jpg","co-founder @raincards -  building the blockchain-based card issuing and stablecoin interoperability platform","Brooklyn, New York","https://rain.xyz",3850,2178,"2008-03-24T05:40:35.000Z"
"35685354",AntonioRomero,"Antonio Romero","https://pbs.twimg.com/profile_images/552759127462531072/1Fa6oHL9.jpeg","Founder @belegends_ok @comparabancos. Telecom engineer @TelecoUPV Electronic engineer @ENSEA1, MBA @IEbusiness","Lisbon, Portugal","https://www.linkedin.com/in/antonioromero",775,535,"2009-04-27T06:06:26.000Z"
"18028287",ThePointsDai,"Lin Dai","https://pbs.twimg.com/profile_images/1659376998064484353/FOcJzxI9.jpg","Points Nerd✈️ Blockchain Technologist⛓ Dad👶🏻 CEO @GetSuperlogic next-gen experiential rewards tech, Board & Co-founder @joinbookit + @spreefinance","Miami, FL","https://linktr.ee/ThePointsDai",4264,2682,"2008-12-10T19:48:28.000Z"
"218406806",fern,"Adam Fern","https://pbs.twimg.com/profile_images/1898383987896135680/LU0AOI7u.jpg","Current: Co-founder @proofofplay

Past: Founding team @CashApp, Product Lead Square Loans

Always: film buff | pizza maxi | MP3 collector","New York","",53957,1122,"2010-11-22T07:57:21.000Z"
"809328107261988865",insider0x,"Alex Salnikov 🟡","https://pbs.twimg.com/profile_images/1921054588318203904/_3m4ocDo.jpg","co-founder at @rarible - the NFT company","MIA/NYC","https://jobs.lever.co/Rarible",17498,5122,"2016-12-15T09:23:52.000Z"
"1123916593786961922",joe_defi,"Joe Flanagan","https://pbs.twimg.com/profile_images/1910779342046846976/Soo0ZQ42.jpg","Co-Founder @maplefinance","","http://maple.finance",3466,458,"2019-05-02T11:46:12.000Z"
"1367535132354224132",Socrates0x,"Socrates","https://pbs.twimg.com/profile_images/1785716203819765760/0srWXV17.jpg","Co-founder @cortex_protocol labs, @SynapseProtocol.

Building the first AI model and agent that understands crypto.","","",2604,924,"2021-03-04T17:59:30.000Z"
"816795420986929154",lucky,"Lucky","https://pbs.twimg.com/profile_images/1693573134937423873/VVmC_I_g.jpg","Co-Founder of @Rollbit","","https://rollbit.com/",11782,222,"2017-01-04T23:56:18.000Z"
"1536772526839173121",__nemo__omen,"NewSHA","https://pbs.twimg.com/profile_images/1856069028839665664/b-ZZI7er.jpg","PhD student @Princeton | Co-founder @Tele_Swap | Interested in AI and Blockchain","Princeton, NJ","",695,999,"2022-06-14T18:08:33.000Z"
"3689833157",GrugLikesRocks,"👑Dark Lord Grug 🦇🔊","https://pbs.twimg.com/profile_images/1760713500991639552/p9u7phvA.jpg","Founder/Game Designer @Grugslair / Crafting Games since 2012 
Ex: Crypto HFM / Research analyst (Gaming/Scalability)
Supreme Dark Lord @lootrealms","Join us in the Lair ➡️","https://discord.com/invite/RqhmnxCVkJ",5026,1208,"2015-09-17T21:47:44.000Z"
"989606622",DevinLewtan,"Devin Lewtan","https://pbs.twimg.com/profile_images/1617587310471544834/OcyFh98V.jpg","💙 prev @browsercompany, co-founder @madrealities, @shotsonclub, forbes 30u30","Brooklyn, NY","http://lewtan.dev",8363,3548,"2012-12-04T21:25:05.000Z"
"161682347",ptrwtts,"Peter | Relay","https://pbs.twimg.com/profile_images/951876969083400194/sT2FlE4h.jpg","Founder @RelayProtocol 
Instant, any to any cross chain swaps https://t.co/1MSpnKDEF3","Sydney","https://relay.link",5487,930,"2010-07-01T13:45:16.000Z"
"8301692",linzheming,"Jeremy Lin | 🔄 DotSwap (On Nexus)","https://pbs.twimg.com/profile_images/1907245789585571840/UqbAIPLf.jpg","UTXO Maxi, Miner from 2011, Liquidity CATalyst, Co-Founder & CEO: https://t.co/fbLrOspojW, https://t.co/zEgTdWMeW1, husband and father.","Hong Kong","https://dotswap.app/",4399,2221,"2007-08-20T09:36:30.000Z"
"1475662408014200835",crypto_kerr,"Brian Kerr","https://pbs.twimg.com/profile_images/1863456210256601088/mFZtJMVo.jpg","Investor/Entrepreneur in Austin, TX - Founder of @Kava_chain & @Fnatic - Playing lots of #pickleball Check out https://t.co/mcZ0oQyc93 #bayc #apefollowape","Austin, Texas","http://Kava.io",924,772,"2021-12-28T02:59:48.000Z"
"3051960026",thegck,"GoodChristianKid 🇺🇸","https://pbs.twimg.com/profile_images/1979177746921115648/4rPYCkZ-.jpg","Founder of @unchainedonsui 🤠 YouTube Manager for @blaze_stream | Arc Raiders and The Finals Content Creator 📺 Christian/Baptist 🙏","A Gamer 🇺🇸 ","https://linktr.ee/GoodChristianKid",18604,4867,"2015-03-01T06:22:47.000Z"
"1251944069376413697",0xTimur,"Timur","https://pbs.twimg.com/profile_images/1638535908679901190/Pfevx4wL.jpg","dev | co-founder & CTO at @CieloFinance,  Member of @uniwhalesio","","http://cielo.finance",1583,1613,"2020-04-19T18:41:48.000Z"
"118174400",katherineqb,"Kathy 🪩✨","https://pbs.twimg.com/profile_images/1996379230012112896/qETUb-5l.jpg","Co-founder & CMO @TanssiNetwork • Former @MoonbeamNetwork & @IBM • My tweets are my own 👩🏽‍💻","Tanssi","https://www.tanssi.network/",34770,1091,"2010-02-27T20:53:38.000Z"
"2838343827",isa_sertkaya,"isa sertkaya","https://pbs.twimg.com/profile_images/1369966056324931584/-sB544OX.jpg","Co-Founder @stripchain & @silentdao_, PhD in Cryptography","Stripchain, Silent","https://www.silentresearchlabs.org/",2520,103,"2014-10-20T19:08:31.000Z"
"30041428",SimonRAmor,"Simon | Sling","https://pbs.twimg.com/profile_images/1851937578020130816/7xA5oSAS.jpg","Co-founder & designer @SlingMoney (@AvianLabs). Previously designing for Ai at @Spotify, growth at @Monzo, other stuff for @Google, @Android @PotatoStudios_","London, England","",1663,908,"2009-04-09T18:53:32.000Z"
"2742539024",jinglejamOP,"Optimist Prime","https://pbs.twimg.com/profile_images/1993834818807975937/LY29jS1Y.jpg","CEO & Co-founder of Optimism.","","https://github.com/ethereum-optimism/ecosystem-contributions#readme",22285,478,"2014-08-18T17:22:24.000Z"
"68800592",juliendvr,"JulienD","https://pbs.twimg.com/profile_images/1936433461549481984/mah5vcsI.jpg","🧙 Solo Marketer & co-founder of a $2M ARR Web3 Startup. Using AI to grow & scale","","http://request.finance",874,80,"2009-08-25T20:59:45.000Z"
"18993033",konstantin11,"konstantin richter","https://pbs.twimg.com/profile_images/1434695588076048388/92ySuXJb.jpg","Founder/CEO of @blockdaemonHQ","New York, NY","http://blockdaemon.com",3130,812,"2009-01-14T20:12:28.000Z"
"1314288828929265664",PeanutTrade,"Peanut Trade","https://pbs.twimg.com/profile_images/1957239496065339392/PJcprPFH.jpg","Full-Cycle Market Maker: TGE Architect · HFT/MEV Trader · Your Trusted Dev. Founder & CEO @amomot86","Lisbon, Portugal","https://peanut.trade/",33409,669,"2020-10-08T19:37:43.000Z"
"635682749",suji_yan,"Suji Yan 💜🔥🎭","https://pbs.twimg.com/profile_images/1893512782584168448/-D6eX9i8.jpg","founder of @masknetwork / @thefireflyapp 💜🔥🎭🐦 Maintain some fediverse instances sujiyan.eth NFA DYOR","Cyberspace","http://web3.bio/sujiyan.eth",33826,5597,"2012-07-14T21:54:18.000Z"
"1835970705810456576",saul_pink,"Saul Pink","https://pbs.twimg.com/profile_images/1835971344707796992/C1i4Ji9k.jpg","@PinkEcosystem cat, founder. Holder of #btc, #eth, #bsc, #sol, #ton","","https://www.pinksale.finance",3377,68,"2024-09-17T09:15:45.000Z"
"27467379",reubenyap,"Reuben Yap priv/acc","https://pbs.twimg.com/profile_images/1921493631979954176/JnXG51-N.jpg","@firoorg Co-Founder & Project Steward #privacy $FIRO $XMR $ZEC priv/acc 🇲🇾","","https://firo.org",9492,4108,"2009-03-29T17:48:51.000Z"
"1545466375665491968",0xAditya1,"Aditya","https://pbs.twimg.com/profile_images/1889256247288836096/YhkUQJmY.jpg","Co-Founder  @AtmosProtocol | ex @PanoraExchange , @defyapp_ , dev @ HFT","ATMOSphere","http://app.atmos.ag",1071,1033,"2022-07-08T17:54:44.000Z"
"897851575699460096",ARafayGadit,"Abdul Rafay Gadit","https://pbs.twimg.com/profile_images/1832043640941576192/7pr4J43j.jpg","Co-Founder & Master of Coin $ZIG @ZIGChain. Managing Partner @ZigLabs_, Partner @Disrupt_com. Financial independence & $ZM for everyone! 💪 🇵🇰 🇦🇪","Dubai, United Arab Emirates","http://zignaly.com",25781,1529,"2017-08-16T16:04:31.000Z"
"629466946",gkisokay,"Graeme","https://pbs.twimg.com/profile_images/1988420071824470016/nrXOtFnM.jpg","Crypto AI enjoyer | Founder of @amplifi_now | @Virtuals_io Partner | Advisooor","","",19076,3423,"2012-07-07T16:36:04.000Z"
"608799400",BitBoyJay,"Jay🍌","https://pbs.twimg.com/profile_images/1582568670173200386/hhUdCjd1.jpg","#BAYC 9989 & 9987 | Pure Degen | Alpha Calls | NFT & On-Chain Analyst | Founder | - Crypto since 2012 ( Building @LOTI_NFT)","Austin, Texas","http://discord.gg/loti",42809,4542,"2012-06-15T05:18:51.000Z"
"903683029738156034",MichaelSatoshi,"TattedLawyer.eth 🌐 Andrometa","https://pbs.twimg.com/profile_images/1812919896059060224/vfzMVysf.jpg","Lawyer ⚖️ Tatted - Crypto ‘17 - Nintendo Publisher - Manga Author - A.I. Dev - Game Dev - Onchain Evangelist - Creating Social AI - Founder of @theandrometa","Andrometa","https://linktr.ee/theandrometa",10618,3977,"2017-09-01T18:16:38.000Z"
"50677518",Futurizt,"Mitja","https://pbs.twimg.com/profile_images/1973817874138419200/kwO9q_Od.jpg","GOSH Co-founder, Acki Nacki co-author","","https://gosh.sh/",2634,167,"2009-06-25T15:34:52.000Z"
"1335776011351416833",piovincenzo_,"Pio","https://pbs.twimg.com/profile_images/1962922616047419392/N9Orkn7H.jpg","Co-founder @BoDoggos Board Member: @K9Strategy For partnership requests https://t.co/8OtdwrYizW","","",92583,4578,"2020-12-07T02:40:03.000Z"
"223908972",barinov,"Igor Barinov","https://pbs.twimg.com/profile_images/1995183021595447298/9DoH2mHd.jpg","Privacy coordinator .｡•° Ethereum Foundation °•｡. 

prev: founder of Blockscout @blockscout ,  xDai aka @gnosischain, contributor @zkBob_","","",7283,2552,"2010-12-07T17:15:13.000Z"
"2166711024",sreeramkannan,"Sreeram Kannan","https://pbs.twimg.com/profile_images/1957594394892312577/dsAJIX9F.jpg","Founder @EigenCloud ($10B+ AUM protocol) • Trust for the Agentic Era (backed by A16Z) • Ex-Prof @UW: Information Theory.","Seattle","http://www.eigencloud.xyz",44607,6054,"2013-10-31T14:24:23.000Z"
"1103617161988395009",crypcipher,"cipher","https://pbs.twimg.com/profile_images/1103618126745387008/me4SX2Tq.png","UTXO Stack founder, RGB++ protocol author, JoyID Passkey wallet founder","Singapore","https://utxostack.network",10085,643,"2019-03-07T11:23:30.000Z"
"1545237756",acheungquantum,"Andrew Cheung","https://pbs.twimg.com/profile_images/1985403794910281731/rmbtQRdc.jpg","Founder & CEO @01quantuminc, CTO @qlabsofficial Post-Quantum Security Expert. Thought Leader in the #Quantum realm of #CyberSecurity","Ontario, CA","https://www.01com.com",1364,115,"2013-06-25T09:28:28.000Z"
"16409979",mchammond,"Matthew","https://pbs.twimg.com/profile_images/1989025724096036864/G4I-4t1s.jpg","Head of Growth @gelatonetwork, @ArrakisFinance. 
Prev @EverclearOrg, @Celo, founder @summa_one (acq.)","California, USA","",2616,1321,"2008-09-22T21:05:50.000Z"
"9103922",MattPRD,"Matt Schlicht","https://pbs.twimg.com/profile_images/1599549466272407552/HWXtuIQf.jpg","CEO / Co-Founder @OctaneAI. Creator of @yesnoerror. Writing about AI agents https://t.co/BOIpaoIubo. YC W12. Co-founder/GP @TheoryForgeVC (AI fund)","","http://octane.ai",183802,5678,"2007-09-26T09:07:17.000Z"
"186066489",Henryleemr,"Henry Lee","https://pbs.twimg.com/profile_images/1985357577425952769/w5DBdFzn.jpg","Ecosystem Product Lead building @GoKiteAI. Founder @SuperteamMY. Prev ML research @UniofOxford & early AI Engineer @Google-backed unicorn @Oxa_UA.","","https://henryleemr.bearblog.dev/",3532,1280,"2010-09-02T14:22:07.000Z"
"1348469562577100801",glowburger,"glowburger","https://pbs.twimg.com/profile_images/1942164843592597504/4hAEHh-z.jpg","FAN ARTIST & designer @bulktrade ⋆⁺₊⋆ founder @bageldotpoof, art archives https://t.co/R685OgS63B","","",3384,998,"2021-01-11T03:19:40.000Z"
"1675093058893799424",Razer_Rollbit,"Razer","https://pbs.twimg.com/profile_images/1940736734691573761/RhBVjqMz.jpg","Co-Founder of @Rollbit","","https://rollbit.com/",6709,284,"2023-07-01T10:44:54.000Z"
"1252142972",aya_kantor,"Aya Kantorovich","https://pbs.twimg.com/profile_images/1484273558633201667/HOOZNgky.jpg","Co-Founder & Co-CEO @august_digital powering @upshift_fi | Fmr Founding Team @FalconXnetwork, prev @PanteraCapital opinions are my own | pfp @crypto_coven","","",4128,1404,"2013-03-08T16:18:53.000Z"
"1569155154372448256",Temidire_right,"BIG TEMI♠️","https://pbs.twimg.com/profile_images/2002726367750664192/dLabacX9.jpg","Funded Trader || Founder @PipgainTrading || liquidity Flow Model || forex blueprint 2026 👇","Partner GOATFUNDED ","https://t.me/Forexblueprint2026",20744,162,"2022-09-12T02:45:42.000Z"
"1508093738203160581",martechnetworks,"MarTech Networks","https://pbs.twimg.com/profile_images/1997661034786545664/YqgfpUB0.jpg","Marketing | Project Development | Consultation. Founder @MarTechNetworks | @BCGuardianZ | @MarTechPR | @luxuryatl Discord: https://t.co/Kc2Zuh7H4m","The Universe","http://www.bcguardianz.xyz",14755,3955,"2022-03-27T14:50:04.000Z"
"169744332",PMDBT,"Jerry Chu 🍊","https://pbs.twimg.com/profile_images/1602109131237707777/Zao5qBVe.jpg","Co-Founder @lofty_ai, building the world's first real estate exchange, @AlphaArcade69, prediction market on Algorand, @keebsforall, custom mechanical keyboards","Los Angeles","https://www.lofty.ai",2825,146,"2010-07-23T02:05:48.000Z"
"48046415",james_smits,"James Smits","https://pbs.twimg.com/profile_images/654731608063283200/6eu-pKLB.jpg","Co-Founder @dawninternet and @andrena_wifi. Teeny tiny angel @ElCapCap. Premodern Magic: The Gathering aficionado. Tennis romantic. Bernie Williams stan.","New York","https://www.elcapitancapital.com/",1932,533,"2009-06-17T17:49:30.000Z"
"1370080218153680905",cryptofishx,"fish","https://pbs.twimg.com/profile_images/1972727651732262912/QSElsPA7.jpg","Co-founder @token_mill @lfj_gg  @merchantmoe_xyz","","http://lfj.gg",69894,1394,"2021-03-11T18:33:01.000Z"
"1395484460225900545",MetaFroggy_,"Froggy 🐸","https://pbs.twimg.com/profile_images/1958428876423462912/D9pTxvW9.jpg","Europe Hub Lead @ton_blockchain & @TONEurope // ex Founder @memecon_omg. 
My chinese friends call me 巴宇 
NFA, only shit posting kek.","","",4621,3785,"2021-05-20T21:00:07.000Z"
"1443019180706566147",ClaireMa12,"clairemxd","https://pbs.twimg.com/profile_images/1888882594839920640/0rkKzf0C.jpg","Co-founder @EthSign 
If you are good at something, leave a mark.","Product Land","",4712,1290,"2021-09-29T01:06:11.000Z"
"1235902576828219393",Seb_Moriarty,"SEB | Netrunner (Save More, Do Less.)","https://pbs.twimg.com/profile_images/1996939984146751488/wU0YOL39.jpg","Co-Founder & nCMO: @phase_ | Founding Member: @RadiantsDAO ☀️ | prev: washed up dj","Solana","https://linktr.ee/SebMoriarty",7754,3682,"2020-03-06T12:18:40.000Z"
"43670928",baalazamon,"bartosz |🧊","https://pbs.twimg.com/profile_images/1961437276505780225/u-S_NvPT.jpg","Co-founder & CEO at @cubexch. Your trades, your crypto 🧊","Chicago","https://cube.exchange",25386,3075,"2009-05-31T10:29:26.000Z"
"76245013",bulenttastan,"Bulent","https://pbs.twimg.com/profile_images/1730354386180726784/tR5kMmvt.jpg","Founder of @Umi_Network","","https://UmiNetwork.com",826,146,"2009-09-22T04:00:37.000Z"
"1527571702569668608",ZeroKnight_eth,"AJ | Rádius ✨","https://pbs.twimg.com/profile_images/1779742111853932544/dDV44B1i.jpg","Founder of @radius_xyz and organizer of ZK-SEL (Zero Knowledge Seoul , @zk_seoul)","","",31394,369,"2022-05-20T08:47:42.000Z"
"1348131096249180161",PurritoGeneral,"Purrito🫡","https://pbs.twimg.com/profile_images/1859803376197971968/VceUE8_b.jpg","co-founder 🍜  @Noodlesfi || prev. growth lead @MinswapDEX","Tokyo-to, Japan","https://medium.com/@PurritoGeneral",3911,1138,"2021-01-10T04:55:00.000Z"
"1494182686793121794",vijitkatta,"Vijit","https://pbs.twimg.com/profile_images/1523319815045222400/C_gn4eh0.jpg","CEO, Co-founder @useTria| Ex-Head of @0xPolygonlabs Accelerator | Healthtech exit | Led multiple $150 Mn+ portfolio| @INSEAD","NYC","",2327,255,"2022-02-17T05:32:10.000Z"
"1235065244482826240",ArthurCMeng,"Arthur Meng | Hemera 🌞","https://pbs.twimg.com/profile_images/1818544705157947392/fsitVeMZ.jpg","Founder & CAA (Chief Agent Architect) @HemeraProtocol
Failed-to-dropout PhD @Stanford
Published in @nature 
Built & sold #AI to WeChat, Pinterest","🌞 ","https://thehemera.xyz",954,765,"2020-03-04T04:51:22.000Z"
"176536664",MSkylion,"Michael || Venture Vault","https://pbs.twimg.com/profile_images/1906652965064294400/h2BYFcLs.jpg","Angel Investor | Web3 & AI | Founder at @venturevaultvc | Strategic Advisor | $BTC bull since 2015 | Building the future of privacy AI @zk_agi","","https://venturevault.vc",606,1120,"2010-08-09T20:16:04.000Z"
"1806620829746364416",mist_trading,"Mist","https://pbs.twimg.com/profile_images/1806622937342164992/3n9s1JHj.jpg","Co-Founder & CEO @AxiomExchange (YC W25) | prev @ tiktok, 1x exit","building","http://axiom.trade",8564,59,"2024-06-28T09:29:13.000Z"
"51550203",chasemerlin,"Chase Merlin","https://pbs.twimg.com/profile_images/1735074851835015169/nm4BbzeK.jpg","Launching stablecoins @brale_xyz

Before founder @SperaHealth product @FetchRewards @GoVisibly @InfoTokenDAO","New York, New York","https://brale.xyz/",2833,5145,"2009-06-27T20:43:05.000Z"
"1034965526152441856",YanLiberman,"Yan Liberman","https://pbs.twimg.com/profile_images/1735359758993936384/9s72UmFc.jpg","Co-Founder @Delphi_Digital, Managing Partner of Delphi Ventures","","http://delphidigital.io",18188,3228,"2018-08-30T00:46:24.000Z"
"1456718501041688577",KO_Markets,"Kevin | Hummingbird","https://pbs.twimg.com/profile_images/1965140518628982785/dDNh9ahr.jpg","CEO of Hummingbird @HummingbirdFLY_
Robot at @vtopiaio
Co-Founder of @arcade2earn","Scottsdale, AZ","http://www.hummingbirdco.io",3236,1181,"2021-11-05T20:22:34.000Z"
"223188080",aliquotchris,"Chris | Dialect","https://pbs.twimg.com/profile_images/1807057116454137858/AgAUkn9i.jpg","founder, @saydialect | “the fact is the sweetest dream that labor knows” -frost","New York, NY","https://dialect.to",8145,1781,"2010-12-05T17:19:10.000Z"
"15972892",mssteuer,"(((Michael Steuer))) 🎗️ - michael.cspr","https://pbs.twimg.com/profile_images/1846458683594878976/58T5kALQ.jpg","President & CTO at @Casper_Network. Co-founder of @WeAreTeamMAKE. #BringThemHomeNow 🎗️ All views & opinions are my own.","Los Angeles, CA","",11015,751,"2008-08-24T21:28:24.000Z"
"1778722109524738048",haneythebera,"haney.beraji 🩵 💛","https://pbs.twimg.com/profile_images/1942667843411259392/zb8gjAep.jpg","founder @jikofunfinance, contributing fun at @berajibears 🧸 advocate @miberamaker333 🌶 cooking xxxx labs 🧪","the source","https://app.beraji.com",32721,1627,"2024-04-12T09:49:44.000Z"
"210056681",Ars0nic,"Arsonic","https://pbs.twimg.com/profile_images/1942673659203665920/uy7O9wQI.jpg","@Ze_blocks Partner / @Remotevillas Co-Founder / @SgtPepeWorld Creator / @Flowty_io Co-Founder /

6529 profile at:  https://t.co/vPw8znefbF","Cryptoworld","",15910,2787,"2010-10-30T13:37:36.000Z"
"152862251",SamSteffanina,"Sam Steffanina","https://pbs.twimg.com/profile_images/1943374598130503680/7T58Son3.jpg","CMO @RemixGG_

Creator @Gamifiedshow

Co-Founder @WolvesDAO

2023 Creator of the Year (fan voted) and 5b views on YT","🌐3⃣","https://open.spotify.com/show/2qTbty5GXrBMReqg6LKnUs",30177,1883,"2010-06-07T02:24:52.000Z"
"450223661",derekboirun,"Derek","https://pbs.twimg.com/profile_images/1909637568372559872/8k0XkAWr.jpg","Founder and CEO of @realio_network, @freehold_wallet, & @districts_xyz. Father of two, free thinker | Not Investment Advice","Earth","",12077,1359,"2011-12-30T01:00:20.000Z"
"1304654390977011712",Lima_Kind,"Lima.ron | KIND","https://pbs.twimg.com/profile_images/1955264872737857536/5DdcU4wU.jpg","Co-Founder & CEO @KanstarWorld @Kind_HQ || Global Ambassador @Ronin_Network","lima@kind.games","https://linktr.ee/kanstarworld",133102,10862,"2020-09-12T05:34:58.000Z"
"1159375411438133249",ilmoi,"ilmoi","https://pbs.twimg.com/profile_images/2004630466490736641/Rx1IQxkB.jpg","acq founder @coinbase, love building stuff","sf","https://il.moi/",30261,4892,"2019-08-08T08:06:53.000Z"
"1151251430805782532",OSINTDunny,"Patrick Dunlop","https://pbs.twimg.com/profile_images/1851990241495621633/7bRRplpa.jpg","a founder @respawndata & @jackal_protocol || prev: slinging OSINT || 🇨🇦","Ottawa, Ontario","https://names.jackalprotocol.com/name/dunny",2809,2334,"2019-07-16T22:05:05.000Z"
"1578061891049607170",JulianJackhamer,"Julian","https://pbs.twimg.com/profile_images/1998156585063862272/8xhOEbvK.jpg","Co-Founder @Buddy_base","","https://buddybase.ai/",7692,1540,"2022-10-06T16:37:42.000Z"
"931816076282908672",dmitry123,"Dmitry Savonin","https://pbs.twimg.com/profile_images/1984242319244009472/vc8rSS90.jpg","blending everything, co-founder @fluentxyz; prev. solution architect @ankr; contrib: @erigoneth, @chiliz, @bnbchain; mscs","Dubai, UAE","https://github.com/dmitry123",1046,137,"2017-11-18T09:27:19.000Z"
"1441967567912902657",dimitrajon,"Dimitra Jon","https://pbs.twimg.com/profile_images/1769024156287320064/BOC7pZyo.png","Founder & CEO of Dimitra | Blockchain and AI specialist | Agriculture & Food industry","","http://www.dimitra.io",2592,221,"2021-09-26T03:27:32.000Z"
"1095246973404356608",alex_vespr,"Alex Dochioiu | VESPR","https://pbs.twimg.com/profile_images/1917050108035862528/FE4elR9h.jpg","@VesprWallet Founder | Tech enthusiast ex AMEX, Virgin Money, Tesco Bank","","",625,174,"2019-02-12T09:03:21.000Z"
"1462983512475127810",JW100x,"JW","https://pbs.twimg.com/profile_images/1956439350842908672/lFZFF_nl.jpg","founder @optimist","","http://t.me/vinlandJW",30238,477,"2021-11-23T03:17:52.000Z"
"1488913038203838465",Bernardo_Defi,"Bernardo","https://pbs.twimg.com/profile_images/1582060184964399104/wkHkaqD0.jpg","Onchain Autist | Occasional Shitposter 💀
Building Products You Wish You Could 
CEO @PPNLabs | Co-Founder @syntetika_io ₿","Washed","",532,595,"2022-02-02T16:34:12.000Z"
"1823425640692846592",Joe_Jowett,"Joe | StrikeX","https://pbs.twimg.com/profile_images/1823429364073041921/fcgZ51Xm.jpg","Co-Founder and CEO of @StrikeX @TradestrikeBVI","England, United Kingdom","",1526,906,"2024-08-13T18:25:41.000Z"
"2950910159",Adam_HashAI,"Adam #HashAI","https://pbs.twimg.com/profile_images/1815495629247803392/dzsL9c73.jpg","Founder of HashAI https://t.co/s9p1BbdtTD @OfficialHashAI","United Kingdom","http://HashAI.co.uk",2850,322,"2014-12-30T10:10:20.000Z"
"1229475077546078208",Yuenwonglabs,"Yuen Wong","https://pbs.twimg.com/profile_images/1835044302093008898/txtX92Pa.jpg","CEO: @staynexcom (Arsenal/Huawei Partner).
Web3/AI Travel & Stay Membership Eco.
Advisor: J. Hoffman/Founder of https://t.co/tGO94JSnOG; Top 3 CEX Listing @35M FDV","Staynex.ai","http://staynex.vip",19268,126,"2020-02-17T18:38:05.000Z"
"165027708",JBanon,"Justin Banon - @BosonProtocol","https://pbs.twimg.com/profile_images/1769727616154513408/fZ9XTAnC.jpg","Founder at: Boson decentralized Agentic Commerce Protocol. dACP: the decentralized commerce layer of the agentic economy","London, England","https://www.justinbanon.com/",7956,1604,"2010-07-10T11:35:53.000Z"
"1166406684555788289",harris0nhines,"Harrison Hines","https://pbs.twimg.com/profile_images/1854883349417893888/G2lD5pxS.jpg","founder & ceo @fleek","","",2720,514,"2019-08-27T17:46:45.000Z"
"1252390833418092544",jarxiao,"Jarry Xiao","https://pbs.twimg.com/profile_images/1604976459143061506/9WqYR_Ct.jpg","co-founder @ellipsis_labs","Chicago, IL","",11076,984,"2020-04-21T00:17:09.000Z"
"944956946939088896",plubtcm,"L Plo 🧲","https://pbs.twimg.com/profile_images/1865764988226269185/T-ND91Yq.jpg","🌟 Founder @ASICGenesis | Bridging Bitcoin Mining & Ordinals ⚡ | Eco-friendly mining 🌍 | Turning hash power into art & opportunity 🎨","","http://asicgenesis.io",1066,2549,"2017-12-24T15:44:27.000Z"
"1416332147825197056",ephess,"Jordan Hagan | FastLane","https://pbs.twimg.com/profile_images/1568949371726696451/Rz2iuroK.jpg","Co-founder @0xFastLane","Dubai","https://jordanhagan.substack.com/",446,704,"2021-07-17T09:41:27.000Z"
"1460347699639644163",skizcollects,"skiz","https://pbs.twimg.com/profile_images/1699890088598237184/UEE-vt36.jpg","Founder & CEO @heyboxed - I talk about counterstrike skins too much prev. @coolcats, @Microsoft, @NASA","Seattle","http://BOXED.GG",2904,1757,"2021-11-15T20:43:31.000Z"
"1375396777348698115",0xSweep,"Sweep","https://pbs.twimg.com/profile_images/1987565741286281217/u6zeEW20.jpg","Co-Founder @GlydeGG | #Bitcoin | angel investor | crypto since 17' | advisor @okx @wallet | free trading group: https://t.co/w2U7XhOH1P | Dubai 🇦🇪","Business ➔","http://t.me/sweep0x",240153,16177,"2021-03-26T10:38:55.000Z"
"2786983758",ekrahm,"ekram","https://pbs.twimg.com/profile_images/1993554030401085440/yB9YHhlE.jpg","positioning • Founder Y3K • @celestia","🌴","https://www.ekram.xyz/",4897,1899,"2014-09-03T00:35:49.000Z"
"1384558088749948931",Sukriti2108,"Sukriti","https://pbs.twimg.com/profile_images/1990514804599996416/5KyxNWpU.jpg","Community @initia | Fellow @base @Shefiorg | Co-founder: https://t.co/uXeq1GGh03","Dubai, United Arab Emirates","",3041,1730,"2021-04-20T17:22:38.000Z"
"228517037",zelimir__,"Z","https://pbs.twimg.com/profile_images/1912859884111941633/T7M4fEY2.jpg","Founder @tapedrive_io","made by me →","https://tape.network",2585,1169,"2010-12-19T23:35:03.000Z"
"1528555003274833922",papozorus,"PAPOTOSHI - SATORIA MMMMMORPG 🌸","https://pbs.twimg.com/profile_images/2001727363000729600/V01uwE-1.jpg","I do things...lots of em Founder - @satoriammorpg / @btcordinal
MMORPG Maxi ⚔️
Ordinal Maxi🔶
Pixel Maxi👾
Coffee Maxi☕
Blueberry Maxi🫐
Climb Maxi 🧗‍♂️","NEW GENESIS","",8228,843,"2022-05-23T01:54:56.000Z"
"42333215",samcassatt,"sam cassatt","https://pbs.twimg.com/profile_images/1033468841966231553/Tm06AW8F.jpg","Co-founder @LayerOnEth,  renegade futurist | Prev: Founder of @Aligned_co, Chief Strategy Officer @ConsenSys","","",7377,8302,"2009-05-25T02:35:10.000Z"
"110235535",RegenRene,"Rene ◘","https://pbs.twimg.com/profile_images/1575527407532097536/tYiyCTI8.jpg","Co-founder of @Celo and @SelfProtocol. @MIT alum. Tweets are not endorsements. DYOR.","Planet Earth 🌍","http://celo.org",21276,2638,"2010-01-31T21:06:53.000Z"
"1525984100",mattiascaricato,"matieth","https://pbs.twimg.com/profile_images/2001823853861904385/ksF3K7kn.jpg","Stablecoins @Anchorage
Ex Co-Founder & CTO/CISO @MountainUSDM acquired by @Anchorage
Ex CTO/CISO @Buenbit acquired by @Nexo","Buenos Aires (AR)","https://mountainprotocol.com",3825,1816,"2013-06-17T21:51:02.000Z"
"29039306",khalliburton,"Kent Halliburton","https://pbs.twimg.com/profile_images/1059368593081667585/ZLvzi7hP.jpg","CEO & Co-Founder @Sazmining | Skip the Exchanges and DCA into Bitcoin the native way.

Find me on NOSTR: https://t.co/6pTAKTAU8q","Peru 🇵🇪","https://sazmining.com",4306,649,"2009-04-05T19:00:36.000Z"
"1799060456365334528",il_professore_0,"proffe","https://pbs.twimg.com/profile_images/1966431973443784704/ekz359vq.jpg","founder @mashdotfun | sports markets mashed","","",2438,988,"2024-06-07T12:48:24.000Z"
"305830702",Cooopahtroopa,"Coop 💿","https://pbs.twimg.com/profile_images/1970593378770526212/4hvveakU.jpg","Founder @cooprecsmusic","Los Angeles","http://cooprecords.xyz",153018,3894,"2011-05-26T21:19:52.000Z"
"1271867632317165569",HawkHoldings,"Michael Herman","https://pbs.twimg.com/profile_images/1717393973709352960/wxDTTh7J.jpg","Building the Ultimate Social Trading Network @traderverseio | Co-Founder, Traderware | Solution Architect | Opinions are NOT Advice","Burke, VA","https://traderverse.io",10814,2919,"2020-06-13T18:11:02.000Z"
"936224248586211329",TheFlowHorse,"Ryan Scott (Horse)","https://pbs.twimg.com/profile_images/1992696689530941440/FEGx6yyj.jpg","Former prop trader, dad to two girls, husband to one of those horse ladies, founder of @tradingstable. Markets, flows, and trends.","New York","https://linktr.ee/theflowhorse",278963,3717,"2017-11-30T13:23:49.000Z"
"1831070109428813824",SwatB2Kexe,"SwatB2k","https://pbs.twimg.com/profile_images/1989827308278992896/4xFfrvx4.jpg","The Biggest Web3 Gamer in Africa | Founder @NitroGamingX @The_Ones01 | Marketing @SoloDePIN @WeepingPlebs | ex @Bitutilityx @playoutmine","","https://t.me/HouseOfSwat",1927,1539,"2024-09-03T20:41:57.000Z"
"1437356121631518721",Hyunxukee,"Tariz | Rádius ✨","https://pbs.twimg.com/profile_images/1881936818729586688/jsh6rYgb.jpg","✨ @radius_xyz co-founder ✨ Building Lighthouse to unlock economic synergy between Ethereum L1 and L2s.","New York, USA","https://ethresear.ch/search?q=Tariz",44276,751,"2021-09-13T10:03:26.000Z"
"1398667576675246081",debsoon,"Debbie Soon","https://pbs.twimg.com/profile_images/1877832993122697216/6MdA4jNr.jpg","marketing @privy_io • author + 2x founder • art collector • occasional vibe coder • renaissance woman • 🇸🇬 chasing the 🇺🇸 dream || views my own","read & subscribe to my 🗞️ →","https://paragraph.com/@debbie",34147,7900,"2021-05-29T15:48:40.000Z"
"59145752",pdiomede,"Paolo Diomede","https://pbs.twimg.com/profile_images/1960029203216154624/eRFartKe.jpg","TAM @Certora • Advisory Board @livepeer • ex-Community Lead @graphprotocol • Founder @graphtronauts_c & @livepioneers • Creator of https://t.co/a0oa1E723i","Rome, Italy","http://pdiomede.com",4906,1818,"2009-07-22T14:53:58.000Z"
"800854096219471872",Yuchenj_UW,"Yuchen Jin","https://pbs.twimg.com/profile_images/1319081238439751681/kCcqnwoF.jpg","Co-founder & CTO @hyperbolic_labs cooking fun AI systems. Prev: OctoAI (acquired by @nvidia) building Apache TVM, PhD @ University of Washington.","another Galaxy","https://yuchenjin.github.io/",70428,632,"2016-11-22T00:11:10.000Z"
"190708062",dollarsterlingX,"Sterling B","https://pbs.twimg.com/profile_images/1891563516227670017/vI_LCcZy.jpg","Leading BD and partnerships for @Arc @circle | Former founder of @stickiesxyz | ex @snap BD | Tweets are my own $0.02 USDC","🇺🇸","http://arcnetwork.xyz",2366,597,"2010-09-14T16:56:33.000Z"
"1404467850060959760",VladK133,"Vlad Korolev","https://pbs.twimg.com/profile_images/1405092365182947332/FjB_aP8U.jpg","CEO & Co-founder @GunzillaGames","","https://gunzillagames.com/en/",3760,258,"2021-06-14T15:57:47.000Z"
"4357281197",deni_ersht,"Deni - smart/acc","https://pbs.twimg.com/profile_images/1843267557878337536/g_6K0-_x.jpg","co-founder @SquadsProtocol building @fusewallet @altitude","","",1197,1266,"2015-12-03T03:39:38.000Z"
"4169623639",sowmay_jain,"Sowmay Jain","https://pbs.twimg.com/profile_images/1913108638136188929/nDTYdWob.jpg","Founder @BhindiAI. Cofounder @Instadapp. Assembling a crew of degens at @UpsurgeLabs. Forbes Asia 30u30.","","",11329,802,"2015-11-08T15:40:00.000Z"
"42651863",PavelAltukhov,"Pavel Altukhov (🫰,✨)","https://pbs.twimg.com/profile_images/1859500956649398272/4vPtaF9-.jpg","Co-founder @TacBuild | Web3 infra for Telegram Super App | TVM-EVM Hybrid pioneer | Consumer App Evangelist","Latvia","http://tac.build",23384,752,"2009-05-26T15:51:59.000Z"
"1178005016",rahul19_rahul,"👑ROYAL KINGDOM $M | 🐜","https://pbs.twimg.com/profile_images/1946030926489640960/4coZHdjs.jpg","FOUNDER of @EmperiumNFT & https://t.co/bNNxF9A8WG (11k members) 
| Web3 Marketer | Collab Lead → 300+ Projects |
Ambassador— @Memecore_Org & @OpenledgerHQ","EmperiumNFT","http://t.me/rahul19rahul",65367,7005,"2013-02-14T07:41:07.000Z"
"48080858",0xsamgreen,"Sam Green","https://pbs.twimg.com/profile_images/1586902986856402944/wsFnxxuB.jpg","Agentic Finance. Founder @cambriannetwork. Prev. led AI and verifiability at The Graph. Reinforcement Learning PhD @ucsantabarbara","Texas, USA","",3729,1836,"2009-06-17T19:25:28.000Z"
"117637437",mostarz93,"Mostarz.eth","https://pbs.twimg.com/profile_images/1989449966025089024/eaobWYKq.jpg","Co-founder @creditcoop_xyz | Solidity Dev | Armchair NBA Analyst","NYC","",488,1148,"2010-02-26T04:08:15.000Z"
"1385014148459679749",0xmurloc,"murloc","https://pbs.twimg.com/profile_images/1645712790642884609/95s2aZG8.jpg","Building decentralized marketplaces. Co-founder @lfj_gg @joepegsnft.","Blockchain","https://lfj.gg",9140,514,"2021-04-21T23:34:56.000Z"
"1005282814474911745",cryptonomik,"Suhail 🦇🔊","https://pbs.twimg.com/profile_images/1890799121759649792/k9dblNbb.jpg","Founder @portals_fi (prev. co-founder @zapper_fi) ⚡Godfather of the zap #Web3 #DeFi","","",3258,1380,"2018-06-09T02:57:55.000Z"
"1464954506786000896",Irathy_eth,"Irathy","https://pbs.twimg.com/profile_images/1924901432639291394/QOXmhFiJ.jpg","Co Founder @entertainm_io  | @cryptarena_fun is coming |@Safaryclub certified🦁 | @AvaxTeam1 member","Building","http://Entertainm.io",6360,2310,"2021-11-28T13:49:11.000Z"
"613424362",bqbrady,"benedict","https://pbs.twimg.com/profile_images/1666288781509513217/wrJjlYmh.jpg","founder @meridianapp","sf","https://www.bqbrady.io",3527,997,"2012-06-20T13:03:18.000Z"
"49507504",atifkhan31,"atifkhan31","https://pbs.twimg.com/profile_images/1753149138370498560/tQwr9PAk.jpg","co-founder @buttonxyz / married to @bhimzz","The Bay Area","",2526,1666,"2009-06-22T02:25:58.000Z"
"17442108",NandaIvens,"nanda ivens","https://pbs.twimg.com/profile_images/1963163332522995712/wx25Ole1.jpg","A hairless man with lots to say | ex-CMO of Tokocrypto | My “magnum opus” @mwx_ai as Co-founder & CMO","Indonesia","http://www.mwxmarket.ai",5290,1916,"2008-11-17T14:24:53.000Z"
"1323823616",familiarcow,"FamiliarCow","https://pbs.twimg.com/profile_images/1978849957156179968/QR_Nh3tK.jpg","Product lead @thorchain & @ninerealms_cap Founder/based dev: @RuneDotTools","","http://rune.tools",7076,2571,"2013-04-03T04:09:47.000Z"
"1386276888407158784",callmethemike,"Mike 👽 The Cryptonaut","https://pbs.twimg.com/profile_images/1917985846554144768/EOsBlRYy.jpg","Owner https://t.co/B4unrYb29U | Founder @Infinaeon @LunarPumpFun | 💎 BNB | ETH | SOL | INF","Moon","",8519,109,"2021-04-25T11:12:31.000Z"
"537783275",OstwalAk,"(AK) Akshit | Epoch Protocol 🦇🔊🛡️","https://pbs.twimg.com/profile_images/1776874630030258176/nyqJ2WSM.jpg","Co-founder @0xepochprotocol | Prev. Co-founder @WalletSlick (Acquired) | Living like a monk | Rescuing animals in free time | Jai Jinendra🙏🏻 | Dattebayo","Earth","https://t.me/akshitostwal",929,1162,"2012-03-27T02:44:26.000Z"
"141568927",lu5st,"lukas.xrd","https://pbs.twimg.com/profile_images/1929099215923240960/3jLq1FRW.jpg","Breaking DeFi Barriers. Social Media & Marketing @Ociswap $OCI 🐈  | Radix Ambassador $XRD","","",7672,529,"2010-05-08T12:26:35.000Z"
"11961052",evankaloudis,"EVAN KALOUDIS","https://pbs.twimg.com/profile_images/1967984320024326145/7ld6gVwk.jpg","Eleutheromaniacal key puncher. Founder @ZeusLN.

⚡evan@zeuspay.com","Port 9735","https://zeuspay.com/evan",12349,5272,"2008-01-07T21:44:00.000Z"
"1454364217826545664",rf_extended,"rf.extended","https://pbs.twimg.com/profile_images/1866158902410133509/NpgdC8OQ.jpg","Founder @extendedapp, formerly @revolut","","http://app.extended.exchange",4152,844,"2021-10-30T08:27:43.000Z"
"1078407209053241344",dominik_scherm,"Dom","https://pbs.twimg.com/profile_images/1759463994124095488/bs_Y7JwE.jpg","Kardashev accelerator @PrimeIntellect ● Founder Aurea Berlin ● Europe AI ecosystem","Berlin / Earth","http://dominikscherm.de",3461,2558,"2018-12-27T21:48:09.000Z"
"43949721",LefterisJP,"Lefteris Karapetsas","https://pbs.twimg.com/profile_images/1614974901399461889/XcNUc8zL.jpg","Founder of @rotkiapp🐦, the portfolio tracker that protects your privacy.

#Berlin. University of Tokyo graduate. Marathon runner. #ethereum developer. #birding","Berlin, Germany","https://rotki.com",71252,804,"2009-06-01T19:20:05.000Z"
"1382352611026821123",Solopopsss,"Solo 👑","https://pbs.twimg.com/profile_images/1731459353247453184/QE65ZtLe.jpg","AI Filmmaker // 120M+ Views // Founder @KICKFLIXai // If you’re a brand looking to get viral let’s connect // Prev. Head of Growth @Galxe","","http://www.kickflix.ai",33713,3068,"2021-04-14T15:18:45.000Z"
"1973304025",jeffdfeng,"Jeff ($/acc)","https://pbs.twimg.com/profile_images/1894090381060435968/3qyOGWvY.jpg","Co-Founder @Sei_Labs // previously Coatue & @GoldmanSachs","","",9496,150,"2013-10-20T00:17:35.000Z"
"1783956210997182464",Scott_Zia,"Scott | Zia","https://pbs.twimg.com/profile_images/1905754236736122881/LHXqCriU.jpg","Co-Founder & CEO of Zia Finance. Working to make liquidity provisioning and DeFi trading more efficient. Previously: ApeBond CEO","","https://tradegpt.finance",1033,71,"2024-04-26T20:28:46.000Z"
"2826092557",aesmonty,"Andres Monty | range.org","https://pbs.twimg.com/profile_images/1547607074669965313/BsHyV9gK.jpg","co-founder and ceo @range_org","🌊","https://explorer.money/",2444,3195,"2014-09-22T09:59:50.000Z"
"1229036114565951491",Pentameal,"Tommy ⛳️","https://pbs.twimg.com/profile_images/1971028014394683392/FEKoFhzh.jpg","founder @typusfinance – Sui derivatives.","","",1930,1666,"2020-02-16T13:33:46.000Z"
"247268566",NourHaridy,"nour","https://pbs.twimg.com/profile_images/1899249742158221312/KMlWcLpf.jpg","Founder & dev @InverseFinance","On-chain","https://nourharidy.medium.com",26941,3497,"2011-02-04T13:04:27.000Z"
"23785609",farzamehsani,"Farzam Ehsani","https://pbs.twimg.com/profile_images/883778969312669696/KQLKjDe4.jpg","Baha'i | Lover of humankind | Co-founder & CEO @VALRdotcom (Buy & Sell #Bitcoin & #Crypto)","Earth - we are one","http://www.VALR.com",9365,834,"2009-03-11T16:24:18.000Z"
"1879538425545535488",zerokevo,"Kevin","https://pbs.twimg.com/profile_images/1960674698783510529/nuZIEt3X.jpg","Co-founder @usdt0_to | Creating cross-chain liquidity infrastructure for @tether_to","","http://usdt0.to",1064,237,"2025-01-15T14:37:50.000Z"
"1410444543510515713",RyanChow_DeFi,"Ryan Chow","https://pbs.twimg.com/profile_images/1769927421393035264/bMcBhKU8.jpg","Co-founder @SolvProtocol | Pioneering BTCFi through $SolvBTC | Integrating BTC ETFs into BTCFi to unlock new liquidity for digital assets & RWA","","http://solv.finance",20029,2065,"2021-07-01T03:46:18.000Z"
"16613183",ankurb,"Ankur Banerjee","https://pbs.twimg.com/profile_images/1076068241515122688/-LEuiwaC.jpg","Senior Product Director @zama. Co-founder @cheqd_io. Co-chair of Technical SteerCo @DecentralizedID. Ex @FinTechLabLDN, @inside_r3, @Accenture","Paris, France","https://ankurb.net",4716,1347,"2008-10-06T12:50:46.000Z"
"932810336134037504",djchrisssssss,"kriss.sui 🇹🇼","https://pbs.twimg.com/profile_images/1997875941192945664/mugNc8Lt.jpg","Founder @Scallop_io & Interdimensional Communication Theory | Cybersecurity | Dj / 2015 Red Bull 3Style Taiwan | Link🌲: https://t.co/HaSevsQVBi","Taiwan","https://app.scallop.io/referral?ref=66abbf4d7ff3fc3fa8de5b2b",5545,1522,"2017-11-21T03:18:09.000Z"
"1119465868490993664",clintonbembryjr,"clintonjr","https://pbs.twimg.com/profile_images/1869116094210068480/-JLfNNJ3.jpg","founder @SlingshotCrypto","San Francisco, CA","https://slingshot.finance",5468,1273,"2019-04-20T05:00:36.000Z"
"1415524296290492416",andra_nicolau,"Andra von Lys","https://pbs.twimg.com/profile_images/1887904614936092672/ZEmbqt0L.jpg","Co-founder @lys_labs | Building low latency intelligent trading infra  | Crypto operator since '17 |","","",1776,667,"2021-07-15T04:11:16.000Z"
"17979453",thrivegiraffe,"Daniel Jacobs - Founder, Thrive Protocol","https://pbs.twimg.com/profile_images/1894363361673891840/uYEWhs-T.jpg","Builder. Dreamer. Change maker. Dad x2.
Founder x3, CEO of @thriveprotocol.","everywhere","https://www.thriveprotocol.com",16897,457,"2008-12-09T01:08:05.000Z"
"1355413191447207936",NicolaTx,"Nicola","https://pbs.twimg.com/profile_images/1947606934221127680/iw7udTaH.jpg","Co-Founder @PlortalAI","","http://t.me/nicolatx",8452,490,"2021-01-30T07:11:10.000Z"
"1400498176394727424",CryptoSteven88,"Steven","https://pbs.twimg.com/profile_images/1970289314434068480/D7qe441T.jpg","CMO Tessera | Founder & Biz Dev | prev: @dscvr1","","",3213,2185,"2021-06-03T17:02:54.000Z"
"160266953",jecastillof,"Jesus A. Castillo F.","https://pbs.twimg.com/profile_images/1910616405793452032/Seqb_1iN.jpg","CEO & Co-founder at Kontigo (YC S24). The world’s stablecoin neobank. // Backed by @cbventures @goodwatercap @hf0residency @fdotinc & DST.","San Francisco, CA","https://kontigo.com",4413,2522,"2010-06-27T17:53:06.000Z"
"969941228325343235",0xlouisss,"0xLouis","https://pbs.twimg.com/profile_images/1979959541400838144/ZevELrsd.jpg","Co-founder @LaikaSuperApp | 0 days without building","","",318,962,"2018-03-03T14:23:04.000Z"
"35748640",onion797jp,"Senshi M. Onions","https://pbs.twimg.com/profile_images/1026098795564523522/naDbqqLW.jpg","Founder @Secured_Fi @USDFC_Protocol | JPYC USDCオンチェーン固定金利レンディング | ex-Head of Derivatives Structuring | ex-内閣府TF | Harvard CS | English ➠ @masa_web3","Ethereum","https://secured.finance",1688,1144,"2009-04-27T14:05:32.000Z"
"1246460455859732485",goerrk,"goerrk","https://pbs.twimg.com/profile_images/1840703133913169920/8VOU5Am6.jpg","Head of Growth @MezoNetwork | cont. to @tBTC_project  @TheTNetwork | prev @ankr | Founder @MerkezsizGM | member @Safaryclub

Tweets/views are my own.","","",16240,907,"2020-04-04T15:31:52.000Z"
"727549421123162113",const_quary,"quary.sats","https://pbs.twimg.com/profile_images/1716826702410915840/Y8gw3w2b.jpg","Founder of @Magisat_io (rare sats trustless marketplace) Blockchain degen and dev. creator of Quary's Masterworks: https://t.co/pJUzx1gpUp","Romania","",27443,1455,"2016-05-03T17:24:34.000Z"
"957287821634686976",andrelageez,"André Lages","https://pbs.twimg.com/profile_images/1786114016890224641/TlNQk_Q1.jpg","Co-founder @lympid_official | Tokenizing Premium Investment RWAs","","http://lympid.io",475,1147,"2018-01-27T16:22:56.000Z"
"262443834",FredEnde,"Fred Ende","https://pbs.twimg.com/profile_images/667349364814180352/SXag601P.jpg","Director of Curriculum & Instruction for @PNWBOCES. Author of PD that Sticks (2016) and FoI (2020). Co-Founder of @Spredict_io. Husband, father, inventor, geek.","Wherever the learning takes me","http://www.fredende.com",4594,664,"2011-03-08T02:00:39.000Z"
"1697183085954248704",mitchell_mmxxi,"Mitchell","https://pbs.twimg.com/profile_images/1846981007968555012/eO91Dd14.jpg","Elys Network | Co-Founder | Ops Lead @elys_network","","http://elys.network",695,708,"2023-08-31T09:42:58.000Z"
"169249503",yanivgraph,"Yaniv Tal","https://pbs.twimg.com/profile_images/2853260724/6dad799e1787ac0fbfb3594e5d271026.jpeg","Founder & CEO @geoprotocol. Cofounder @graphprotocol @edgeandnode @thehouseofweb3. Building a vibrant decentralized future.","web3","https://geobrowser.io",21133,1538,"2010-07-21T22:21:03.000Z"
"1462013509437251586",griffintier,"Griffin Dunaif 🌊","https://pbs.twimg.com/profile_images/1554696887050985472/tpgURAgZ.jpg","Co-Founder & CEO @HallidayHQ. Previously @Stanford computer science. Crafting unified crypto payments.","","",1339,356,"2021-11-20T11:03:27.000Z"
"1375386466864480259",GuillaumeNervo,"Guillaume Nervo 📐","https://pbs.twimg.com/profile_images/1652980417723609088/6Ep-vjMG.jpg","Co-founder Angle Labs, Core contributor @AngleProtocol @merkl_xyz","","https://angle.money/",899,245,"2021-03-26T09:57:49.000Z"
"1369768113869230081",_Kthings,"Kthings 🐊","https://pbs.twimg.com/profile_images/1921231133175672832/VFcJZKt0.jpg","Collects Things | Founder @TokenGators","","",4599,3788,"2021-03-10T21:53:03.000Z"
"1684127558563151873",AlexanderLong,"Alexander Long","https://pbs.twimg.com/profile_images/1902011076977532928/pqeMjlI1.jpg","Founder @Pluralis | ML PhD","","http://Pluralis.ai",2056,1169,"2023-07-26T09:05:01.000Z"
"1436049205361987596",SidechainGavin,"SidechainGavin","https://pbs.twimg.com/profile_images/1973624893603467264/p8BHgAK6.jpg","Head of Marketing + Community @OpenMind_AGI. Prev: Co-Founder @SidechainMe, Investor @CarrickCapital, Stablebanking @Perena. @BerkeleyHaas. Opinions are my own.","San Francisco, CA","https://www.youtube.com/@GavinSnacks/shorts",4300,3235,"2021-09-09T19:29:51.000Z"
"761356635197628416",0xMeir,"Meir","https://pbs.twimg.com/profile_images/1649941157215088642/yUAowMRO.png","Co-Founder @Hydrogen_Labs","","",3203,2146,"2016-08-05T00:22:21.000Z"
"1321665072880586752",0xSnarks,"the protagonist","https://pbs.twimg.com/profile_images/1475020512925466633/G5G1iVsv.jpg","Founder @sentimentxyz
Developing @tradewithOnyx","nyc","http://sentiment.xyz",2798,1012,"2020-10-29T04:08:17.000Z"
"279167034",Y_Folla,"Yannick Folla | yfolla.eth","https://pbs.twimg.com/profile_images/1701034308469710848/3hsqa4Ly.jpg","Head of AI & Automation @WhiteStarCap
Co-Founder @0x_society | Ex @Figment_io | Ex CEO @Oamo_io","Montréal, Québec","",1199,1356,"2011-04-08T18:32:03.000Z"
"1137823475194912769",far3xbt,"far3x","https://pbs.twimg.com/profile_images/1977142203211251712/U8a2a3ex.jpg","founder @lumencli :)","流动状态","https://far3k.xyz/",1529,200,"2019-06-09T20:47:11.000Z"
"1483523156748996608",snarkw_,"SnarkW","https://pbs.twimg.com/profile_images/1973051081237127169/9ifhKmnx.jpg","Founder @RoyaleWeb3 | Head of Marketing @MortalCK","","https://hub.xyz/snarkw",39009,3556,"2022-01-18T19:34:31.000Z"
"1421105012487426049",HappyGMI,"Happy","https://pbs.twimg.com/profile_images/1985381810377740288/newLhhaV.jpg","Ex-Luxury turned Crypto Marketer. Prev. @lvmh @gelatonetwork | Senior Marketer @onchainHQ | Co-Founder @kabbal_io","Join Kabbal →","http://kabbal.io",6000,3296,"2021-07-30T13:47:07.000Z"
"425886541",Thanos_Lampr,"Thanos Lampropoulos","https://pbs.twimg.com/profile_images/1775578223423750144/kFyZJe0j.jpg","Market Making Director @victusglobal_
Co-Founder of $UPAD |
Official Ambassador @certik |
CEX Listings • Influencer Partnerships","Athens,Greece","",463,527,"2011-12-01T15:20:54.000Z"
"3311349559",starlordyftw,"Starlordy","https://pbs.twimg.com/profile_images/1858173092679602176/vtZtKo9k.jpg","@0n1force Nerd-in-Chief | @EvaOnlineXYZ | @GKLabsXyz Founder","The Enclave","https://0n1force.com",13676,6705,"2015-08-10T09:15:53.000Z"
"246443662",crabbylions,"clay","https://pbs.twimg.com/profile_images/1744808919518822400/tYvudcDg.jpg","Co-Founder & GP @Colosseum 🏟","onchain","http://colosseum.com",10764,1944,"2011-02-02T20:08:44.000Z"
"1077509392478732289",CryptoPoulpe,"Poulpe 🐙","https://pbs.twimg.com/profile_images/1877409363360411648/rrTgKkTi.jpg","Former & retired crypto enjoyor

Still HL maxi
Co-founder @HyperSwapX
Building @ERC_Burner

Peluches incoming","","",24175,1813,"2018-12-25T10:20:33.000Z"
"761594334127022080",i0xMatan,"Matan | Tea-Fi ☕️","https://pbs.twimg.com/profile_images/2004863788101537792/iQER2VHL.jpg","Contributor at @CoinDesk 💬 | Founder & CEO at @TeaFi_Official ☕️ | Slowly, then all at once | 24 YO ⚔️","TEA Break","http://Tea-Fi.com",38104,2857,"2016-08-05T16:06:54.000Z"
"103978791",Ivshti,"Ivo 7702/acc","https://pbs.twimg.com/profile_images/1782392803412049920/IRuHfv8H.jpg","CEO & founder @Ambire; Entrepreneur and coder for 15 years, started with gamedev, cofounded @AdEx_Network, now building the future of web3 UX","","https://github.com/Ivshti",3222,1113,"2010-01-11T21:46:59.000Z"
"1375427123507249152",yasser_elsaid_,"Yasser","https://pbs.twimg.com/profile_images/1761628238323802112/pXIc00nu.jpg","Founder of @chatbase","","",45534,1579,"2021-03-26T12:39:19.000Z"
"1214896670774890499",alxfal,"Alexei Falin","https://pbs.twimg.com/profile_images/1989828411200577540/zFjMdd0S.jpg","co-founder @rarible # extreme sports lover # angel investor","","",4590,1529,"2020-01-08T13:09:22.000Z"
"944926057592950785",julian_arcium,"Julian Deschler ☂️","https://pbs.twimg.com/profile_images/1901278056897036288/jU4pkPns.jpg","Co-Founder & CSO (Chief Shitposting Officer) @Arcium mpc/acc ☂️","Munich, Germany 🇩🇪","",7577,2299,"2017-12-24T13:41:42.000Z"
"1138314625",nhanvp,"Nhan","https://pbs.twimg.com/profile_images/1963072329946431488/tYKDsDLs.jpg","Head of Technology @metaplex , founder mode","","",1495,464,"2013-02-01T00:34:43.000Z"
"37293906",jsblair,"JSB 🥕","https://pbs.twimg.com/profile_images/2003502790887251969/Ui9c6vUy.jpg","co-founder @DeFiCarrot","Solanaland","https://jsb.dev",3451,1440,"2009-05-02T22:04:54.000Z"
"14927721",anuraggoel,"Anurag Goel","https://pbs.twimg.com/profile_images/1632164169326936064/DYYVa-Rz.jpg","@render founder and CEO · building the modern cloud · 👋","San Francisco, CA","https://render.com",6170,170,"2008-05-28T00:12:01.000Z"
"1472105386970861570",BoomerSquadNFT1,"BoomerSquad & PUUSH","https://pbs.twimg.com/profile_images/1925828283771310080/bPgDb-UQ.jpg","🔥= 1.9762% total supply $PUUSH 🫵
8008 NFT Retro404
https://t.co/c5yiZ2yERY - memes, swap, earn, play, win

@PUUSHDABUTTON 
#puushfuncronos
Founder: @ElderKarl68","Web3","https://linktr.ee/ztblabs",16972,548,"2021-12-18T07:25:47.000Z"
"1029293097983782912",xparadigms,"Heechang","https://pbs.twimg.com/profile_images/1894689207727378432/YJD0vqex.jpg","Co-Founder/Strategy Lead @FourPillarsFP @FPvalidated , Board Member @AsiaStablecoin , @HyperliquidR .

DM: https://t.co/9IDsk9Wk7O

All opinions are my own.","Seoul, South Korea","https://4pillars.io/en/researchers/heechang",2716,5598,"2018-08-14T09:06:12.000Z"
"477125251",Marco_Beam,"420.ETH ⟠ Marco","https://pbs.twimg.com/profile_images/1974036224814845952/14jLaXEK.jpg","Co-Founder @BeamFDN | I like to build & talk crypto 🤷🏼‍♂️","Metaverse","",28266,1515,"2012-01-28T21:29:06.000Z"
"1227576485474492418",dr_rahemanAli,"Ali Raheman","https://pbs.twimg.com/profile_images/1894489038070878209/Qv7jEN0a.jpg","Founder & Builder - @flytrade_ https://t.co/GrsynkrPQy","","https://www.fly.trade",1700,1009,"2020-02-12T12:53:57.000Z"
"1519587275985858560",Michaelros,"Ros","https://pbs.twimg.com/profile_images/1949706107636637696/n5axNIdU.jpg","Entrepreneur | Founder @sleap_io, web3 hotel booking platform | building the future of travel | MAYC #334","Valencia, Spain","https://sleap.io",2090,2222,"2022-04-28T08:00:32.000Z"
"1354355239856590850",amdeku_,"Deku","https://pbs.twimg.com/profile_images/1877753443248476227/k4hqWlm8.jpg","co-founder @opsinfinance ~ per aspera ad astra","⠎⠕⠕⠝","",980,3374,"2021-01-27T09:07:18.000Z"
"834607710",jdkanani,"Jaynti Kanani (JD)","https://pbs.twimg.com/profile_images/1245384938246955008/EDveJB3B.jpg","Founder & CEO at @morphic. Previously, Founder & CEO @0xPolygon","","",69130,1849,"2012-09-20T02:44:05.000Z"
"635293077",Sarut0biSasuke,"Sarutobi Sasuke🥷","https://pbs.twimg.com/profile_images/1933097150805643264/JVr-CoP3.jpg","Head Of Growth @synternet_com | web3 + AI Advisor | Founder @TheCrypticGG | Member of @wayfindersgg | ex @KAPGamesGG ex @YieldGuild 🏰","The Metaverse","https://linktr.ee/CrypticGamingGuild",8194,5528,"2012-07-14T08:10:32.000Z"
"28980502",shenhaichen,"Haichen Shen 📜","https://pbs.twimg.com/profile_images/1515757062080262144/HMbYJeuC.jpg","Co-founder @Scroll_ZKP | We are hiring!","","https://scroll.io",7269,983,"2009-04-05T12:38:01.000Z"
"1379481985144524812",AlexF044,"Alex04","https://pbs.twimg.com/profile_images/1935744604998950912/Sm9NJraR.jpg","ethereum victim. building stuff. https://t.co/jFrot8ZMHc — founder of @klik_evm","","",2111,81,"2021-04-06T17:14:41.000Z"
"1529875155874369539",Iv4n_Ko,"IvanKo","https://pbs.twimg.com/profile_images/1888456483894931456/MPwT4rm-.jpg","Physicist ➡️ Finance Guy ➡️ Founder @ResolvLabs || Chief BD (Bald Dude) || RPG IRL Protagonist || Stay true✌️","Dubai","https://www.resolv.xyz/",3094,195,"2022-05-26T17:20:56.000Z"
"432119834",onelykim,"onely","https://pbs.twimg.com/profile_images/1977716815733424128/WZylgyp9.jpg","pro @flipster_io / Prev. Incubating @Unopnd_Official / Ambassador @Scallop_io / Co Founder @WorldNet_web3 / Builder @Hi_PoPPOfficial🎯","Seoul. South Korea","https://medium.com/@onely",5199,2278,"2011-12-09T02:11:51.000Z"
"1415429954997653506",Adam_Warped,"Adam “JohnnyUtah” | Warped","https://pbs.twimg.com/profile_images/1989220493816446976/As7OLLPO.jpg","CEO @warped_games / Co-founder / Audio Engineer / Building Warped Universe","My studio","http://warped.games",2348,4110,"2021-07-14T21:56:29.000Z"
"1780640587420725248",JIsDistributed,"Distribute John","https://pbs.twimg.com/profile_images/1864535470496948224/abhnzi-I.jpg","Co-Founder / CPO @distributeai

Distribuere aut mortem","","https://distribute.ai",1489,21,"2024-04-17T16:53:04.000Z"
"162644370",takachan114,"ishi@Yay!","https://pbs.twimg.com/profile_images/1908098834921832448/GkRprG9H.jpg","Founder of @Yay_Global @moriusa_STPR","Tokyo","https://portal.yay.space/",11824,2756,"2010-07-04T08:08:43.000Z"
"456125117",jamesrosst,"James Ross","https://pbs.twimg.com/profile_images/1038426325353226240/W7JHSlJo.jpg","building where finance and ai meet, founder @modenetwork + @synthdataco. angel investor","","http://www.mode.network",17673,2394,"2012-01-05T22:16:32.000Z"
"4327276213",davidlin_,"David Lin 🟧","https://pbs.twimg.com/profile_images/1820712868364562432/goED54b3.jpg","Co-founder of @Ordzaar 🟧 Organizer of @OrdinalsSummit 🟧 Ordinals ▣ Building on #Bitcoin ▣ Supporting Artists 🎨🧡 ▣","","http://ordzaar.com",33095,1181,"2015-11-22T21:49:52.000Z"
"1407556629575331840",Web3_Mik3,"Web3_Mike","https://pbs.twimg.com/profile_images/1845262431708438528/BZIpZuH5.jpg","Web3 Engineer, Full Stack Web Developer - Co Founder https://t.co/6F6BgXu5OB","In my BedRoom","https://linktr.ee/Web3Mik3",11412,898,"2021-06-23T04:30:34.000Z"
"774972315377557504",nattyfried,"Nathaniel Fried","https://pbs.twimg.com/profile_images/1817914352642478080/JnOoZ-VZ.jpg","Open Source Intelligence is fun. 

Co-founder & CEO @0xbowio / @0xprivacypools

Intelligence solutions @OSINTIndustries","London, England","",4782,1276,"2016-09-11T14:06:13.000Z"
"3302277514",alexeiZamyatin,"alexei","https://pbs.twimg.com/profile_images/1986429480114552832/dastJrHf.jpg","Co-founder @build_on_bob, the gateway to Bitcoin DeFi","","http://gobob.xyz",28321,1903,"2015-05-28T22:11:21.000Z"
"2573380344",0xQuit,"Quit","https://pbs.twimg.com/profile_images/1989551568480514048/OG-PBa_p.png","Used jpeg dealer \
Solidity dev & auditing \
VP Blockchain @yugalabs \
Founder @oSnipeNFT","The swamp","",100663,3594,"2014-06-17T18:51:30.000Z"
"18084072",ronbodkin,"Ron Bodkin","https://pbs.twimg.com/profile_images/1592943043732127744/8BD9wOMc.jpg","Founder and CEO of @TheoriqAI providing a foundation for safe, reliable collaborating AI agents.","San Francisco Bay Area","http://www.theoriq.ai",10600,925,"2008-12-12T19:49:02.000Z"
"1423817598618292225",0xdoug,"Doug Colkitt","https://pbs.twimg.com/profile_images/1764384019410542592/63LTiG5D.jpg","Founder @ambient_finance Founding contributor @fogo Ex: Quant","","https://ambient.finance",50106,2443,"2021-08-07T01:26:01.000Z"
"1414653956962361348",Jdsears,"John Sears","https://pbs.twimg.com/profile_images/1983971030159749120/Zkhnb8-X.jpg","Co-Founder @moonbootslabs | #web3 #DigitalArt | Collector, Member @100collectors https://t.co/A3cmDYtrQr","United Kingdom","https://linktr.ee/jdsears",10809,4668,"2021-07-12T18:32:57.000Z"
"1439548673495547908",0xQuantic,"Quantic","https://pbs.twimg.com/profile_images/1750469470152171520/qB7zbLMs.jpg","Contributing to @Flarenetworks & @FlareDevHub ◈ Founder: @Web3_Matters & @ProofRails ◈ PhD in Physics ◈ My views ≠ Flare","Quantum State","https://www.youtube.com/@TheVictorMunoz",13842,3737,"2021-09-19T11:15:36.000Z"
"180624103",SoloCeesay,"Solo Ceesay","https://pbs.twimg.com/profile_images/1972363281223356416/adnOxwnM.jpg","@CalaxyApp CEO & Co-Founder | @KarateCombat Advisor | @Entrepreneur @RollingStone Contributor | @Wharton Grad | 🐸","Los Angeles, CA","http://www.calaxy.com",9603,993,"2010-08-20T02:23:47.000Z"
"1601508736920690690",Yash_Trapix,"Yash Shah","https://pbs.twimg.com/profile_images/1970410961678016512/9FCGWXmS.jpg","CEO & Co Founder @TrapixExchange Co Founder @TrapixPayment","UAE","https://trapix.com",2895,25,"2022-12-10T09:27:15.000Z"
"809483119195811842",nussthecat,"nuss","https://pbs.twimg.com/profile_images/1982184947822530560/yv1OCRsK.jpg","founder @BloomTrading
founded NFThunder & @saucemonitor","","",2018,204,"2016-12-15T19:39:49.000Z"
"2676374953",outlierventures,"Outlier Ventures","https://pbs.twimg.com/profile_images/1923395599564431360/yt8glhw_.jpg","A leading Web3 early-stage investor | 380+ startups, 10k founder network, $1B+ seed raised | Building the Post Web","London 💂; Global 🌎","https://outlierventures.io",43978,3083,"2014-07-24T09:33:24.000Z"
"1403647667620790276",p4rt1al,"Partial Applewhite","https://pbs.twimg.com/profile_images/1969118966845972480/LngkRoyr.jpg","Head of Community: @basejumpxyz ☠️ | Co-Founder : @HatsSats 🧢 Co-Founder: @8BitRavePandas 🐼 |","Metaverse | UK","http://www.basejump.xyz",1067,857,"2021-06-12T09:37:47.000Z"
"1462746668718297092",AlexandruIXFI,"Alexandru Ioan Badoi","https://pbs.twimg.com/profile_images/1615313239310491649/Ph23_QIp.jpg","🚀 Co-founder & COO at @ixfiexchange |Blockchain FinTech Enthusiast👨‍👦 Father to the brilliant Alexander / 🧠 Driven by innovation & intelligence 🌟 Builder","Switzerland","http://ixfi.com",10008,819,"2021-11-22T11:36:13.000Z"
"1704863835801206784",vvsadkov,"Vlad 🔮","https://pbs.twimg.com/profile_images/1953964929104719872/2_40HPWW.jpg","founder & builder | web3 & ai | always exploring what’s next ⚡️","Dubai","",18028,1061,"2023-09-21T14:23:22.000Z"
"1367723050406268929",funghibull,"funghibull","https://pbs.twimg.com/profile_images/1611543363429502976/cur5I0bU.jpg","Building @playlarp | Exploring worlds with @roversxyz | Founder @shillrxyz + @runtimeonline | Banner: @summergwagner","onchain","http://www.larp.run",63325,8940,"2021-03-05T06:26:30.000Z"
"987102734208954368",przemekowalczyk,"Przemek Kowalczyk","https://pbs.twimg.com/profile_images/989170510398451715/I0TxCyep.jpg","CEO & Co-founder of @RampNetwork
product & strategy & cryptoeconomagic 🧙‍♂️
faring through reality space 👨‍🚀🚀🌌👾","Poland","http://ramp.network",532,676,"2018-04-19T22:56:46.000Z"
"969283042689863681",MPtherealmvp,"maria paula","https://pbs.twimg.com/profile_images/1832124240813793280/Nk0ZVaIC.jpg","shitposting-as-a-service. growth at @aave @lc / formerly co-founder @______jpg______ and @dod_berlin @ethberlin. Opinions my own.","","http://mariapaula.net",16917,3585,"2018-03-01T18:47:40.000Z"
"1662180570774794240",eduard3sen,"Eduard Driessen","https://pbs.twimg.com/profile_images/1936403800027209728/nCz3nPNe.jpg","Co-founder and CEO of @Tradesyncer","Amsterdam","https://tradesyncer.com",21525,678,"2023-05-26T19:35:20.000Z"
"1077851178547986432",0xBeeSmart,"🐝 Neo","https://pbs.twimg.com/profile_images/1884671999877787648/LLDgXuK2.jpg","🤔 Problem solver & 🐝 Beekeeper. Apitherapist & Web3 enthusiast. On a journey of innovation, healing & sustainability. Founder @hivebits_io 🚀🍯","","https://linktr.ee/0xbeesmart",1844,771,"2018-12-26T08:58:41.000Z"
"31197631",JontyKay,"Jonty Kay","https://pbs.twimg.com/profile_images/1446177249179275274/295zFQC8.jpg","Co-Founder & COO @undercurrentSG | shaping the world in my image","Singapore","",362,401,"2009-04-14T19:08:10.000Z"
"1071059210383675392",Gtud96,"Gota 💿","https://pbs.twimg.com/profile_images/1864855671579279360/xuDTIbre.jpg","Co-founder of Tempura technologies, Inc 
BizDev of @SonovaNFT  / Japan Marketing team of @myosin_xyz","Tokyo, Japan","https://linktr.ee/0xgota",719,1481,"2018-12-07T15:09:49.000Z"
"985164706053701632",taka_eth,"taka.eth","https://pbs.twimg.com/profile_images/1957396864288137216/cXhzyNxY.jpg","Founder @bb_jpdao","nomad","https://link3.to/taka_eth",13304,4352,"2018-04-14T14:35:44.000Z"
"3322165894",diakou,"Diakou","https://pbs.twimg.com/profile_images/1881041751734968320/G_9uCPNX.jpg","Co-founder & Divine Protector of @SappySeals // @ExploreOmnia","","http://sappy.lol",8362,1431,"2015-06-13T01:36:39.000Z"
"982634939333083136",phanaero,"Capt'n CryptObvious","https://pbs.twimg.com/profile_images/1015197565820628992/_D0rbZOC.jpg","Co-Founder  & Chief Scientist @SkyProtocolOrg & @MutualKnowledge
Phanæro: apparent, obvious, duh—antonym of ""crypto""
Computing: @ngnghm. Other: @fare.","Decentralized","https://mukn.com/fare",646,135,"2018-04-07T15:03:20.000Z"
"115940540",Restuta,"Restuta.sol ʕ•̫͡•ʕ•̫͡•ʔ | Sharky.fi","https://pbs.twimg.com/profile_images/1755005069496602624/xLVeWwT7.jpg","Building @sharkyfi 🦈 , Ex Head of Engineering @ https://t.co/LHxnBWCpWH, Co-founder of https://t.co/B4ccTk2DXj, Solana, Longevity 🧬, Health ⇒ ∞","San Francisco, CA","https://sharky.fi",75909,2140,"2010-02-20T14:37:49.000Z"
"1413148902279155730",zachlloydtweets,"Zach Lloyd","https://pbs.twimg.com/profile_images/1937620050254454785/flAAHtFa.jpg","Founder @warpdotdev. Prev: Principal Eng at Google Docs. Trying to build impactful software.","New York, NY","https://thezbook.com",5777,50,"2021-07-08T14:52:28.000Z"
"837854453109665796",syrupsid,"Sid Powell 🥞","https://pbs.twimg.com/profile_images/1771996436290281472/0r7ePmSo.jpg","CEO & Co-Founder @maplefinance 🥞","","https://maple.finance/",9115,1439,"2017-03-04T02:37:23.000Z"
"14354665",pedroh96,"Pedro Franceschi","https://pbs.twimg.com/profile_images/1907487073633976320/LY8KzhLq.jpg","Founder & CEO @BrexHQ, helping 30k+ companies (from startups to the largest companies on the planet) to spend smarter and move faster.","San Francisco, CA","https://brex.com",20384,772,"2008-04-10T20:01:17.000Z"
"1644319532478078979",Web3_Zamani,"Zamani ✌","https://pbs.twimg.com/profile_images/1994740977186062336/FgbjrTUc.jpg","Web3 since 2018: @Aptos maxi and collectives member Founder: @Africanz_NFT…… Community head: @kofi_finance…. member @aptoscollective","Aptos","",15716,1907,"2023-04-07T12:41:53.000Z"
"108076897",davidiach,"David Iach","https://pbs.twimg.com/profile_images/1920840769683726336/wi5uOyis.jpg","Founder @Superseed • e/acc with mods • Crypto angel investor","Layer 2","https://www.davidiach.com/",17658,942,"2010-01-24T19:27:13.000Z"
"1627222951601766400",tim404x,"Tim","https://pbs.twimg.com/profile_images/1980701654291783680/ILBRi49J.jpg","Co-founder & CEO @hubxyz. Turning the world into a distributed data infrastructure that fuels AI training & research at scale.","Palo Alto, CA","http://hub.xyz",2837,2727,"2023-02-19T08:26:13.000Z"
"46461116",arietrouw,"Arie Trouw","https://pbs.twimg.com/profile_images/1498380357741154304/ww1457o-.jpg","CEO of XY Labs. Founder @OfficialXYO @coin_with_us. Dataist. Advancing #DataSovereignty & #Web3","San Diego, CA","https://xylabs.com",9941,258,"2009-06-11T19:02:54.000Z"
"607591295",Hydraze420,"Hydraze 🏴‍☠️","https://pbs.twimg.com/profile_images/1931474104684605440/TLMLjVgj.jpg","Pirate looking for loot. Founder: @OCBalpha Disclaimers & Partners below.","Tortuga","",132427,4831,"2012-06-13T22:04:36.000Z"
"1545159785531703302",lambda0xE,"λ","https://pbs.twimg.com/profile_images/1887680834993360896/WDWvyBVw.jpg","byzantine general & co-founder @octra","London, England","http://octra.org",2811,1612,"2022-07-07T21:36:28.000Z"
"8865912",juliosantos,"web the third","https://pbs.twimg.com/profile_images/1399323159598448645/a0Y2j0y8.jpg","co-founder at @idOS_network; technical leader and software engineer; pronounced /ˈʒu.lju/ as in gif","","https://whoisjuliosantos.com",3803,151,"2007-09-14T00:57:46.000Z"
"1527320263263588363",As_Hatom,"Ahmed S I Soul I Hatom","https://pbs.twimg.com/profile_images/1671505360773939201/xCntUoni.jpg","co-founder @0xSoulProtocol @hatomprotocol","","https://soul.io",3913,129,"2022-05-19T16:08:32.000Z"
"1353736200885047298",alessandrodfr,"Alessandro","https://pbs.twimg.com/profile_images/1836170607605501952/Y5WZS5q0.jpg","Co-Founder @dbcoding, Software Engineer @ratio1ai","Friuli-Venezia Giulia, Italia","https://www.defralcoding.it/",322,366,"2021-01-25T16:07:20.000Z"
"3111355869",aryub,"aryub","https://pbs.twimg.com/profile_images/1990334786829680640/VzM3b-Y7.jpg","co-founder @TradeonNova","","http://nova.trade/@aryub",7395,476,"2015-03-24T19:55:26.000Z"
"931852915043598342",JouannyLeo,"Leo_jouanny (🪼,🦾)","https://pbs.twimg.com/profile_images/1628317994127441920/sL02B6Cm.jpg","Co-founder & CEO of @DusaLabs | Ex-VP of @KRYPTOSPHERE_ & Co-founder of KRYPTOSPHERE Blockchain Summit","Paris, France","",409,633,"2017-11-18T11:53:42.000Z"
"571411019",ovedm606,"Michael Oved","https://pbs.twimg.com/profile_images/2000389091276230658/OUa4Klmb.jpg","Co-Founder @Harbor_DEX, @airswap. Former Partner @VirtuFinancial.","New York, NY","https://harbor.xyz",4978,525,"2012-05-05T03:46:58.000Z"
"1590172839721799680",0xVarius,"0xVarius | MONSTRO","https://pbs.twimg.com/profile_images/1949162302001008641/H6G4ysD1.jpg","Founder, @monstrodefi | Alien Council, @AlienBaseDEX

$MONSTRO - coming soon only on BASE.","MONSTRO Island","http://monstro.fun",414,419,"2022-11-09T02:42:12.000Z"
"703823975646830604",blockchainbalak,"Prakarsh | Blockchain Balak","https://pbs.twimg.com/profile_images/1926217733621903361/oY34zB-0.jpg","co-founder @spheron | Building World’s Largest Datacenter","1.1.1.1","https://www.linkedin.com/in/prakarshpathak",8195,3333,"2016-02-28T06:08:07.000Z"
"1389561687091466240",x64Rick,"Rick( 🛠 , 🤖 )","https://pbs.twimg.com/profile_images/1532634285920120832/W0cvGdJI.jpg","AI & Crypto｜co-founder of @MyShell_ai ｜🍗🍜🥃📷","Tokyo-to, Japan","http://app.MyShell.ai",2949,639,"2021-05-04T12:45:09.000Z"
"243795980",Anariel_ka,"Maria Lobanova","https://pbs.twimg.com/profile_images/1538898226652270592/kHX-KVwW.jpg","Crypto Journalist, contributor to media. CMO @naorisprotocol. Founder @interstellardig. Crypto investor since 2016","Miami, FL","http://interstellardigital.io",837,686,"2011-01-27T20:49:35.000Z"
"3265756934",samkazemian,"sam.frax","https://pbs.twimg.com/profile_images/1172697784341843968/M6tbtEKZ.jpg","¤ Founder CEO @FraxFinance 💸 $FRAX ¤ 🇺🇸 Cofounder @IQAICOM $IQ 🤖 neuroscience & philosophy @ucla","","http://frax.com",43179,5435,"2015-07-02T05:33:42.000Z"
"963668437955497985",nntihun,"Tien Hung","https://pbs.twimg.com/profile_images/1993613517677867008/99m74pLC.jpg","Founder @worktoearn_en and Vinablockchain  |  Connect projects⇄talents  |  Fat protocol thesis

https://t.co/ioBqM8BjLO","7️⃣+ years in crypto","https://vinablockchain.com/",1427,913,"2018-02-14T06:57:14.000Z"
"374777746",scottybmitch,"Scotty","https://pbs.twimg.com/profile_images/1883588975673139201/pOPdKEIp.jpg","founder @dripchain • @bearish_af • @xeetdotai","the den 👉","https://bearish.af",16369,9626,"2011-09-16T22:49:57.000Z"
"1198052915639967744",kevinbai0,"Kevin Bai","https://pbs.twimg.com/profile_images/1198053064214827008/h74g5Y-T.jpg","co-founder @slashapp | prev uw cs","San Francisco, CA","http://slash.com",1665,552,"2019-11-23T01:37:49.000Z"
"1519371596514877443",mmorrissey0,"michael","https://pbs.twimg.com/profile_images/1986839283206848512/hLje4R8d.png","product & founder at @RelayProtocol","","",1001,841,"2022-04-27T17:43:17.000Z"
"2881938445",mks_hot,"mks","https://pbs.twimg.com/profile_images/1987829759955619840/nMaCpRp2.jpg","co-founder @tradehotstuff | Prev @MessariCrypto | cs @uwaterloo","Somewhere in World","https://www.hotstuff.trade",1622,4254,"2014-10-29T09:55:33.000Z"
"1984791",mikeyanderson,"Mikey Anderson 🌎","https://pbs.twimg.com/profile_images/1848483243651223552/TlpHcbBU.jpg","Growing @thinkagents | Founder @iai_institute 🧠✊","Earth","https://www.thinkagents.ai",7289,3062,"2007-03-23T06:30:16.000Z"
"758838745525202949",LayneHaber,"Layne Haber","https://pbs.twimg.com/profile_images/1290841941706383360/gI4KNCo-.jpg","Founder @EverclearOrg (prev @Connext). Helped summon @molochdao. Subpar at bios.","United States","https://everclear.org",3413,1008,"2016-07-29T01:37:10.000Z"
"1076750252",AElkrief,"Alex Elkrief","https://pbs.twimg.com/profile_images/1579454617322196999/wyOxtjqC.jpg","Co-founder @upshift_fi and @august_digital","","",918,864,"2013-01-10T14:29:02.000Z"
"2217211824",wozchain,"Woz 👀","https://pbs.twimg.com/profile_images/1914113121947615232/mIMFjgCA.jpg","co-founder @ojo_network | 🍊","","http://ojo.network",5521,1371,"2013-11-27T05:30:33.000Z"
"64954849",buchmanster,"Ethan Buchman (🐝,🦇)","https://pbs.twimg.com/profile_images/1667540724756127746/7Bh1b75o.jpg","Internet Biophysicist.

CEO @cyclesmoney, @informalinc. Co-founder @cosmos. 

Respect the Graph.","Toronto","https://ebuchman.github.io",36646,7560,"2009-08-12T05:56:35.000Z"
"14271959",tmlee,"TM","https://pbs.twimg.com/profile_images/1777371450133102592/_jEIOsTJ.jpg","Co-founder & President at @coingecko @geckoterminal #BuildwithCoinGecko, @purduecs 2012","","http://coingecko.com",12541,1467,"2008-04-01T03:36:20.000Z"
"1167218291649196032",solwhitey,"Whitey","https://pbs.twimg.com/profile_images/1497150542061187079/baCd3OGg.jpg","@Rainfi_ CEO & Co-Founder

If your parachute fail, you have the rest of your life to fix it","","",708,466,"2019-08-29T23:32:06.000Z"
"3023821012",knotai__,"Ed | Ping 🌐","https://pbs.twimg.com/profile_images/1867159669237538816/yNtXH5tJ.jpg","co-founder  & cmo @pingnetwork_io / global bandwidth for any networking use case","","",8245,906,"2015-02-07T19:56:28.000Z"
"713152599990616064",elbagococina,"elbagococina.eth","https://pbs.twimg.com/profile_images/1841186246606848009/qZHvrV19.jpg","Co-founder @kpk_io | DeFi Researcher","Argentina, Portugal","https://www.karpatkey.com/",1855,1122,"2016-03-24T23:56:44.000Z"
"275508757",Mona_El_Isa,"Mona El Isa","https://pbs.twimg.com/profile_images/1434847440218333185/c7OWS7sw.jpg","Working to unleash potential of on-chain capital with @avantgardefi 🍉
Founder @enzymefinance","","https://avantgarde.finance",9430,1040,"2011-04-01T12:24:46.000Z"
"1219898440718651393",mesky_,"Mesky | Delpho","https://pbs.twimg.com/profile_images/1981632225553559552/8PX_SnZD.jpg","founder @delpho_labs

building a pretty good stablecoin","onchain","",14868,6350,"2020-01-22T08:23:55.000Z"
"1401125502933508100",0xBobdbldr,"bobdbldr","https://pbs.twimg.com/profile_images/1907583611328397313/CoN-zoJk.jpg","Nothing is true, everything is permitted 
co-founder @Spreads_fi | Contributor @sekai_fi","onchain","",5739,1486,"2021-06-05T10:35:39.000Z"
"705766913318772736",itsKelmat,"Kelmat (João Moreira)","https://pbs.twimg.com/profile_images/1495365890350751750/_UKrIKsB.jpg","Founder @mystic_finance | prev @sureswiftcap","Lisbon","http://mysticfinance.xyz",701,1009,"2016-03-04T14:48:39.000Z"
"146829052",farooqsheik,"Farooq | zo.me","https://pbs.twimg.com/profile_images/1925632566616276992/bikBDCJF.jpg","Head of Growth @Joinzo | 1 Exit | 2X Founder | AI x Web3 Maxi | Keynote Speaker | Builder @ @inboxbites","Join InboxBites waitlist 👉🏻","https://www.inboxbites.com",914,2253,"2010-05-22T13:05:42.000Z"
"945673601486938112",0xifreqs,"IFreqs","https://pbs.twimg.com/profile_images/1981442653368487936/fjZyOltP.jpg","Founder: @InkBunniesNFT
Building: @AstraeaDAO & @BOSSLABS_ 
Volunteer Contributor: @InkonChain & @krakenfx
OG: @bantr_fun","WEB3","http://www.ifreqs.site",54525,26648,"2017-12-26T15:12:11.000Z"
"1379091081363656707",CemalTheMM,"Cemal The Market Maker","https://pbs.twimg.com/profile_images/1637856128196304898/LwqIZS6e.jpg","🔥 Founder of @FainEraGlobal — New Era for Crypto

📊 Building tools, strategies & education for next-gen investor

🚀 Trade smarter. Learn faster. Earn more.","Şimdi katılın 👉","http://t.me/FainEraTradePrivateBot",53531,346,"2021-04-05T15:18:45.000Z"
"18190011",rmdmac,"Roberto Machado 🧠","https://pbs.twimg.com/profile_images/1850934615550406656/MAcj-YSK.jpg","Building @quillFi 📜
Founder & CEO @subvisual (#web3 Venture Studio) 🧠. Founding Partner @ @lightshift_xyz⚡️& Partner @ @Sumcap 🧑🏻‍🌾.","Braga, Portugal","https://subvisual.com",2863,2028,"2008-12-17T14:44:32.000Z"
"81407322",Lukerativly,"LATO","https://pbs.twimg.com/profile_images/1670769506304802816/-4p3WQNN.jpg","Trade with Tealstreet: https://t.co/s159CswjtR | Co-founder at https://t.co/quvKNdroe7 | Support Tealstreet here: https://t.co/EChCBRbIij","Tealstreet","",1090,3306,"2009-10-10T17:57:21.000Z"
"420135505",AlexMamasidikov,"Alex Mamasidikov","https://pbs.twimg.com/profile_images/1492825239805378562/lxdy8kiK.jpg","Founder crossfi | Entrepreneur | Strategist | Marketing | CMO | Growth hacking | https://t.co/TCyjNr8XSg","Dubai","https://crossfi.org",4273,81,"2011-11-24T07:08:48.000Z"
"878078636003397634",RandomTask555,"RT","https://pbs.twimg.com/profile_images/1964736608738897920/pCMttIDG.jpg","Growth & Operations @nirvana_fi | Co-Founder @magnus_fund 🍁 @MonkeDAO Enjoyooor | Member @SuperteamCAN | Opinions are my own | Not financial advice","Canada","https://www.nirvana.finance/",11196,2315,"2017-06-23T02:33:55.000Z"
"1234864561133625345",connor_enso,"Connor | ⌘ 🛠️","https://pbs.twimg.com/profile_images/1972607999090016256/htt_oGqc.jpg","founder @EnsoBuild","Zurich, Switzerland","",3571,2634,"2020-03-03T15:33:56.000Z"
"952648025377329152",Tony_LucidFi,"Anthony Broderick","https://pbs.twimg.com/profile_images/1839286581586440195/cbbxshP0.jpg","Founder @LucidLabsFi - The Multi-Bridge Liquidity Hub | Bridge. Swap. Bond. | Friend to all dogs","Ethereum","http://LucidLabs.fi",6576,1138,"2018-01-14T21:06:03.000Z"
"263645669",edgarpavlovsky,"edgar","https://pbs.twimg.com/profile_images/1983340677577756672/nM2isXcw.jpg","founder @darkresearchai, @mtndao","New York, USA","https://darkresearch.ai",28577,4918,"2011-03-10T13:11:20.000Z"
"1359929099632967683",marlonhanks2,"Marlon Hank ∞","https://pbs.twimg.com/profile_images/1987689097545064448/oJJbqAsk.jpg","@CaffeineAI Pioneer - building useful dApps 🤓 Founder of @Mingleberrymedi  $ICP ∞ $BTC 🟧","All over the World","http://mingleberrymedia.com",2861,515,"2021-02-11T18:15:52.000Z"
"1469259059547230213",TheCryptoProfes,"The Crypto Professor","https://pbs.twimg.com/profile_images/1896664017113919488/BOptSYYQ.jpg","👤: Founder @decrypting_xyz 'Own The Affiliate Layer'
✍️: Crypto Maxi
🤖: AI Content Maxi
🎮: InfoFi Maxi 

Will shitpost about life and AI content, enjoy it","","http://decrypting.xyz",38079,12826,"2021-12-10T10:54:05.000Z"
"1392369347247710218",BrettHarrison88,"Brett Harrison","https://pbs.twimg.com/profile_images/1480759256852824065/_HBSny3Z.jpg","Founder & CEO @Architect_Fi","","http://architect.co",57619,2714,"2021-05-12T06:41:50.000Z"
"96557885",chiragjetani,"C J $DIAM","https://pbs.twimg.com/profile_images/1864932883065954304/p8aDqv4O.jpg","Founder @Diamante_io","Abu Dhabi","http://www.diamante.io",4545,57,"2009-12-13T14:20:53.000Z"
"1442515988591742991",CryptopiaOFCL,"Cryptopia","https://pbs.twimg.com/profile_images/1625339468973760512/th9slQSL.jpg","A serverless blockchain game built on @SkaleNetwork with an embedded multisig wallet and P2P network.
Founder: @HFBonnet
🔗 https://t.co/ZSSGdqebUF","Cryptopia","https://cryptopia.com",58977,729,"2021-09-27T15:46:38.000Z"
"1453760063110205442",web3cook,"rohit.hl | Raga","https://pbs.twimg.com/profile_images/1787566318536753152/3Wl64ldp.jpg","Founder @ragafinance , @NexusNetwork_0x | Cooking ideas and food 👨‍🍳🧑‍💻 | @iitbombay Aerospace Graduate | Ex: @pStakeFinance @PersistenceOne","Singapore","https://raga.finance/",927,1009,"2021-10-28T16:27:50.000Z"
"166569035",federicoast,"Federico Ast","https://pbs.twimg.com/profile_images/1907031384025161728/9VTmiiN-.jpg","Ph.D. - Founder at Kleros - Building the Future of Law and Governance 🇦🇷","Earth","http://federicoast.com",11975,2718,"2010-07-14T13:49:06.000Z"
"1285124645562093575",thekurtivy,"Kurt Ivy","https://pbs.twimg.com/profile_images/1847866476771876864/PsrPr-VK.png","Past contributor to Entrepreneur, Cointelegraph, +10 more | Co-Founder @acesdotfun | Marketing at Web3 Advisory","","https://web3advisory.co/",2656,626,"2020-07-20T08:09:38.000Z"
"2747293010",Ulydev,"Uly | Spectra","https://pbs.twimg.com/profile_images/1926920794245824512/viuzZLQy.jpg","Co-founder @Spectra_Finance | prev. @Amazon @Parallel cs @epfl
Building products in web3 and decentralised finance.","","https://uly.dev",1786,455,"2014-08-20T00:06:09.000Z"
"17189365",nicotourne,"Nicolas Tourne","https://pbs.twimg.com/profile_images/1522953768681283585/hcITfKBE.jpg","Web3 Engineer. Building @tallyxyz. Co-founder @beerealit. Passionate about crypto, AI, and books","🇦🇷","https://nicotourne.com/",5933,4524,"2008-11-05T14:35:20.000Z"
"2322130896",VicenGomezG,"Vicen Gomez","https://pbs.twimg.com/profile_images/1883214796901789696/C1s9PaXe.jpg","Co-Founder & Master Monster at @HelloMonsterGG ⚔️ Developing @WonderWarsGame 🔥","España","https://bit.ly/35CDTru",1818,787,"2014-02-01T10:41:22.000Z"
"1940074760693501954",alfahimsa,"Saeed Al Fahim","https://pbs.twimg.com/profile_images/1940084905616068609/jCSeVE34.jpg","Founder of Tharwa","United Arab Emirates","https://tharwa.finance",1041,8,"2025-07-01T15:47:35.000Z"
"4727130589",anuragarjun,"Anurag Arjun","https://pbs.twimg.com/profile_images/1880727743836332032/ieIeJutE.jpg","Founder @AvailProject. Previously founder @0xPolygon.","","https://www.availproject.org",93613,1111,"2016-01-08T06:29:39.000Z"
"1411286040963432449",dominicVEMP,"Dominic Ryder | POD 🗳️","https://pbs.twimg.com/profile_images/1930604485207904256/dHIhBwxE.jpg","Founder & Co-Founder @alvaraprotocol @theotherpartyuk @vemphorizon @antarathegame | Inventor of the ERC 7621 | Centralization Vanquisher of the year 2021","Conceptual dreamland ","https://linktr.ee/DominicVEMP",12103,2511,"2021-07-03T11:30:12.000Z"
"1066406674855063552",mlunghi2000,"Matteo","https://pbs.twimg.com/profile_images/1991603796959494144/Ef3J3QG6.jpg","founder @GTE_XYZ | prev. @PalantirTech @BrownUniversity","Manhattan, NY","http://gte.xyz",7215,3286,"2018-11-24T19:02:18.000Z"
"1440517534562721798",mannyornothing,"manny","https://pbs.twimg.com/profile_images/1905235455144005632/hwEBPLmj.jpg","co-founder of @blend_money / ex head of sales @umaprotocol/ @acrossprotocol 
Serving developerdao steward","","",4969,4859,"2021-09-22T03:25:34.000Z"
"479465778",rokindo_,"Derek Delgado","https://pbs.twimg.com/profile_images/1943320370288676864/ar7G4rW-.jpg","design & smm @sundaeswap, prop trader, prev @vesprwallet co-founder","St Petersburg, FL","https://derekdelgado.framer.website/",2673,2215,"2012-01-31T12:13:37.000Z"
"1246369406",ChrisR3kt,"Chris","https://pbs.twimg.com/profile_images/1983822969668308992/Kg9j5Zvu.jpg","Award-Winning Serial Entrepreneur | Ex Founder & CEO @adcash | Co-Founder & CEO @PlayToEarn | 🇫🇷","","",2980,675,"2013-03-06T15:39:31.000Z"
"805592365050175488",raoufbenhar,"Raouf Ben-Har 🇺🇸","https://pbs.twimg.com/profile_images/1450831362257133580/STr8EdTV.jpg","founder @andalusialabs building @opengdp. prev @coinbase @google @goldmansachs. san francisco native.","San Francisco, CA","",10124,191,"2016-12-05T01:59:21.000Z"
"1427429092396257281",TurntUpDylan,"Turnt Up Dylan (DKS) 💀👑","https://pbs.twimg.com/profile_images/1767992221653987329/P0_mcP5n.jpg","Founder @deadkingsociety","","https://www.deadkingsociety.io/",28632,3309,"2021-08-17T00:36:35.000Z"
"21639413",KenDicross,"Ken DiCross","https://pbs.twimg.com/profile_images/1980058968111063040/_dBpa0LX.jpg","Founder & CEO @Wire_blockchain. Blockchain’s 1st Universal Transaction Layer.","Los Angeles, CA","https://wire.network",1861,694,"2009-02-23T08:05:01.000Z"
"198233612",CharlieHSilver,"Charlie.ask","https://pbs.twimg.com/profile_images/1544445113165705217/lcUgA-15.jpg","Founder & CEO of @PermissionIO. Data Visionary.
https://t.co/iMGb8b130F
$ASK®  #Permission®
#OwnYourData®","San Diego, CA","https://permission.io",26365,2399,"2010-10-03T18:43:21.000Z"
"4811642364",paulkhls,"Paul Kohlhaas bio/acc","https://pbs.twimg.com/profile_images/1735491390161956864/gTVfq6B0.jpg","dreaming of a scientific singularity / founder & ceo @bioprotocol @molecule_sci pioneering DeSci @vita_dao/ alum @Consensys @AfrikaBurn","0","http://www.bio.xyz",25366,4151,"2016-01-25T09:56:10.000Z"
"14074187",mitchliu,"Mitch Liu | Theta Network","https://pbs.twimg.com/profile_images/1493705556611461122/42RVnsUJ.jpg","Co-Founder/CEO of @Theta_Network - decentralized cloud for AI, Media & Entertainment. https://t.co/153uQoVTbs","","http://www.ThetaNetwork.org",38162,274,"2008-03-03T19:56:39.000Z"
"853740511403937793",pangestu_karon,"Karon","https://pbs.twimg.com/profile_images/1638780046344327169/wVNbP-CP.jpg","founder @launchy_ | prev head of growth @aevoxyz @ribbonfinance","Join 20,000+ readers →","https://launchy.app/",2199,2198,"2017-04-16T22:42:54.000Z"
"2794709542",wookey_eth,"Wookey 🧘 | TPRO","https://pbs.twimg.com/profile_images/1787560526198734848/y_6Jx6MQ.jpg","Founder & CSO @tokenomiapro 
Building https://t.co/7gv4wxgTuB 

Truth is the only authority 🧘

#web3 #music #travel #consciousness
https://t.co/ZPgXdqk3rD","Blockchain","https://tokenomia.pro",2162,464,"2014-09-30T13:34:24.000Z"
"3278627678",0thTachi,"Tachi","https://pbs.twimg.com/profile_images/1887862399459360769/8gxPIUYn.jpg","Co-Founder | CEO at https://t.co/m3MAo3fMIZ
Founder at Lattivox Labs.

Building @arcdotfun @ryzomeai","","https://playgrounds.network",13381,553,"2015-07-13T15:03:11.000Z"
"1415368994404671493",Jiurn,"Jiurn","https://pbs.twimg.com/profile_images/1662516552216854533/-TjugMuY.jpg","Founder : @Inscripedia ✍️ | 🔸 Daily Crypto Updates 🔸","","http://inscripedia.com",50823,1385,"2021-07-14T17:55:00.000Z"
"444647137",NickyScanz,"NickyScanz","https://pbs.twimg.com/profile_images/1997190179040239616/wpjqXZTI.jpg","Founder | @layer_33_ Host | @theindexshow","Charleston, SC","http://Layer33.com",9863,4654,"2011-12-23T13:44:12.000Z"
"3222124189",AshtonHetti,"Ashton Hettiarachi","https://pbs.twimg.com/profile_images/1957561829246259204/lQMZBE-i.jpg","Founder and Architect @OpenmeshNetwork & @OpenxAINetwork. Previously head of Innovation @FantomFDN (@SonicLabs)

https://t.co/cvjmXRBLDy
Telegram: @AshtonH","10N 177E","http://www.openmesh.network",4374,3,"2015-05-21T08:05:50.000Z"
"321438141",WillemSchroe,"Willem Schroe","https://pbs.twimg.com/profile_images/1949904791452184576/O1FuZQYT.jpg","Founder & CEO @Botanix. Inventor of the Spiderchain. @HarvardHBS alum. Ex @exxonmobil. Building bitcoin infrastructure. 🇧🇪 in 🇺🇸","Manhattan, NY","https://link.springer.com/chapter/10.1007/978-3-319-31301-6_11",15741,1598,"2011-06-21T15:39:05.000Z"
"379536369",gaurangtorvekar,"Gaurang (GT)","https://pbs.twimg.com/profile_images/1599850402492579840/bzdATFqF.jpg","Cyrpto OG ⛓️ Author of ERC-5606 📘 Co-founder & CTO @bonzo_finance 🔥 https://t.co/RN2lvpkAzm","London","https://gaurangtorvekar.com/",1730,1575,"2011-09-25T04:05:15.000Z"
"43156136",PhilippZentner,"Philipp Zentner | LI.FI","https://pbs.twimg.com/profile_images/1854478682993332224/OUXFhoyr.jpg","Founder & CEO @lifiprotocol - https://t.co/8NKoLVU2XD - Creating The Unified Market - All DeFi liquidity out of one API","New York, USA","https://philippzentner.com",8489,3015,"2009-05-28T17:40:00.000Z"
"22134223",LeonPedretti,"Leonardo 🐻⛓️","https://pbs.twimg.com/profile_images/1907077175490027520/1obgMx91.jpg","DeFi Strategist Advisor @DiracFinance Prev: Founder — Ethereum Italy (2015), translated ETH white paper | Lawyer | Crypto since 2013","","http://Dirac.finance",1243,2407,"2009-02-27T12:25:55.000Z"
"41319183",bruffstar,"Bruffstar","https://pbs.twimg.com/profile_images/1904016036665389057/UTIEQo0S.jpg","Developer of stuff, designer of things. AI & ChatGPT Maxi. Inscription #1168
Founder @satoshibles / Co-founder @ordinalsbot + @trio_xyz","Zürich, Switzerland","https://trio.xyz",15549,1634,"2009-05-20T08:03:52.000Z"
"1854401",VinnyLingham,"Vinny Lingham","https://pbs.twimg.com/profile_images/1891269273018056705/7_d4jhKA.jpg","Entrepreneur. Armchair Economist. Practical Contrarian. Budding Poker Pro. Chairman & Co-founder @PraxosCap","Austin, TX","https://www.praxoscapital.com",230699,12900,"2007-03-22T09:37:56.000Z"
"3231887778",JackLipstone,"Jack Lipstone ($/acc)","https://pbs.twimg.com/profile_images/1947136073164824579/1D25B2Pa.jpg","Business Development Director at @Sei_FND @SeiNetwork
 | Previously, Investment Partner at @ChapterOne, ex DeFi Founder

*views are my own","","",9811,7394,"2015-05-31T19:52:46.000Z"
"1473040030499328003",dgdvin,"David Garrett | dVIN Labs","https://pbs.twimg.com/profile_images/1814924749463506946/4MHbbZ7w.jpg","Co-founder of @dvinlabs. Tokenizing the $1T wine asset class. $VIN","","https://dvinlabs.com",33847,61,"2021-12-20T21:18:27.000Z"
"184690441",TiboEber,"Tibo Eber","https://pbs.twimg.com/profile_images/1927078081358893056/L_TJJsar.jpg","Head of Growth & Creative Studio @ProtonPrivacy | Creative & Digital Product Marketer | Web & UX Lover | Founder of Art Graphic & Design Magazine","Genève, Suisse","",5499,365,"2010-08-30T06:45:22.000Z"
"1547058826918219777",0xTaizen,"Taizen","https://pbs.twimg.com/profile_images/2005913296210186240/5mmEUQKa.jpg","🍃@ExospiritsNFT Founder!
We’re not just trying to build an NFT collection here 
we’re building a global brand!","","",10371,601,"2022-07-13T03:22:29.000Z"
"1412802898937921537",theluddi,"Jonathan Ludwig","https://pbs.twimg.com/profile_images/1962412953354878976/9NYQlLWx.jpg","Founder @FANtiumofficial & @FANstrikefun. Entrepreneur (2x exits) & angel investor.

CA: GuyfRNKbEm7THdhRuE4RyPMzyipLdkuWAdgTnMk9rBLV
Creator: @luddiluddi","","https://www.fantium.com",1229,765,"2021-07-07T15:57:39.000Z"
"1770815345227382785",Peprika_Inferno,"Matt | Spicenet","https://pbs.twimg.com/profile_images/1844009501638184960/J4LEGDnO.jpg","Co-Founder @Spicenet","","",41337,269,"2024-03-21T14:13:08.000Z"
"162701044",bfff00,"BFFF00","https://pbs.twimg.com/profile_images/1995558599028883456/WF_IFNA8.jpg","Founder/PM @BloomTrading","10% Off Bloom ➡️","https://t.me/BloomSolana_bot?start=ref_TRUMP",5234,666,"2010-07-04T12:47:03.000Z"
"1293318573172154368",genly_a1,"lindsay","https://pbs.twimg.com/profile_images/1892249904308703237/9pSXyFly.jpg","Content @storyprotocol | Co-founder @d_fdao | Prev. @optimism, @zapper_fi, @the_matter_labs","","",1443,1222,"2020-08-11T22:49:22.000Z"
"553021619",zabimx,"Zabi | Bluefin","https://pbs.twimg.com/profile_images/1808484018440343552/20USz3q7.jpg","co-founder @bluefinapp","","http://bluefin.io",3151,484,"2012-04-13T21:29:23.000Z"
"1586046327707693056",thecliffwhite,"Cliff White 🌏","https://pbs.twimg.com/profile_images/2002818403602714624/tM6qyVFa.jpg","Co-founder @re Labs","","http://re.xyz",16511,960,"2022-10-28T17:25:05.000Z"
"1095548768198508544",monobuilder,"Mono","https://pbs.twimg.com/profile_images/1858610356911849472/mkOK9pCM.jpg","Software Dev & Serial Crypto Founder","","",547,227,"2019-02-13T05:02:35.000Z"
"71228188",EvanStinger,"Evan Stinger","https://pbs.twimg.com/profile_images/1777930217388126208/LHT1RqD4.jpg","Builder | Co-Founder & CTO @YieldraProtocol @CrypstocksAI","Bali, Indonesia","https://evanstinger.com",3832,957,"2009-09-03T11:14:18.000Z"
"330164723",hexonaut,"Sam MacPherson","https://pbs.twimg.com/profile_images/1699607742049337344/EVQCcUOn.jpg","Co-founder / CEO @phoenixlabsdev - contributing to ⚡️Spark⚡️. Previously Protocol Engineering @SkyEcosystem (MakerDAO at the time)","Toronto, Ontario","",11644,870,"2011-07-06T06:10:18.000Z"
"3374231",mxcl,"Max Howell","https://pbs.twimg.com/profile_images/1586434145869348865/Uajm-q3O.jpg","COSO @pkgxdev. founder & core contributor @teaprotocol. formerly creator https://t.co/2JVw2M1SuG.","Apex, NC, USA","https://mxcl.dev",33089,522,"2007-04-03T23:52:48.000Z"
"802793144391634944",MajumderDibyo,"Dibyo - data/acc","https://pbs.twimg.com/profile_images/1958442990613180416/LJEsKaNP.jpg","मनसा वाचा कर्मणा । founder @turf_network → Data Context for Specialised AI ⚡️ | @HarvardHBS","San Francisco, CA","https://turf.network",1677,2071,"2016-11-27T08:36:15.000Z"
"10432632",Jangid,"Pankaj Jangid","https://pbs.twimg.com/profile_images/1950942029812310016/tbn7DcCh.jpg","CTO, Co-founder @AlphaFiSUI @stSUI_AlphaFi. #Crypto #DeFi #Sui #Blockchain","","https://alphafi.xyz",7272,3375,"2007-11-21T04:51:05.000Z"
"834919460",leviadam1,"Adam Levi","https://pbs.twimg.com/profile_images/836280815273328640/KLdHcHOJ.jpg","Co-founder @BackedFi.  Issuer of @xStocksFi
#crypto #RWA.","","",1030,968,"2012-09-20T06:28:47.000Z"
"543701366",pablo_veyrat,"Pablo 📐","https://pbs.twimg.com/profile_images/1647903713988603904/SdbVFL2Y.jpg","Co-Founder @AngleProtocol 📐, @merkl_xyz 🥨
Proud European citizen building an open financial ecosystem 🇪🇺","","https://merkl.xyz",4405,289,"2012-04-02T20:14:57.000Z"
"916671212612411394",mihaieremia,"Mihai | XOXNO.com 🔥🛠️","https://pbs.twimg.com/profile_images/1842598426027917312/pdlad2TZ.jpg","Founder @TrustStaking, @XoxnoNetwork | Building and occasionally investing in other builders🔥","UAE","https://dani.ro",5372,293,"2017-10-07T14:27:02.000Z"
"1489875671631671297",gathint,"Gathin (Ø,G)","https://pbs.twimg.com/profile_images/1992219587710943232/714a0spg.jpg","DevRel @0G_labs - Making AI a Public Good 🐼 \z/ Founder @the_zo_world 🎫 Ex- Scholar @OraProtocol, @talentlayer @NiceNodeApp","0G's AI L1","",2110,1429,"2022-02-05T08:17:17.000Z"
"1169111737431416832",0xAjTasker,"AJ","https://pbs.twimg.com/profile_images/1536530840791920640/3EUCIiXK.jpg","Learning all the time, optimist. Co-founder & CEO @TaskerHQ . Founder of @DapiHQ YC W20.","United States","http://www.tasker.ai",1032,6145,"2019-09-04T04:55:43.000Z"
"137116360",rogozov,"andrew.ton","https://pbs.twimg.com/profile_images/1611620209902641152/7Xo5f53R.jpg","Founder & CEO @topdotco, builder on @ton_blockchain, ex-CEO of https://t.co/YvzsMDhFIS","Dubai, United Arab Emirates","https://top.co",109653,111,"2010-04-25T21:15:18.000Z"
"71252606",Evgen_AI,"Evgen","https://pbs.twimg.com/profile_images/1692096029170999296/KW4enCCZ.jpg","Founder of R2 Copilot https://t.co/7gpWfnQVnn, https://t.co/tHvWiu9ORT. Expert in #Tokenization & #RWA. Background in #AI, #Cybersecurity & mission-critical systems.","San Francisco, CA","",4390,683,"2009-09-03T13:29:21.000Z"
"1907282213231902720",arthur_gmgn,"Arthur 𝓰𝓶𝓰𝓷𝓪𝓲","https://pbs.twimg.com/profile_images/1927978555075612676/IQhkaToB.jpg","Co-founder @gmgnai","","https://gmgn.ai",2193,591,"2025-04-02T04:01:52.000Z"
"315112234",libsvm,"JJJJ","https://pbs.twimg.com/profile_images/1981092076658806784/8aGsuSXQ.jpg","co-founder @harmonic_gg @temporal_xyz","0x300000000","",2737,1920,"2011-06-11T09:48:18.000Z"
"742415736518250496",wyattraich,"wyatt","https://pbs.twimg.com/profile_images/1980745552108146688/nWgvsZEk.jpg","co-founder @hellotradeapp | Built the fastest ETF to $100B @BlackRock | Ex AI & Robotics @LockheedMartin | Red crayon turned green trader","New York","",611,103,"2016-06-13T17:57:59.000Z"
"1083226434",ox_shaman,"Mislav Javor","https://pbs.twimg.com/profile_images/1903021883076800513/zaFJ78mo.jpg","vp product @biconomy • co-founder/ceo @klaster_io (acquired) • co-author ""developers guide to ethereum"" (2018) • musician • opinions my own • 🇭🇷","Croatia","https://semiosys.org",1578,1033,"2013-01-12T15:06:10.000Z"
"146525391",shreedharshetty,"Shreedhar Shreenivasa","https://pbs.twimg.com/profile_images/1919344667637796864/NWagV6Un.jpg","Founder @Novastro_xyz | Novastro is an Ethereum ledger for RWAs tradable across EVM & Non-EVM chains","Dubai, United Arab Emirates","https://novastro.xyz",11428,1207,"2010-05-21T17:10:01.000Z"
"393136420",jamescadeen,"James Cadena","https://pbs.twimg.com/profile_images/1588369776824434694/ro5lmqWX.jpg","TapTools COO/Co-founder @TapTools https://t.co/0ZhRSXvqQH","New York, NY","",1538,843,"2011-10-18T02:30:48.000Z"
"1270993847036805121",Ishanb22,"Ishan B","https://pbs.twimg.com/profile_images/1552123651910209538/UMr1wRdr.jpg","Co-Founder @scrib3_co | Probably the first to call out FTX & short (Pinned) | Angel in a few projects","Austin, TX","",17508,1687,"2020-06-11T08:18:52.000Z"
"554781837",kenzhou135,"KenZ萝卜哥@NodeX.xyz","https://pbs.twimg.com/profile_images/1914524192403509248/wHA7AbNq.jpg","Humans think. AI reasons. Machines act. connects them ｜ Founder of @labs_nodex|","The Woodlands, TX","http://www.NodeX.xyz",3148,3650,"2012-04-15T23:03:25.000Z"
"1084928033935540227",GuangyuRobert,"Robert Yang","https://pbs.twimg.com/profile_images/1084928207814565890/KlHpW1-g.jpg","Co-founder, CEO at @Fundamental (fka @Altera_AL), former Assistant Professor @mitbrainandcog & @MITEECS. We are building @tryshortcutai","San Francisco Bay Area","http://fundamentalresearchlabs.com/",14682,195,"2019-01-14T21:39:35.000Z"
"1435737979818070016",Beyond_Fred,"Fred","https://pbs.twimg.com/profile_images/1776560895801380864/LcZfB5O9.jpg","CEO & Co Founder @BeyondLabsAI @JoinProjectW | CEO & Co Founder Game Developer & Publisher | Multi Exits | ARC Stellar #792 | BFF @elonmusk","","https://beyondgaming.io/",144568,1367,"2021-09-08T22:53:12.000Z"
"2311349796",mistrpixel,"MistrPixel","https://pbs.twimg.com/profile_images/1997018879139463168/Eme4O-zP.jpg","NEVER STOP CREATING! Team: @Moon_or_Dust42","","http://moonordust.media",1339,2747,"2014-01-26T06:15:14.000Z"
"749453",mhudack,"Mike Hudack","https://pbs.twimg.com/profile_images/1533853749608910850/PaR_FOUe.jpg","Co-founder & CEO at @SlingMoney, where we're connecting the world with instant payments. Previously CPO @Monzo, CPTO @Deliveroo, Product @Facebook.","United Kingdom","https://hudack.com/",7879,4821,"2007-02-02T23:14:28.000Z"
"3931402631",hilmarxo,"Hilmar","https://pbs.twimg.com/profile_images/1829979551507607552/2mqyki2W.jpg","founder @gelatonetwork | @arrakisfinance","Yoshi City","",10661,1347,"2015-10-11T22:00:01.000Z"
"909513498652225538",alliance,"Alliance","https://pbs.twimg.com/profile_images/1793062264141918208/Fs4C7O-y.jpg","Crypto's leading accelerator & founder network. Apply: https://t.co/v29WpAluLH","","https://alliance.xyz",83524,18,"2017-09-17T20:24:50.000Z"
"851971800",_patrickogrady,"patrickogrady.xyz","https://pbs.twimg.com/profile_images/1806194970183061505/tb5JBUMs.jpg","founder @commonwarexyz || previously @avalabs @coinbase @stanford || opinions are my own and will probably change","","https://patrickogrady.xyz",23071,1260,"2012-09-29T00:38:37.000Z"
"705232813067468800",luizfromdux,"luiz is building DECENTRAL","https://pbs.twimg.com/profile_images/1975852253853487105/b-Oio9iY.jpg","Founder of @usedecentral - the creative economy RWA protocol. Connecting web3 investors to secure and high-yield opportunities within the Creative Economy 🌐.","","http://usedecentral.com",3929,549,"2016-03-03T03:26:20.000Z"
"2780032690",atlaz_karim,"Atlaz","https://pbs.twimg.com/profile_images/1763238971981570050/4cRt2Ghl.jpg","Making wallet benefits accessible for everyone ✨ Co-Founder @themiracle_io | Previous 10+ years film & music industry","","http://www.themiracle.io",11827,1847,"2014-09-22T05:32:17.000Z"
"112386787",piginflying,"Zac | StableStock🐳","https://pbs.twimg.com/profile_images/1499552299/8-9.jpg","Co-founder / COO of @StableStock","Hongkong","",973,433,"2010-02-08T09:19:34.000Z"
"1416795659525492737",OhMeOhMy_Sol,"OhMeOhMy | Kyzzen.io","https://pbs.twimg.com/profile_images/1625376659158478848/h8gldk2s.png","Founder @Kyzzen_io || Council @SolariansNFT || 🇸🇬 Ambassador @MonkeDAO","","http://Kyzzen.io",2711,3561,"2021-07-18T16:24:01.000Z"
"3116123837",robinson,"Robinson Burkey (native arc)","https://pbs.twimg.com/profile_images/1927804785656254465/4IIL-P-5.jpg","Co-Founder @wormholefdn | @wormhole contributor","America","https://linktr.ee/robinsonburkey",21437,1656,"2015-03-25T22:06:28.000Z"
"853899428012244992",0xkatz,"0xkatz.era","https://pbs.twimg.com/profile_images/1976784535707856896/llws5utM.jpg","co-founder/CEO @calderaxyz, prev @Stanford CS, @WarpDotDev, @SkiffPrivacy","","https://jobs.ashbyhq.com/Caldera",8846,2176,"2017-04-17T09:14:23.000Z"
"1029519001813168128",vilenarios,"🐘🔗 ar://vilenarios","https://pbs.twimg.com/profile_images/1694050419931041792/Wf7Akq7f.jpg","Founder (@ardriveapp | @ar_io_network), and possibly the most metal CEO in Web3🤘","New York, NY","https://vilenarios.ar.io",3713,717,"2018-08-15T00:03:52.000Z"
"990969170790625281",intent_dev,"Tannr 🦾🤖","https://pbs.twimg.com/profile_images/1941029916436254720/poN5GkKF.jpg","Founder & CTO @khalani_network | ex @makerdao | dad | destroying impedance mismatch between man and machine | philosophy post-grad (mind & consciousness)","In a DB","https://tannr.xyz",2194,2443,"2018-04-30T15:00:36.000Z"
"1192492002753077252",zimuth,"Azimuth","https://pbs.twimg.com/profile_images/2008188434020433920/aiZKFjYy.jpg","Terminal Qs: @DenisCJN @ephemeris_eph
Founder & creator of @InsilicoTrading w/ @insiliconot 
Building nextgen *** with  @chainfailure @smolheit @eepzable","Englishman in 🇪🇸","http://insilicoterminal.com",12312,1013,"2019-11-07T17:21:49.000Z"
"1439952786284847104",mejordev,"MejorDev","https://pbs.twimg.com/profile_images/1921542619181481984/ZheLIt7G.jpg","Trouble Maker/Solution Finder

Lost in the blockchain. A lover of on-chain data and MEV bots.

Founder: @Tempo_Trade
Member : @superteampol","","",437,281,"2021-09-20T14:01:29.000Z"
"1525330116712316928",contrarianmarco,"marcoantonio.eth","https://pbs.twimg.com/profile_images/1707126732111638528/1gyc_pT2.jpg","harvard engineer. CTO & Co-founder @OstiumLabs","","http://ostium.com",1492,548,"2022-05-14T04:20:31.000Z"
"2931382049",benfielding,"Ben Fielding","https://pbs.twimg.com/profile_images/1832594439799500800/sxrj2HL1.jpg","Co-founder & CEO @GensynAI - the network for machine intelligence. I like modular, composable, decentralised, and evolutionary machine learning","","http://gensyn.ai",6869,999,"2014-12-19T02:53:28.000Z"
"18692167",julievisible,"Julien Miles","https://pbs.twimg.com/profile_images/1968703690329518080/mhYWd4j7.jpg","#Crypto expert Co-founder @OfficialXYO #Web3","XYO","",2695,873,"2009-01-06T19:58:06.000Z"
"1419405584533803009",TitanEverRise,"Suresh 🌄 EverRise","https://pbs.twimg.com/profile_images/1615904368657682432/yk8fIm_J.jpg","Founder and CEO @EverRise

#EverRise $RISE #BinanceSmartChain #BSC #BNB #Ethereum #ETH #Polygon #POL #Avalanche #AVAX #Fantom #FTM","USA","https://everrise.com",18692,58,"2021-07-25T21:14:20.000Z"
"778368371192582144",marrowng,"unrobot (🐶,🤠)","https://pbs.twimg.com/profile_images/1877944566512295936/FlKx4Rxg.jpg","@meta_pool's Head of MKT, problem solver focused on community building | founder of @JWCdVictoria | co-founder 
@Web3Gals_Latam💫","","https://linktr.ee/marrown",642,992,"2016-09-20T23:00:55.000Z"
"2895673023",0xvanbeethoven,"Ludwig","https://pbs.twimg.com/profile_images/1530174243480080385/tl3qy_zY.jpg","Co-Founder & CEO @Sorellalabs   
Building @angstromxyz 🦀","","https://github.com/SorellaLabs",3571,1620,"2014-11-28T08:24:48.000Z"
"1605516054196781058",SVMickey_,"Mickey 🇵🇱","https://pbs.twimg.com/profile_images/1906737182888382464/kLDRSbWT.jpg","| @colosseum Accelerator Alumni

| Founder @Tempo_Trade","Solana","https://linktr.ee/SVMickey",848,145,"2022-12-21T10:50:43.000Z"
"25587199",AlanJamesCurtis,"Alan Curtis","https://pbs.twimg.com/profile_images/1287061907455610887/gLxpPh_F.jpg","Founder and CEO at @theinventionnet","","http://www.alanjamescurtis.com",2336,4,"2009-03-20T22:14:18.000Z"
"1014942010191568896",spencer,"Spencer","https://pbs.twimg.com/profile_images/1953330478175440896/2hry3hxC.jpg","Founder @orangecapcap CEO @ocapgames Head birb @moonbirds Head of design @vibes_tcg","Manhattan, NY","http://spencer.vc",38011,2852,"2018-07-05T18:40:06.000Z"
"899971937383968768",VVojtek_P,"Wojtek Pawlowski","https://pbs.twimg.com/profile_images/1910331174326554624/5ShP_SQ4.jpg","CEO & Co-Founder of @AccountableData
Ex @m11credit & @Maven11Capital","Dubai, UAE","http://accountable.capital",1176,993,"2017-08-22T12:30:05.000Z"
"1144620550070947840",Philneeds,"Philneeds","https://pbs.twimg.com/profile_images/1561379373755793408/Dr-TNfU6.png","Making a living farming airdrops | Founder @airdropacres 🧑‍🌾 | Message for inquires 📩","Web3","https://linktr.ee/airdropacres",26078,8657,"2019-06-28T14:56:19.000Z"
"1221471325522288640",0xrishabhai,"Rishabh Khurana","https://pbs.twimg.com/profile_images/1891753648595894272/YYig-Tk_.jpg","Co-founder of SOCKET Labs, building @SocketProtocol & @BungeeExchange","Dubai","",2364,3680,"2020-01-26T16:34:00.000Z"
"27169884",Bfaviero,"Bruno F | Magna","https://pbs.twimg.com/profile_images/1957897045865385984/gkCUOMvH.jpg","🇺🇸 Founder @magna_digital (YC W22) Token vesting, airdrops, custody ($10B+ TVL). 
Prev: @PalantirTech (via acq), Kensho, 2x AI founder","NYC","https://www.magna.so/",21256,7103,"2009-03-28T03:30:02.000Z"
"1447579483268132876",max_vernon,"Maximus RWA","https://pbs.twimg.com/profile_images/1925925702097883136/EOXvxyYW.jpg","Co Founder @PiXLRWA - UK Development Finance Investments /  Execution GTM Services Pre & Post TGE for Crypto Projects. RWA Advisor/Consultant","","",2030,271,"2021-10-11T15:07:08.000Z"
"793093839133302784",joaopfc,"João","https://pbs.twimg.com/profile_images/1945069843301961728/p80Kiqhq.jpg","Director of Product @conste11ation and Founder @TheUpsiderAI","Brasil","https://constellationnetwork.io/",2520,583,"2016-10-31T14:14:41.000Z"
"770177915744952320",TheWhale_hunter,"Benjamin | Deploy Finance","https://pbs.twimg.com/profile_images/1947936283579305984/_NFcr8_s.jpg","Founder @jlabsdigital. Building @DeployFinance. Give your capital the execution infrastructure it deserves at industry leading yields 👇","Dubai","https://try.deploy.finance/x-bn",10661,444,"2016-08-29T08:34:59.000Z"
"1507624279822647298",lib_defi,"LIB ☢️","https://pbs.twimg.com/profile_images/1997962979728670720/zYR0hYYJ.jpg","co-founder @pndmdotorg","Autonomous World","",11688,434,"2022-03-26T07:43:55.000Z"
"1295482425531723776",Flook_eth,"Flook","https://pbs.twimg.com/profile_images/1674523936980357120/tjAzD4lt.jpg","Co-Founder @KnightsOfTheEth / @DreamrunnerGG | @Arbitrum DAO Contributor and Delegate","A magical realm","http://www.knightsoftheether.com",12064,3109,"2020-08-17T22:07:41.000Z"
"1582055398751625222",kingfisher_eye,"kingfisher","https://pbs.twimg.com/profile_images/1582055642214195201/AlySF6ib.jpg","Co-founder at @birdeye_so","","",77,34,"2022-10-17T17:06:34.000Z"
"1233163344531599361",kcryptoinvest,"Yieldus Maximus (Ben)","https://pbs.twimg.com/profile_images/1884065041764212736/w1Po07AH.jpg","Co-Founder of @bscnews, @asx_capital","United States","https://www.asx.capital/",539720,1396,"2020-02-27T22:53:56.000Z"
"9419912",StoneAtwine,"STONΞ","https://pbs.twimg.com/profile_images/1896207100356816896/YXpl1Wol.jpg","Founder & CEO @eversendapp | Stablecoin-powered payments & APIs | Global USD/EUR accounts","London","http://eversend.co",27133,4975,"2007-10-13T11:22:14.000Z"
"477105348",BogdanHabic,"Bogdan Habic","https://pbs.twimg.com/profile_images/1931007930603642880/xPl15nep.jpg","Co-Founder @TenderlyApp A Software Engineer who has interest in distributed systems and the people side of software. All around TMI type of person","","https://tenderly.co",2321,2666,"2012-01-28T21:00:40.000Z"
"1138919260133179392",vintrotweets,"vintro","https://pbs.twimg.com/profile_images/1870502978047590400/HjKzYQdS.jpg","co-founder @plasticlabs 🥽","app.honcho.dev","https://blog.plasticlabs.ai",2695,1329,"2019-06-12T21:21:26.000Z"
"1144590288754581513",LaBlakers24,"Blakers","https://pbs.twimg.com/profile_images/1973747208312033280/HvEA1vzi.jpg","Founder @MosoHQ","","http://moso.xyz",1209,538,"2019-06-28T12:56:05.000Z"
"267922035",An7i21,"Danor Cohen","https://pbs.twimg.com/profile_images/1474960396465410048/AUS7pSSa.jpg","@Kerberus Founder,
Former Head of Offensive Security at Salesforce,
Cyber Security Expert for the past 17 years,
Top 10 hacker by Paypal, Dropbox, and more.","","https://www.kerberus.com",939,140,"2011-03-17T20:23:02.000Z"
"1456336845378572288",Nick_van_Eck,"Nick van Eck","https://pbs.twimg.com/profile_images/1853577067851313152/PvL6dqDy.jpg","Bringing the world’s money on-chain 💸 | CEO and Co-Founder @withAUSD | prev General Catalyst
https://t.co/QpRbniaUbJ","","",8251,818,"2021-11-04T19:07:08.000Z"
"2305856366",drakeevans,"Drake Evans","https://pbs.twimg.com/profile_images/1790161259830104066/IP82KWwn.jpg","founder @withAUSD. economics & code. formerly: fraxlend author @fraxfinance, engineer at @ADP","New York, NY","",3428,1754,"2014-01-23T03:10:45.000Z"
"23507991",SharaSenderoff,"Shara Senderoff","https://pbs.twimg.com/profile_images/1879850308672602112/hW9Js43N.jpg","Builder. Investor. Co-Founder & CEO @jenmusicai. Co-Founder @futureverse @thereadyverse. Rolling Stone Future 25. FastCo 100 Most Creative. Billboard40U40.","","http://sharawsenderoff.com",18533,2199,"2009-03-09T21:48:49.000Z"
"319169458",zmitzie,"Zacharias Mitzelos","https://pbs.twimg.com/profile_images/1577945813916975104/xE1_6dES.jpg","Co-founder & CTO @LucidLabsFi | Unifying Ethereum","","",1223,556,"2011-06-17T17:31:25.000Z"
"106882516",mbaril010,"mbaril010.eth 🦇🔊","https://pbs.twimg.com/profile_images/1975313373718880256/XqyvImy8.jpg","Co-Founder @OctavFi 
Investing @dcv_capital and https://t.co/4OTk7rBSoB
Not investment advice, opinions are my own","Around the world","https://octav.fi/",3959,3348,"2010-01-21T00:02:51.000Z"
"820166162",igor_3000A,"igor","https://pbs.twimg.com/profile_images/1882089594453135360/A_HQ76qk.jpg","art+dev+magic ⍜ founder — @SoulsClubInc","gm","https://Souls.club",10358,2700,"2012-09-12T19:01:45.000Z"
"1075289928932573184",salxyz,"sal.hl","https://pbs.twimg.com/profile_images/1969522098465865728/u0NV97sr.jpg","Co-Founder @BullpenFi || Streamoor @_FullPort || Prev @GalaxyHQ @ShapeShift @UnlayeredPod || CS @Cornell_Tech","Hyperliquid","https://bullpen.fi/",5247,1080,"2018-12-19T07:21:11.000Z"
"831338680975384577",evgeth_,"evgeny 毅夫","https://pbs.twimg.com/profile_images/1881867726915772416/eSmaQUH8.jpg","co-founder @zerion (we're hiring!)
financial freedom fighter, dog maxi, football enjoyer","","https://link.zerion.io/referral?code=EVG",8508,2725,"2017-02-14T03:06:01.000Z"
"1114719663751962625",and_its_praneet,"Praneet | Moongate 🌙","https://pbs.twimg.com/profile_images/1743976623807012864/Dd9UyiNB.jpg","Co-founder & CEO at @onemoongate | Building the fastest way onboard on users on @solana. Member of @superteamUK 🇬🇧 and @superteamIN 🇮🇳","Abu Dhabi","http://moongate.one",584,824,"2019-04-07T02:40:53.000Z"
"1901",mcutler,"Matt Cutler | Blocknative","https://pbs.twimg.com/profile_images/1269270307585396742/DX11K8Ei.jpg","Founder & CEO of @Blocknative. We’re building @gasdotnetwork: the first decentralized transaction pricing protocol.","Bay Area","http://www.blocknative.com",7136,2125,"2006-07-17T13:51:07.000Z"
"1173336929909260289",rockycrypt,"Rocky","https://pbs.twimg.com/profile_images/1946192456178946048/j-MFzpi5.jpg","Co-founder @SoundnessLabs | ZK cryptography | Prev @anoma/@namada, cryptography @ETH","Soundness","",850,511,"2019-09-15T20:45:16.000Z"
"408020537",bhau___,"bhau","https://pbs.twimg.com/profile_images/1968727105874608128/7hBmSSYA.jpg","co-founder @paxoslabs...

previously @paxos, @cashapp and @square","","http://bhau.xyz",1970,1939,"2011-11-08T21:34:59.000Z"
"1146733410951602176",SimonBelingar,"SimonB.algo","https://pbs.twimg.com/profile_images/1456353136520712197/Hl24QgNZ.jpg","Co-Founder @CosmicChamps | Full-stack Dev | XR enthusiast | Gamer | Pizza is life","","",657,559,"2019-07-04T10:52:05.000Z"
"1518592086525706240",zeroknotsETH,"zeroknots.eth","https://pbs.twimg.com/profile_images/1639062011387715590/bNmZ5Gpf.jpg","Co-Founder @rhinestonewtf
Author of ERC-7579
solidity ninja
Over 12y of experience in Offensive Security
Opinions are my own","EVM","https://zeroknots.dev/",1141,904,"2022-04-25T14:05:51.000Z"
"1767566790719082496",dbarabander,"Daniel Barabander","https://pbs.twimg.com/profile_images/1860441021466742784/jPlhPmu5.jpg","GC and Investment Partner @variantfund 

ex software engineer/@ycombinator founder, attorney @Cravath

tweets are not legal advice | I am not your lawyer","","",2137,194,"2024-03-12T15:02:52.000Z"
"4604543814",vaibhavchellani,"Vaibhav⚡️","https://pbs.twimg.com/profile_images/1905251491469778945/egmxJqF1.jpg","Founder @SOCKETProtocol + @BungeeExchange","onchain","https://www.socket.tech/",8868,6486,"2015-12-19T16:39:37.000Z"
"2289055080",alexdanilowicz,"Alex Danilowicz","https://pbs.twimg.com/profile_images/1965586942948433920/dnCCOYCc.jpg","Co-founder @magicpatterns — where the best teams design products.  Building with @teddarific","The Internet","https://www.magicpatterns.com",6850,768,"2014-01-13T03:51:59.000Z"
"1367938183191621632",Anish_tweeets,"Anish","https://pbs.twimg.com/profile_images/1795578428638593024/p9QZSzuP.jpg","Payments Visionary | Founder & Group CEO | Winity | WChain | InvoiceNow | WadzPay & WadzPay Islamic","Singapore","http://www.wadzpay.com",7218,87,"2021-03-05T20:41:16.000Z"
"3296718360",cerbcrypto,"Cerb","https://pbs.twimg.com/profile_images/1986601950201184256/wdV2v9Bs.jpg","co-founder @duelsdotfun","","http://duelio.fun",2502,702,"2015-07-27T03:52:59.000Z"
"1345846939359744000",_yakovsky,"ya3kov","https://pbs.twimg.com/profile_images/1787863954762674176/f2KC9rsD.jpg","founder @3janexyz. leverage is a God-given right","","",4801,793,"2021-01-03T21:38:22.000Z"
"22126735",tobiasvanamstel,"Tobias van Amstel","https://pbs.twimg.com/profile_images/1737438296932847616/WULo8257.jpg","Co-founder & CEO Altitude Labs - @AltitudeFi_","Cascais, Portugal","",509,539,"2009-02-27T10:17:19.000Z"
"1329628262746648577",ravi_riley,"Ravi Riley","https://pbs.twimg.com/profile_images/1977625483836526592/Wy9_nO9G.jpg","founder @brookwellapp | eecs @UCBerkeley | @CalBlockchain","New York City","https://brookwell.com",1766,399,"2020-11-20T03:31:09.000Z"
"713856579250958336",abandeali1,"Amir Bandeali 🍵","https://pbs.twimg.com/profile_images/1716268545217286144/2rxzwLt1.jpg","Co-founder & Co-CEO @0xproject @matchaxyz","","https://0x.org/",5128,1080,"2016-03-26T22:34:06.000Z"
"991750111783874561",atbigthumb,"Andy Ting","https://pbs.twimg.com/profile_images/1716630416835371008/2sskVdof.jpg","Founder @hela_network, Partner @ Alpha Node Capital  & Quantmatter. Focusing on Trading, AI, Blockchain Research… Now a Peng… #7720","Singapore","http://helalabs.com",3899,188,"2018-05-02T18:43:47.000Z"
"1408151526",giselle_dsb,"giselle","https://pbs.twimg.com/profile_images/1977657680660488192/o6AeeH4p.jpg","✌️x exited founder // head of marketing @anomalygamesinc also @PoweredByNova @playmoofo @gmeow_life @Synapse_Markets // lift heavy, drink coffee, pet dogs","","https://www.anomalygames.ai/",1280,1356,"2013-05-06T16:36:38.000Z"
"999840870689107968",_benjaminhughes,"Benjamin Hughes","https://pbs.twimg.com/profile_images/1476971339491729411/yEaDtLDG.jpg","Optimist | Founder @RubiconDeFi","DeFi","https://www.bghughes.com",705,2,"2018-05-25T02:33:34.000Z"
"302505363",ki_young_ju,"Ki Young Ju","https://pbs.twimg.com/profile_images/1940470410862100480/yDlllR4Z.jpg","Founder @cryptoquant_com Building @unbias_fyi (tracking analyst consensus/accuracy)","","https://cryptoquant.com",425524,2618,"2011-05-21T09:11:57.000Z"
"17946674",Matt_Hougan,"Matt Hougan","https://pbs.twimg.com/profile_images/1349106659671433218/Dp5Bcjhu.jpg","CIO @BitwiseInvest. Co-founder @FutureProof_HQ. Previously CEO @ETFcom. Husband, father, & runner (when I find time).","San Francisco, CA","http://www.bitwiseinvestments.com",91106,513,"2008-12-07T19:57:59.000Z"
"2385356875",born2hodl,"Dan","https://pbs.twimg.com/profile_images/1945120507373776896/ffT02GwX.jpg","Co-founder @BenqiFinance.  Never take anything I like/tweet/retweet as financial/legal/life advice.","Frankfurt on the Main, Germany","",4610,804,"2014-03-12T14:35:38.000Z"
"1339923029036576771",cc_yborg,"Cyborg Psyops Layers","https://pbs.twimg.com/profile_images/1613101847912275968/0uBxjgdm.jpg","Founder @cyberdex_xyz
Retired Derivatives Trader
views are my own.","","http://cyberdex.xyz",11542,889,"2020-12-18T13:18:48.000Z"
"884309808274341888",EliBenSasson,"Eli Ben-Sasson | Starknet.io","https://pbs.twimg.com/profile_images/1998781546858176513/cTxRSZ8q.png","CEO @ StarkWare | 2x Co-founder: Zcash, StarkWare

ZK Math to Market Momentum: ZK-STARK, Zcash co-inventor

Opinions mine, no investment advice","Israel","https://starkware.co",49904,872,"2017-07-10T07:14:22.000Z"
"473314952",SeimanRunbot,"Seiman","https://pbs.twimg.com/profile_images/1614945611836432384/e68xPaXG.jpg","founder @runbot_io","","http://runbot.io",2552,1832,"2012-01-24T21:11:50.000Z"
"1815699228498518017",Tomo_K1101,"Tomochika | SyFu","https://pbs.twimg.com/profile_images/1815701139498913792/stkLHOAc.jpg","Founder of SyFu @syfuofficial Japanese :  @gilmg210
SyFu is a Payment Data-Based DePIN project. 
I love MANEKINEKO (Lucky Cat)
#Web3","","https://syfu.io/",135,9,"2024-07-23T10:44:00.000Z"
"1699183381425090560",openservai,"OpenServ","https://pbs.twimg.com/profile_images/1883235175619854336/IVLGO7tx.png","The complete AI founder suite to BUILD, LAUNCH, and RUN your crypto startup.","London, England","https://linktr.ee/openserv",16570,80,"2023-09-05T22:11:18.000Z"
"2984844862",blockchaingirl,"Janina Łowisz💃🏻","https://pbs.twimg.com/profile_images/1990550527172583424/4qR-9uaZ.jpg","Co-Founder @CatalystCities & @yourcashaa I Ambassador @nomadlayer I Prev. co-founder @mybitnation I 🇩🇪x🇵🇱x🇬🇧","","http://cashaa.com",8988,1862,"2015-01-18T23:10:23.000Z"
"1032986296938102785",mikaiex,"Mika {mikheil didebulidze}","https://pbs.twimg.com/profile_images/1981118285161652224/ofsG6Orc.jpg","Co-founder & CEO of @vs1_finance | AI powered yield generation platform on XRPL | 🐝 BeeOS lover | get insights from @dgfi_conference","","",57485,3549,"2018-08-24T13:41:39.000Z"
"1589990734601625601",gdog97_,"G | Ethena","https://pbs.twimg.com/profile_images/1762581149061193728/0atkT9Kd.jpg","Founder @ethena_labs

Disclosures: https://t.co/8dewd3XGGO","","http://www.ethena.fi",65513,457,"2022-11-08T14:41:07.000Z"
"1354829999522672648",0xbodu,"Bo Du 🛜","https://pbs.twimg.com/profile_images/1962638766541058048/N-lWH4Ma.jpg","co-founder @Polymer_Labs. real time proofs arc.","cross chain proofs","",3654,1596,"2021-01-28T16:33:50.000Z"
"741424537",0xEulers,"0xEuler","https://pbs.twimg.com/profile_images/1876361643606630400/ZxEPolPe.jpg","founder of @Zeeversegame and @ProtocolForest applying game theory to capital markets","","",1875,600,"2012-08-06T20:56:22.000Z"
"425198239",GRITCULT,"GRITCULT","https://pbs.twimg.com/profile_images/1990146291234430977/IdTxiLCx.jpg","story teller. 

ex: head of growth, head of product, ex founder, ex consultant

business: DM

https://t.co/o37HX3qLre","hypergamblifcation.com","https://t.me/+CGmEko6YKjM5MjE0",97116,3437,"2011-11-30T17:55:16.000Z"
"3142064235",0xShip_,"Ship (RISEx Arc)","https://pbs.twimg.com/profile_images/2003171531602456576/j1pomCUO.jpg","Building @RISEx_trade | contributor to @risechain | co-founder of BSX (acquired) | ex-VC at Kraken and Jump","RISE","http://rise.trade",5743,1072,"2015-04-06T22:16:28.000Z"
"1453421174453583875",Guiguilestrade,"Guillaume | $DROPEE","https://pbs.twimg.com/profile_images/1770732264705429504/m7LZUGUq.jpg","Co-founder @dropee_app 🪂","France","http://www.dropee.xyz",1104,62,"2021-10-27T18:00:02.000Z"
"1454731020549361664",Scottymrty,"Scotty ☕","https://pbs.twimg.com/profile_images/1468997746568933395/CO0a8JB7.jpg","Not your average crypto bro. Co-Founder @Decaf_so","Mexico city 🇲🇽","",408,413,"2021-10-31T08:44:50.000Z"
"167920618",KaiWawrzinek,"Kai | ICN Protocol (Founder)","https://pbs.twimg.com/profile_images/1841385707534716928/nrriH8Tu.jpg","Serial Entrepreneur | $320M exit | NASDAQ IPO | Built $1B+ revenue | Building the infra layer for the decentralized internet | Founder @ICN_Protocol","Zug, CH","http://icn.global",6459,457,"2010-07-17T22:09:36.000Z"
"219246903",NonfungibleIvo,"Ivo • Flagship.FYI","https://pbs.twimg.com/profile_images/1603163059253657600/DHLNrQd8.jpg","Founder of @flagshipfyi","","",2102,449,"2010-11-24T10:04:52.000Z"
"5257251",matthewliu,"Matthew Liu","https://pbs.twimg.com/profile_images/1576787221813805065/MF_jFcDq.jpg","Co-founder of @originprotocol. Don't achieve to be happy. Happily achieve.","","http://www.originprotocol.com",14243,1386,"2007-04-19T18:52:12.000Z"
"1697822621587681280",yuma_xenea,"Yuma","https://pbs.twimg.com/profile_images/1957060607041228800/SaH_rdVn.jpg","Co-founder of @Xenea_io","Everywhere","",8624,143,"2023-09-02T04:05:07.000Z"
"458547789",blendino,"Dino","https://pbs.twimg.com/profile_images/1982193059950362625/8HwffPyr.jpg","Co-founder @fluentxyz @modularmedia_ | Supporting @BlendedBldrs","New York, USA","",8588,1709,"2012-01-08T17:53:44.000Z"
"1360595812988821516",khcws12,"Kohei🍄","https://pbs.twimg.com/profile_images/1864933149618192384/NM34SbZ7.jpg","Co-founder @mycelmycel / ex @SeiNetwork_jp @dYdXJapan @umi_protocol","World citizen","",3994,921,"2021-02-13T14:25:05.000Z"
"1351284098850029570",JonHoldsCrypto,"JGR33NWOOD.eth - HEMI.xyz","https://pbs.twimg.com/profile_images/1750291238668931073/OujXtJSR.jpg","Ecosystem & Rewards - @Hemi_xyz
Co-Founder - @Demos_Global
BD - @MetronomeDAO / @VesperFi / @0xOdysseyApp

You should deploy on: https://t.co/vJqVP5c3zN","Alabama, USA","http://jgr33nwood.xyz",1732,3188,"2021-01-18T21:43:44.000Z"
"447581781",chrisliambender,"Chris Bender (locked in)","https://pbs.twimg.com/profile_images/1776333728077561860/OMCfUuks.jpg","founder @renegade_fi ← crypto crossing network || young will vickrey for usury abolition 🇺🇸","sf","http://xn--4gqaaaa.com",2347,2027,"2011-12-27T02:08:13.000Z"
"1563253450778877953",attiathehun,"Ahmed Attia","https://pbs.twimg.com/profile_images/1998559123055718400/dEi8nURS.jpg","founder @Synquote, prev @Stanford @Google","San Francisco","",1579,659,"2022-08-26T19:54:41.000Z"
"898269223138582528",jelena_noble,"Jelena","https://pbs.twimg.com/profile_images/1951772982159736832/WIc_K-JD.jpg","defiantly optimistic. founder @noble_xyz; thinking about stablecoins // co-founded @web3canada","New York, NY","",16738,5896,"2017-08-17T19:44:06.000Z"
"1457306702915776514",CoubyPlayz,"CoubyPlayz","https://pbs.twimg.com/profile_images/1680582610559410178/1SPfOSzT.png","🟦 20 Year Angel Investor 🟦 Building on #ordinals #solana 🟦 Founder @stakit_live 🟦","Huddle","",2078,1689,"2021-11-07T11:19:40.000Z"
"103451046",DiaryofaMadeMan,"Ian Balina","https://pbs.twimg.com/profile_images/1716573921539981313/oui5VujG.jpg","Founder & CEO @tokenmetricsinc. GP @tmventuresfund. Author of ""The Crypto Investing Guide"" available on Amazon/Audible. Appeared in @wsj, @cnn, @cnbc.","The Moon","https://tokenmetrics.com",136177,2116,"2010-01-10T02:16:23.000Z"
"1513307586686337035",FreaKnLinkin,"Joshua | FreaknLinkin","https://pbs.twimg.com/profile_images/1940198198544359424/YtsX6SS3.jpg","Josh Commons | Founder: @_HenHouseNFT https://t.co/T94VQY8PKF | ERC-20 token supported by revenue from selling eggs on farm in El Salvador"," Line between Web2 & Web3","",3127,1434,"2022-04-11T00:07:14.000Z"
"289635155",immutbl,"Jeremy Musighi","https://pbs.twimg.com/profile_images/1998485126116761600/7Bs1f40I.jpg","be like water. but also like fire. 
founder @ExosphereFi // ex c-suite @SnapshotLabs, @Balancer 
invest @ https://t.co/mZLwubT7UL // write @ https://t.co/P757Y26wWX","🌎","",2910,994,"2011-04-29T00:04:25.000Z"
"1907711438598320130",weretuna,"tuna","https://pbs.twimg.com/profile_images/1961259059866472452/0chxKxIg.jpg","co-founder @pndmdotorg | my only tg @ staytuna","","",3456,23,"2025-04-03T08:28:15.000Z"
"2251954977",PFiniello,"Pasquale Finiello 🔺","https://pbs.twimg.com/profile_images/1891810215122567168/TD_xhfl_.jpg","Creator and Growth Strategist // CMO @BloodLoopGAME, Co-Founder Ragnarok Games","","",9065,1276,"2013-12-30T12:30:18.000Z"
"1503676828682182656",TristanUckie,"Tristan | Uckie","https://pbs.twimg.com/profile_images/1848813826554138624/6_CxJzWJ.jpg","Co-Founder at @TavernStudios - Web3 Gaming Studio 🔥 Co-Founder at @TavernForge - Custom Web3 experiences 🔥 Tech Lead at @snekkiesnft 🐍 $WYRM $SNEK #Cardano","","",739,611,"2022-03-15T10:18:28.000Z"
"33034172",TobiFrieder,"tobifrieder","https://pbs.twimg.com/profile_images/1911766588044296193/vuyhz8oF.jpg","Head of LATAM & Growth @offrampxyz | ex @buenbit y @krakenfx | 2x founder","Ciudad Autónoma de Buenos Aire","",2909,1779,"2009-04-18T22:28:02.000Z"
"835155010522505218",abhitejxyz,"Abhitej | Bento.fun","https://pbs.twimg.com/profile_images/1982913979375562752/fK3L98vK.jpg","Janitor @Bentodotfun | Prev. Co-founder @FilamentFinance | Love F1 and travel","Dubai 🇦🇪","",5736,4070,"2017-02-24T15:50:45.000Z"
"2443192478",DevonWBernard,"Devon Bernard","https://pbs.twimg.com/profile_images/1855272736873959424/7_VR2-lL.jpg","CTO | 3x Founder (1 acquired) | Prev @FTX_Official @wallet_tg | 1st on-chain real-estate","Austin TX","",2179,189,"2014-04-14T03:05:36.000Z"
"264569035",vikrantnyc,"Vik Sharɱa 🇺🇸","https://pbs.twimg.com/profile_images/1988908519685300225/Cz0-NUCm.jpg","@cake @cakewallet - Founder/CEO. Investments in:  @ten31funds, @Foundationdvcs, @pubkey, @cluborange, Phaze, and more!","New York, USA","http://www.cakewallet.com",25077,8456,"2011-03-12T03:30:02.000Z"
"356163876",franalgaba_,"Fran Algaba","https://pbs.twimg.com/profile_images/1625831514754670599/yc6qg08c.jpg","exploring the frontier of coding agents / prev. co-founder & cto @gizatechxyz / prev. scaling prod ml infra @adidas @bbva / tech+optimism","Madrid","https://franalgaba.com",2340,1393,"2011-08-16T12:52:54.000Z"
"1524342896",sam_battenally,"sam.rise","https://pbs.twimg.com/profile_images/1993439548437585920/7q5-TGpd.jpg","building my millisecond dream at @risechain, @risextrade, co-founder. perps enjoyoor","Sydney, New South Wales","https://www.riselabs.xyz/",4616,2604,"2013-06-17T08:59:00.000Z"
"961188343",iCrazyTeddy,"TEDDY 🐻","https://pbs.twimg.com/profile_images/2002448398587170816/7JtyRg3T.jpg","Gaming Influencer / Esports Content • Founder @HypeUnit • Web3 Gaming, Streams, Lifestyle, Sport, Crypto | For Partnerships DM 💌🎯 icrazyteddy@nevalence.com 📨","Metaverse 🛸🌟🔭💞","https://linktr.ee/icrazyteddy",128995,4184,"2012-11-20T20:44:06.000Z"
"1051212501910777857",provenauthority,"evin","https://pbs.twimg.com/profile_images/1950664297253642240/MqtltScV.jpg","👑 🅱️ | cofounder @billions_ntwk @privadoid | prev founder https://t.co/tSqQauqDbo (acq), @consensys | here to save the internet","Chronically Onchain","http://billions.network",395481,2682,"2018-10-13T20:46:05.000Z"
"24691665",jasonkarsh,"Jason Karsh","https://pbs.twimg.com/profile_images/1388258984365236225/VJ3P-nOP.jpg","I connect products with customers. Currently CMO @stellarorg. Founder, Karsh Consulting. Formerly @blocks @blockaid_ @blockchain @coinbase @geteero @google","San Francisco","http://www.jasonkarsh.com",4920,1676,"2009-03-16T13:40:23.000Z"
"1416540943",0xnevin,"Aaron","https://pbs.twimg.com/profile_images/1856805440316698624/47QjsBOl.jpg","Former Head of Ecosystem at @HYPHA_SH , Founder of @MoonMortgageio, Kitch, and Promeritum Labs. 2x Exits.","Brooklyn, NY","",1396,843,"2013-05-09T21:49:28.000Z"
"1391938375884627970",Wajahat,"Wajahat Mughal","https://pbs.twimg.com/profile_images/1868646560319389696/moOWiNfR.jpg","Part time Doctor | Full time Degen | Substack - https://t.co/zgQmVUNiBp

Co-founder - @spreads_fi | @ivx_fi","onchain","https://youtube.com/c/WajahatMughal",22617,1895,"2021-05-11T02:09:13.000Z"
"1311315695406260225",tradesgiving,"Tradesgiving 👏🏻","https://pbs.twimg.com/profile_images/2002348523405361152/L76RZaxw.jpg","@socialsrising Founder || Supporting @base @AbstractChain @Sacred_Waste @LOLLandGame","Los Angeles, CA, USA","",8848,3878,"2020-09-30T14:43:26.000Z"
"1562752554769186816",tradefoxintern,"Yoshi","https://pbs.twimg.com/profile_images/1996197126649401344/9YQpl1v9.jpg","Co-Founder @tradefoxai | Member @alliance | Prediction Markets","New York City","https://thetradefox.com/",10079,1920,"2022-08-25T10:44:40.000Z"
"1503028962540371969",NftDaki,"daki3 | Dakiverse","https://pbs.twimg.com/profile_images/1895492828022579200/DIahxR7X.jpg","Minister of Web 3 Marketing, and founder of @dakiverse | 
CEO of growing crypto companies since 2020","","https://dakiverse.com/",34584,7346,"2022-03-13T15:23:29.000Z"
"776480237584461824",Minittowinit,"Min H. Kim 🇵🇷🇰🇷🌴🌲","https://pbs.twimg.com/profile_images/1979401060608344064/rJIu9LAy.jpg","Co-founder, CMO @tectonicxyz. Venture Partner @hack_vc. Previously CMO Polygon, CMO Hedera Fdn. ex AVAX, TRX. @Web3jobopps @hexacoalpha. TG: therealminkim","Puerto Rico, SF, MIA, NYC ","http://t.me/web3jobopps",12150,11563,"2016-09-15T17:58:09.000Z"
"2398474566",Kirjakulov,"Dr. Artur Kirjakulov","https://pbs.twimg.com/profile_images/1734902801107443712/npZ_T8Gk.jpg","CEO and Co-Founder at @xpmarket | Ph.D. in Biosciences | Views are my own","United Kingdom","http://xpmarket.com",7183,160,"2014-03-19T21:29:34.000Z"
"924704825085972481",oxranga,"xranga","https://pbs.twimg.com/profile_images/1980703261687431168/l1jwo9_2.jpg","co-founder @solomon_labs","","",2560,387,"2017-10-29T18:29:45.000Z"
"3295363874",norbertbodziony,"NB🇵🇱 牛逼🇨🇳","https://pbs.twimg.com/profile_images/1891857256158781440/NPqs0hr6.jpg","Founder mode @nightly_app @neonyexchange","","https://www.nightly.app/",10410,2685,"2015-07-26T14:30:52.000Z"
"44494347",PrimordialAA,"Bryan Pellegrino (臭企鹅)","https://pbs.twimg.com/profile_images/1602766766903816192/oU8ZVWvu.jpg","Co-Founder and CEO of LayerZero Labs. @LayerZero_Core 💎🙌","Vancouver, CA","",118002,2477,"2009-06-03T23:57:15.000Z"
"977315094",NickRahhh,"Nick","https://pbs.twimg.com/profile_images/1486510061828681739/wUCPqZLw.jpg","growth @QuickNode | formerly founder @308Solutions","New York City","https://www.nicholasshklovsky.com/",2659,862,"2012-11-29T01:11:49.000Z"
"1708226491",CameronMThacker,"Cameron Thacker","https://pbs.twimg.com/profile_images/1963732565522821120/uRXRLJ8W.jpg","🎮 Co-founder @playmythical | 🎣 Fly fishing | 📊 Big data, bigger opinions | 🧩 Structured chaos enthusiast | 🧠 Always asking: what’s the trade-off?","Los Angeles, CA","",63521,165,"2013-08-28T20:31:06.000Z"
"1086265223739203587",seanhu001,"Sean Hu","https://pbs.twimg.com/profile_images/1950100347839791104/dDA78FpC.jpg","Founder of RateX @RateX_Dex | Rates Trader|","Hong Kong","https://www.rate-x.io",2336,332,"2019-01-18T14:13:05.000Z"
"866517108905193478",JustinBarlow,"Justin | SEI","https://pbs.twimg.com/profile_images/1938723724179693568/-vxpPWI-.jpg","Exec. Director @Sei_FND | Venture Partner @FactionVC | Prev: @Solana, 2x founder| USC","Miami, FL","http://justin-barlow.com",17478,3499,"2017-05-22T04:52:32.000Z"
"1034268067331694593",AlexSkidanov,"Alex Skidanov (alex.near)","https://pbs.twimg.com/profile_images/1455985948995436544/kjYEOVqb.jpg","Co-founder @NearProtocol, a sharded blockchain with an emphasis on usability.","San Francisco, CA","https://near.org",22052,609,"2018-08-28T02:34:57.000Z"
"1429663784436584456",doosingod,"DOOSIN","https://pbs.twimg.com/profile_images/1973743506058551296/5S9ldVC5.jpg","@DOOSINALPHA Founder
Korean NFT Influencer🐸🇰🇷
@GeezOnApe Collab & MOD
@UnifaiNetwork Ambassador

Collab & Business DM 💌","","https://t.me/doosingod",16496,7256,"2021-08-23T04:37:41.000Z"
"1255888202",CantelopePeel,"CANTELOPEPEEL","https://pbs.twimg.com/profile_images/1962951685804011520/odYI7_AX.jpg","Co-founder at @UntoLabs, building @thru_xyz. The only way out is Thru.","","http://thru.org",10066,1221,"2013-03-10T02:23:50.000Z"
"1291105041911148544",Joshua_Frank_,"Joshua Frank","https://pbs.twimg.com/profile_images/1745640793123991553/mucztzfV.jpg","Co-Founder & CEO @TheTieIO (https://t.co/O5dmAKQa4c)","","http://thetie.io",3870,719,"2020-08-05T20:13:32.000Z"
"1432461686917718018",rafierszl,"Rafi - rafi on Clave","https://pbs.twimg.com/profile_images/1946967094039314432/YRvblpWq.jpg","@getclave co-founder, developing unnecessary apps to ddos vercel in my free time","","https://github.com/rersozlu",1922,772,"2021-08-30T21:54:25.000Z"
"1221137670337900552",FeelinBluu,"Peter","https://pbs.twimg.com/profile_images/1968351496354844672/TtGgxO7V.jpg","co-founder @Getslesh/ was @ExathAIO @Blormmy /odf 25, finc, engineering @uoft","San Francisco, CA","https://slesh.ai",3219,1862,"2020-01-25T18:28:09.000Z"
"2548306088",BTC_Jeff,"Jeff H","https://pbs.twimg.com/profile_images/1949852378359832576/uYAutmjr.jpg","Co-Founder at @opentrade_io Prev Centre @circle ($USDC), @pwc, other stuff","London | └A","http://opentrade.io",1642,2944,"2014-06-05T15:20:57.000Z"
"1824056785507868672",dropee_app,"Dropee","https://pbs.twimg.com/profile_images/1967888227668287488/QrVsNzTw.jpg","We build 100+ apps a year, driving adoption and revenue to $DROPEE - Led by a unicorn founder and ex-president of Voodoo & EA.","Worldwide","https://dropee.xyz/",375389,36,"2024-08-15T12:13:52.000Z"
"1664517450866753536",iamblockchaindr,"Prof. Zehua Wang","https://pbs.twimg.com/profile_images/1669870702634364929/lroyccNT.jpg","Blockchain Prof. at UBC, Chief Advisor @LazAINetwork, Co-founder @ZeroX_NetworkIO, early investor of @carbonlarity","","https://people.ece.ubc.ca/zwang/",251,169,"2023-06-02T06:21:13.000Z"
"1520752209356599296",yishayRL,"yishay","https://pbs.twimg.com/profile_images/1869770688996708352/1NcDb4JV.jpg","co founder @dymension | studied conviction","⌘","",4974,821,"2022-05-01T13:10:09.000Z"
"950467765248364544",Bobafetador,"Boba","https://pbs.twimg.com/profile_images/1914688881376567296/2Xyh5UZK.jpg","CTO & Co-founder @DroseraNetwork","","",3101,772,"2018-01-08T20:42:28.000Z"
"1355477864213188611",hieupnh,"Hieu Phan","https://pbs.twimg.com/profile_images/1389356183979368448/jkrOxHmZ.jpg","Co-Founder @minswapdex.","Hanoi, Vietnam","",991,53,"2021-01-30T11:28:14.000Z"
"1444307329961320452",adventure_KPR,"Adventure.KPR ➕","https://pbs.twimg.com/profile_images/1560949537820348417/z-6DUGc_.jpg","Founder, @KPRVERSE. This is Our Time Now. ➕","The Keep","",3482,358,"2021-10-02T14:24:45.000Z"
"140971179",androolloyd,"androolloyd.hl","https://pbs.twimg.com/profile_images/2330930976/a3p0kvbcpdy3jmf9gv6u.gif","Hyperliquid Customer Support | Founder @hypurrfi | @lastdotnet","HyperΞVM","https://app.hypurr.fi",14477,10785,"2010-05-06T21:11:27.000Z"
"1734469520884969472",lcnxyz,"lucian","https://pbs.twimg.com/profile_images/1896195192555724800/UYMdZ6PX.jpg","founder, ceo @sportstensor @almanac_market - incentivizing truth in prediction markets.","","",1519,407,"2023-12-12T07:05:41.000Z"
"1763202488453193728",WorldWideWarden,"David | Warden","https://pbs.twimg.com/profile_images/1912789313378516992/rz3XzNeW.jpg","Co-Founder @wardenprotocol | Ex @Uber & @binance | Programmable brains on immutable chains","","https://wardenprotocol.org",51355,12142,"2024-02-29T14:00:21.000Z"
"1424527277023391745",damaderoca,"Anjali🤝Collab.Land","https://pbs.twimg.com/profile_images/1997619278741381122/j98UoZSS.jpg","CCO, Co-Founder @Collab_Land_ Lawyer, Speaker, Mentor @tachyonXYZ. ❤️ Cats, NFTs + Artists. BAYC5834. https://t.co/IKXXFanSnn","Denver, CO","https://collab.land",4000,1851,"2021-08-09T00:26:18.000Z"
"1619678549585051654",DLeitersdorf,"Dean Leitersdorf","https://pbs.twimg.com/profile_images/1852012625980260353/iWdB8-kc.jpg","Co-Founder & CEO @DecartAI","","",3092,372,"2023-01-29T12:47:25.000Z"
"1402012882133413888",julianpchandra,"julian chandra","https://pbs.twimg.com/profile_images/1460494979806085123/JmH_URv8.jpg","Creator,  Founder & CEO of Odysee
suck it","","",4032,99,"2021-06-07T21:22:02.000Z"
"979261052662763521",Tkachuk_science,"Konstantin Tkachuk","https://pbs.twimg.com/profile_images/1414958658367205389/Mxa-Vhib.jpg","Co-founder and CSO at @Titannet_dao, Web3 Enthusiast, Schwarzman Scholar 23‘ @SchwarzmanOrg, ex Startup Operator at @ProtocolLabs","","",5249,569,"2018-03-29T07:36:43.000Z"
"14094679",itamarl,"itamar","https://pbs.twimg.com/profile_images/1904886757385986048/FywWd850.jpg","Co-founder & CEO @ready_co | Building the onchain alternative to your bank. Slap kabaddi KOL.","Buenos Aires, Argentina","http://www.ready.co",7815,1522,"2008-03-07T12:32:11.000Z"
"1217789084195868672",maceybluebell,"Macey Bluebell","https://pbs.twimg.com/profile_images/1948685743842357248/zs-rDa0o.jpg","CMO @hyperonsol - Former @coinbureau & co-founder @coinbureaulive - Former marketing manager @bitgetglobal - Former branding @bitgetwallet 🫡","Dubai, United Arab Emirates","",319,189,"2020-01-16T12:42:07.000Z"
"42021855",Keshav_Saraogi,"Keshav Saraogi","https://pbs.twimg.com/profile_images/1985218723314077696/AfzSaRw7.jpg","Co-founder @PanoraExchange || Prev: @CoinDCX, Prop HFT, D. E. Shaw","","",1290,359,"2009-05-23T12:58:58.000Z"
"1525166839080357888",Rishee_A,"Rishee A","https://pbs.twimg.com/profile_images/1945402903448973312/PbS_uV_v.jpg","CEO & Co-Founder @fairscalexyz // dog lover // data lover","","",1293,871,"2022-05-13T17:31:36.000Z"
"154329932",Reeve_Collins,"Reeve Collins","https://pbs.twimg.com/profile_images/1985600586373337089/1Veh1DKW.jpg","Co-Founder of @Tether_to | Co-Founder & Chairman @stbl_official  @wefi_official | Pending Chairman @ReserveOne_  

https://t.co/MXm52h7u5Q","Santa Monica, CA","https://www.reevecollins.com",14723,260,"2010-06-10T23:54:53.000Z"
"1705767046468800512",AhmedZRashad,"Ahmed Rashad","https://pbs.twimg.com/profile_images/1899147774471634944/R5DcOWxI.jpg","Founder/CEO of @Meet_Perle @PerleLabs. Offshore oil driller turned tech founder — MIT. Ex-Scale AI / Amazon / McKinsey","San Francisco, CA","http://perle.ai",7012,328,"2023-09-24T02:12:27.000Z"
"18557769",danushman,"dan ushman","https://pbs.twimg.com/profile_images/1940497454782189568/P7VDFOIq.jpg","Founder/CEO of @TrendSpider & @SignalStack. Entrepreneur, trader & investor. I post about stocks, startups, tech/acc, ai, centrism, stolen memes & food. Hi :)","Chitown & Kzoo","https://linktr.ee/danushman",20892,2564,"2009-01-02T17:58:54.000Z"
"2500902492",smykjain,"Samyak Jain 🦇🔊🌊","https://pbs.twimg.com/profile_images/1894429600039546880/aq0VBUHl.jpg","Co-founder @0xfluid @Instadapp @avowallet. DeFi. Forbes 30 under 30 India/Asia.","","https://instadapp.io",15787,1012,"2014-05-17T07:45:28.000Z"
"148841527",JakeSalerno,"Jake Salerno (Ø,G)","https://pbs.twimg.com/profile_images/1934680024214589444/g6ND6mOV.jpg","Head of BD @0G_labs | Building the largest AI L1 to make AI a public good | ex @Chainlink | Co-founder @miamiubc","Austin, TX","https://0g.ai",4038,616,"2010-05-27T19:02:43.000Z"
"1279979212162523136",TheCryptoMewtwo,"The Crypto Mewtwo","https://pbs.twimg.com/profile_images/1965920699450548224/ZNEm0Xot.jpg","in the trenches / @BasedSpace founder / prev. socials at @Chainlink Labs & @AlloraNetwork","Cinnabar Island","",9141,434,"2020-07-06T03:23:42.000Z"
"1447725144093429763",KyeGomezB,"Kye Gomez (swarms)","https://pbs.twimg.com/profile_images/1977283874746142721/_v_1i4Q5.jpg","Founder @swarms_corp - Building The Agent Economy.","Miami, FL","https://github.com/kyegomez/swarms",26146,1296,"2021-10-12T00:45:53.000Z"
"783341874664894464",metrokatz,"Metro Katz","https://pbs.twimg.com/profile_images/1901236744462483456/8ZCsryox.png","@Kerberus CEO & Founder","","https://kerberus.com/",2432,1080,"2016-10-04T16:23:51.000Z"
"789154783282159617",mbl267_NFT,"Michael Levy | Flowty.io","https://pbs.twimg.com/profile_images/1509928012594167808/un4kpyEQ.jpg","Co-founder @flowty_io

Secondary Marketplace | NFT-Backed Loans | NFT Rentals on @Flow_blockchain

@nbatopshot (ID: mbl267)","New York, NY","https://linktr.ee/flowty.io",16463,4310,"2016-10-20T17:22:16.000Z"
"1068625607292944384",MarstonConnell,"marston.jkl","https://pbs.twimg.com/profile_images/1635383459593048067/y-Rr4kar.jpg","Co-Founder @Jackal_Protocol & @RespawnData | CTO @Jackal_Labs | 🇨🇦","Toronto, Ontario","http://marston.dev",1205,407,"2018-11-30T21:59:33.000Z"
"20946439",gorgos,"Markus Waas","https://pbs.twimg.com/profile_images/1142706158743912448/6rhwScal.jpg","• Defi Developer & Biohacker

• Founder at https://t.co/NeMk0l1mju
• Lead Blockchain Dev @InjectiveLabs
• Instructor @zerotomasteryio","Mostly New Zealand & Berlin","",1531,277,"2009-02-15T23:20:27.000Z"
"1431385051778850816",olivertang_,"Oliver Tang | LiquiFi","https://pbs.twimg.com/profile_images/1620231976006602755/J4pwhQyj.jpg","Co-founder & CTO @liquifi_finance and subpar surfer 🌊  

prev @setprotocol @amazon @twitch @salesforce","","",533,674,"2021-08-27T22:36:12.000Z"
"189765114",stanmilc,"Stan Milc","https://pbs.twimg.com/profile_images/1886352774675279872/d71KIkHn.jpg","Entrepreneur https://t.co/Vl9USvoLs2 | Co-Founder: DigiMax AI @DarwinEco @CryptoHawkAI @Sonic_Strategy","","http://www.stanmilc.com",2414,201,"2010-09-12T04:35:03.000Z"
"793023",Suhail,"Suhail","https://pbs.twimg.com/profile_images/1898611158330077184/oCfpUSm-.jpg","Founder: @mixpanel
Pizzatarian, programmer, music maker","Music over here:","https://www.instagram.com/suhaild",398662,554,"2007-02-24T22:17:47.000Z"
"22031899",azilnik,"Ari Zilnik (he/him)","https://pbs.twimg.com/profile_images/1785757556670881792/es_BsBwy.jpg","Director of Design @BlockdaemonHQ ⌛ Founder @GetThatGravy (acquired) @gradle @Jet @Lab49 @Bloomberg @Apple 🏫 @recursecenter @CarnegieMellon @westernu","Toronto","http://ari.zilnik.com",492,0,"2009-02-26T17:00:09.000Z"
"148911514",eduadiez,"Eduardo Antuña 🦇🔊","https://pbs.twimg.com/profile_images/1513443951574986753/BsLtWOXH.jpg","Empowering Digital Freedom. @DAppNode Co-Founder and Project lead, @0xPolygon zkEVM Core Developer and @Givethio contributor","León, España","",2813,1267,"2010-05-27T23:06:22.000Z"
"1469423104304758787",NBMSacha,"Sacha","https://pbs.twimg.com/profile_images/1684304297222193153/h15lEnOi.jpg","founder @mobulaio","","https://sacha.pw",1943,525,"2021-12-10T21:45:53.000Z"
"1375942106318057472",Majd_Hailat,"Majd","https://pbs.twimg.com/profile_images/1928467517460160512/GaGIf8YP.jpg","Founder @Altura","","https://www.altura.com",4558,373,"2021-03-27T22:45:46.000Z"
"615949206",marco_oliviera1,"Marco Oliveira @UpholdInc","https://pbs.twimg.com/profile_images/1929299104137437184/WHJ4qBsK.jpg","Chief Innovation Officer @UpholdInc (12M+ users, $7.3B AUM), Host & Founder @OPOnetwork, Entrepreneur.","Entrepreneur ","",2218,1787,"2012-06-23T06:32:51.000Z"
"387047975",yaircleper,"Cleper 🌋","https://pbs.twimg.com/profile_images/1874318082107465732/aribgY3A.jpg","Web2 veteran going down the Web3 rabbit hole 👨‍💻 Building @lavanetxyz 🌋/ 2x founder https://t.co/aAARPtBTTI , https://t.co/WDUt6BGtRJ / investor @qodoai @chaos_labs","Magma","http://lavanet.xyz",3008,123,"2011-10-08T11:19:54.000Z"
"8150902",jwage,"Jonathan H. Wage","https://pbs.twimg.com/profile_images/1965503389984329728/ZKEmyK-K.jpg","Founder @TradersPostInc. I like to build stuff. Trading automation software is my thing. Open-Source software PHP @doctrineproject @symfony.","Ada, Michigan","https://traderspost.io",7789,600,"2007-08-13T03:17:08.000Z"
"104187869",VishnuKorde,"Vishnu Korde","https://pbs.twimg.com/profile_images/1678135528418603008/JEOOB4Aq.jpg","I talk about #AI, #DePIN, #Web3, the future, and beyond... Founder @Skynet_protocol and @DeCloudOrg. 

@HarvardAlumni","Cambridge, MA, USA","http://www.linkedin.com/in/vishnukorde",3227,325,"2010-01-12T15:18:33.000Z"
"1973894065",EvanWeb3,"evan.sui","https://pbs.twimg.com/profile_images/1992195461189369856/hT-sfLbx.jpg","Co-founder & CEO of Mysten Labs - building a decentralized internet @SuiNetwork @WalrusProtocol. Before: Wrote SW that runs on every single one of your devices","web3","https://mystenlabs.com/",54810,2578,"2013-10-20T04:55:16.000Z"
"1503134239633592326",jasonmdesimone,"Jason Desimone ⚔️","https://pbs.twimg.com/profile_images/1932705579727769600/B0KOgUsc.jpg","I build, I trade, I grow // CEO @TheArena // Founder @Rove_Inc","New York, NY","https://arena.social/?ref=jasonmdesimone",45523,13951,"2022-03-13T22:22:16.000Z"
"1506281354388025350",jervisdent,"JD | snipverse.com","https://pbs.twimg.com/profile_images/1786569748215455744/rQV9yzvR.jpg","Founder, CEO @frostic_io building @snipverse a web3 social media platform built on @XPRNetwork | Saved by God's Grace

https://t.co/ffem0g60On","United States","http://frostic.io",1195,1469,"2022-03-22T14:47:45.000Z"
"1861606482627960832",brainrotmanager,"red","https://pbs.twimg.com/profile_images/1875903706685911040/M4aTiq5m.png","founder @ipdotworld","","",2000,391,"2024-11-27T03:02:32.000Z"
"1126784574",mateo_ventures,"mattwright.eth | .gaia","https://pbs.twimg.com/profile_images/1943488005966045184/i7yIk2gQ.jpg","Co-founder, CEO @gaianet_ai | Partner @evmcapital | Contributor @hellomother_ai | Prev: @consensys, @jpmorgan","NYC","https://gaianet.ai",8174,5059,"2013-01-28T02:28:50.000Z"
"265631951",g_dip,"Greg Di Prisco","https://pbs.twimg.com/profile_images/1564306770260017152/07uJusEZ.jpg","Co-founder @m0 | MP @ Distributed Capital ... Formerly Co-founder @ajnafi, Head of Business Development @makerdao + lifelong trader","New York","",4081,1139,"2011-03-13T22:20:14.000Z"
"23219674",ikuberan,"Kuberan Marimuthu (Kube)","https://pbs.twimg.com/profile_images/1508667836331298821/Quh9IB5L.jpg","Founder @Cypher_HQ_ (Path to on-chain banking), ex-Engg at @coinbase and @amazon","SF Bay Area","https://cypherhq.io",3808,5760,"2009-03-07T18:35:47.000Z"
"1403761673060618244",sharbel,"Sharbel","https://pbs.twimg.com/profile_images/1874767270955634688/fCtOqfkz.jpg","Co-Founder https://t.co/pItSfUAFlS. I help build brands people care about. https://t.co/YoqorEACki","","http://unfungible.xyz",38657,3999,"2021-06-12T17:10:45.000Z"
"1294711882981539840",mmagician,"Marti","https://pbs.twimg.com/profile_images/1867561423674486785/IR7EyC8a.jpg","Engineering @0xMiden; prev founder @NPLabs_; Contributor @arkworks_rs; @a16zcrypto CSX London '24 cohort","Switzerland","https://github.com/mmagician",1412,1340,"2020-08-15T19:06:08.000Z"
"1450453043296808964",Hexen1337,"Sipan V'artagnan ⚖️⚡️","https://pbs.twimg.com/profile_images/1527985657687285760/qdP1EOFu.jpg","Co-founder @hexensio & @xyz_remedy || https://t.co/qvK94LY8Fu 🦇🔊 Opinions are my own!","Armenia","http://hexens.io",6502,2430,"2021-10-19T13:25:49.000Z"
"1526987817850572802",AirheadFun,"Airhead - Building Alkanes","https://pbs.twimg.com/profile_images/1878840807223865344/UODO4g8R.jpg","this account has no mandate to adhere to reality. founder & CPO @oylwallet aka alkanes. airhead fat ordinals. thinking about $DIESEL…","","http://app.oyl.io/",30155,534,"2022-05-18T18:07:32.000Z"
"1286566694161281024",curvedspace_eth,"0x_Joey_BTC","https://pbs.twimg.com/profile_images/1479339057201426437/GHzq5vPU.jpg","Building Chainstock. Ex @KiloEx_perp Co-founder , Ex @okx. Defi Player","NYC/Beijing","https://app.kiloex.io/trade?sCode=binance",1790,1358,"2020-07-24T07:39:47.000Z"
"1227969726",mattsanto_,"Matt ⚡","https://pbs.twimg.com/profile_images/1905785468836364288/G83Y3U3H.jpg","Bitcoiner 🧡 Liberal 🕊️ Contador 🧮 Founder: @cryptovendimia 🍷 Community & Growth 👥 @Rootstock_io and @Polkadot Ambassador","Mendoza 🍷","https://linktr.ee/mattsanto_",2531,1899,"2013-02-28T17:12:35.000Z"
"1000578344860209153",StakeETH,"Collin Myers","https://pbs.twimg.com/profile_images/1618648528557047816/Ci-CNiHK.jpg","Founder @obol_collective - Founder & Angel @olenacapital- Advisor DV Labs - Eth2 OG - @ConsenSys Mafia - Leica 📷 - Scratch🏌🏻‍♂️ - Early 🌊🏄‍♂️ - 🏡Lisbon","Everywhere","http://obol.org",3078,2328,"2018-05-27T03:24:02.000Z"
"1711375356",dillchen,"dillon (🐮,🌝)","https://pbs.twimg.com/profile_images/1970146562774069248/TgdVMlpF.jpg","founder @commondotxyz focused on my ABCs -- AI / Bio / Crypto","onchain","http://dillchen.com",5444,1583,"2013-08-30T00:56:52.000Z"
"25848726",DIMIDJ,"Dmitry Shklovsky","https://pbs.twimg.com/profile_images/1569823820457955330/MnqyXd6c.jpg","🇶 co-founder @QuickNode ⚡️","Miami Beach, FL","http://soundcloud.com/haxsyn",3522,6936,"2009-03-22T17:42:31.000Z"
"2750986131",crypto___scotty,"Crypto Scotty","https://pbs.twimg.com/profile_images/1956353194248007680/RDoTIVfx.jpg","Founder @EgadsNFT 💀 and @ArkProtocol 🌌","","",2051,819,"2014-08-25T13:23:34.000Z"
"1431118964625526788",ainonymous00,"Suraj Mulla","https://pbs.twimg.com/profile_images/1961811326042591232/NJHqIK7i.jpg","Co-founder @banzaofficial | BD for @polkadot, ex-Polygon | Lets build personal AI twin","India","https://www.linkedin.com/in/surajmulla/",1350,1180,"2021-08-27T04:59:40.000Z"
"2593320301",d4bba,"Danial","https://pbs.twimg.com/profile_images/1780646955556724736/0ky1JY2k.jpg","co-founder @Syndica; prev. Research @0xProject. “Come as you are.”","Houston, TX","",4475,1395,"2014-06-28T15:56:30.000Z"
"3057765077",TheMarshmalon,"Manic Pixie Dream CTO","https://pbs.twimg.com/profile_images/1946657111271772160/F-NAyhV-.jpg","Co-Founder @plasticlabs
Terminally Online
Create or Die","The Shadow Realm","http://www.vineeth.io",713,463,"2015-02-24T01:15:36.000Z"
"1782131845058236416",TrenchWeb3,"Luis","https://pbs.twimg.com/profile_images/1993706096888811520/-T9MZNVz.jpg","Founder @tryminted | Ex @BNPParibas | Ex M&A @JNJInnovation | Buildoor (1 acquired) | Ex Top 25 trader on @hyperliquidx | Advisor @okx |","","https://www.minted.app/",2116,195,"2024-04-21T19:38:46.000Z"
"1488187177615904773",alice_nvr,"Alice","https://pbs.twimg.com/profile_images/1986523181235019776/FWsun5DC.jpg","Co-Founder of @Neverland_Money ✨ @SheFiorg Cohort 14","Neverland","https://neverland.money",2187,352,"2022-01-31T16:27:39.000Z"
"907057133862109185",AlexandWang_,"alan","https://pbs.twimg.com/profile_images/1590596847739211776/cvBu_Ofm.jpg","Web3 believer | BTC/CryptoPunk/BAYC Holder | Founder of @web3vip","Hongkong","https://www.vip3.io/",672,1660,"2017-09-11T01:44:07.000Z"
"1403871056927076359",NicholasLobue,"Nick LoBue ☀️","https://pbs.twimg.com/profile_images/1511891825254191107/3LU9fJU3.jpg","Founder @AureusOx
Building @OxenFlow to create an army of financial wizards 🧙‍♂️","New York, NY","https://oxenflow.io/download",1734,642,"2021-06-13T00:25:39.000Z"
"3686541735",asynctomatic,"Afonso","https://pbs.twimg.com/profile_images/1477977392912154626/N_1CItBt.jpg","building @felixprotocol | co-founder @threesigmaxyz","Lisbon","",1307,937,"2015-09-17T14:38:52.000Z"
"24809221",kaiynne,"kain.crates","https://pbs.twimg.com/profile_images/1944731039370199041/C3GO8JfT.jpg","Founder @infinex , @synthetix. Partner @bodhi_ventures","Onchain","https://infinex.xyz",145331,1328,"2009-03-17T00:55:08.000Z"
"825658006582988803",pierrexbt,"Pierre","https://pbs.twimg.com/profile_images/1999828943374024704/K5kRPLxo.jpg","Co-founder @Collaterize | Mentor @icmdotrun","","",5379,1883,"2017-01-29T10:53:03.000Z"
"1487477626524651524",kaleverseETH,"Rand 🦉","https://pbs.twimg.com/profile_images/2006824089051144192/dRssI6Dd.jpg","Redefining sustainable yield, Cryptonomics researcher | Founder and Inventor @quintesorg","Building with purpose","https://discord.gg/VkfbM8y8",10889,880,"2022-01-29T17:28:05.000Z"
"1357241474987950080",jonathanlowyt,"Jonathan Low","https://pbs.twimg.com/profile_images/1831805702362243072/HMviUbWp.jpg","Founder & CEO @biptapofficial
Building the world's first OMNI BANK, the AIRBNB for Banking","Singapore","http://biptap.com",37825,13404,"2021-02-04T08:16:06.000Z"
"1480393238490263553",evasweb3,"Eva","https://pbs.twimg.com/profile_images/1747285816920154112/9Uk_-hA6.jpg","Web3 Buidler | Buidling with @EVGHQ | Co-Founder: @ohhole_ ｜Core - @willie_dentist ｜ Community Manager - @EdgenTech @TREX_chain","Taiwan","https://bit.ly/Evasweb3_CV",3818,929,"2022-01-10T04:17:30.000Z"
"1400975481923592200",0xhfo,"0xhfo.hl | HYPERPNL","https://pbs.twimg.com/profile_images/1988963173529968640/JpexMN3i.jpg","hyping ur capitals, founder @hyperpnl, cs dropout","","",2729,1170,"2021-06-05T00:39:29.000Z"
"378220962",stvngts,"Steven9000 🎈 (L1/acc)","https://pbs.twimg.com/profile_images/1985457799694827520/zgLqSby7.jpg","Founder @hypha_sh (fka GoGoPool) nothing I tweet is financial advice, views my own","Just a kid from Akron","https://gogopool.com",4258,891,"2011-09-22T21:00:15.000Z"
"967997589831540736",haonan,"haonan","https://pbs.twimg.com/profile_images/1294807026602856450/D84oO85j.jpg","reports from the stablecoin frontier

co-founder & ceo
@codex_pbc
ethereum's stablecoin chain

prev: @optimism @wharton @palladiummag","","https://www.haonan.li/",32165,206,"2018-02-26T05:39:44.000Z"
"337701892",romeiroE,"Eduardo","https://pbs.twimg.com/profile_images/1377675250385760256/JmhZSi9B.jpg","Builder at heart ❤️ | Entrepreneur | Co-Founder @Realio_Network | Always learning, always creating. | @freehold_wallet | @districts_xyz","","",4093,553,"2011-07-18T13:06:06.000Z"
"160263920",crypto_demiurg,"demiurg 🦥⚽️","https://pbs.twimg.com/profile_images/1998471728356368384/63P93Wwc.jpg","⚽️ Founder of football manager game @LazyFootballApp (since 2021).
🇺🇦 Crypto influencer & long-term HODLer (since 2017).
🛠️ Building game, not farm.","EU","https://app.lazy.football/register?invite=4Z4ov4tL",6513,445,"2010-06-27T17:41:44.000Z"
"745818948",janbtc,"Jan","https://pbs.twimg.com/profile_images/1951160907318640640/SZ88jio-.jpg","Building @Xverse @Satsdaq | 🎙️Host @TheOrdinalShow | Founder @btc_summit | 🤖 Student of AI","","https://www.xverse.app/api?utm_source=nonfungiblejan&utm_medium=affiliate&utm_campaign=api_launch",37365,2758,"2012-08-08T19:44:44.000Z"
"16602665",grinich,"Michael Grinich","https://pbs.twimg.com/profile_images/1978687600656580608/m2TFWGlC.jpg","@WorkOS founder","","http://shop.workos.com/",10198,290,"2008-10-05T15:52:04.000Z"
"1518531365423263749",ramyobags,"RAMO","https://pbs.twimg.com/profile_images/1884969891536474112/xolFzaEZ.jpg","Co-Founder & CTO @BagsApp | member @superteamDE","","http://BAGS.FM",6983,1919,"2022-04-25T10:04:37.000Z"
"1372196901936848901",AltCryptoGems,"Sjuul | AltCryptoGems","https://pbs.twimg.com/profile_images/1950543002721533952/y0gABDyF.jpg","Invest in the unexpected || Founder of @AltCryptoCast, @AltCryptoTalk & @KollectAgency || DM for Business Enquiries💰","Dubai","https://linktr.ee/altcryptogems",477197,1903,"2021-03-17T14:43:35.000Z"
"282936922",eponomarev,"Evgeny Ponomarev","https://pbs.twimg.com/profile_images/1750211307649765377/12JJODvj.jpg","Co-founder @fluence_project @depinday  Jumping on quick calls day and night","","http://evgeny.hns.to/",1941,606,"2011-04-16T07:22:26.000Z"
"1245503171943899136",Ayyanrahman,"Ayyan Rahman","https://pbs.twimg.com/profile_images/1511011771687002124/di1X3ps5.jpg","Co Founder and CGO @onrefinance | Prev: BD @circle, Co-Founder @Gateway_xyz (Acq by @circle), @Visary_","","",1078,416,"2020-04-02T00:08:52.000Z"
"887851445982068737",pythianism,"Vance Spencer","https://pbs.twimg.com/profile_images/1879594071167275008/jZW5hWMS.jpg","Co-founder @hiframework. Tweets not financial advice. Views my own.","San Francisco","",131360,7554,"2017-07-20T01:47:35.000Z"
"1374795603008393217",JunKim831,"Jun Kim","https://pbs.twimg.com/profile_images/1969998285042749441/fSAO0KEv.jpg","co-founder @paxoslabs 

prev @nucleusearn @blockchaincap @terra_money

opinions my own","","",850,1156,"2021-03-24T18:49:55.000Z"
"756552216291540996",0xPadgett_,"π.eth","https://pbs.twimg.com/profile_images/1480853072595206144/BSDd5Vd8.jpg","founder (stealth) | cto @zen_chain | @_buildspace s3 | zk, btc, infra, and ideas that might just work","🇸🇬🇲🇾🇺🇸","",5985,948,"2016-07-22T18:11:19.000Z"
"1518689318763696130",bobthewizard23,"bobthewizard","https://pbs.twimg.com/profile_images/1859632605114572804/Sst37CJN.jpg","founder @blockbetGG","","http://www.blockbet.gg",4200,3413,"2022-04-25T20:32:14.000Z"
"37452958",Joris_DLN,"Joris🤗","https://pbs.twimg.com/profile_images/1587263442339205120/9jn-iXrG.jpg","Building the rails for onchain equity. 🚀CEO & co-founder @fairmint","New York, USA","http://bit.ly/2JevwsH",4017,3041,"2009-05-03T17:01:19.000Z"
"1183570693868285952",RamXBT,"Ram","https://pbs.twimg.com/profile_images/1960333341065936896/vd53csLJ.jpg","co-founder @AviciMoney | ynwa @lfc","","http://banks.ceo",9875,994,"2019-10-14T02:30:27.000Z"
"2764198751",JanitorJon,"Jon","https://pbs.twimg.com/profile_images/1977398804342329344/vzkdGSH-.jpg","Building @tryCoinpilot | Founder @Moongate (acq. by @HumanityProt)","","https://www.trycoinpilot.com/",983,1593,"2014-09-07T19:07:16.000Z"
"118610577",altifbrown,"Altif Brown","https://pbs.twimg.com/profile_images/1844079192142667776/i318srq8.jpg","Silicon Valley native, Co-founder & Director of Community of @conste11ation/ $DAG, 👼investor 🇺🇸","","http://bit.ly/4etsfjP",5148,3480,"2010-03-01T06:26:32.000Z"
"380806414",rahulbhadoriya,"Rahul | Dacoit.Base.eth","https://pbs.twimg.com/profile_images/1995396512562696192/6RZ6IFcZ.jpg","I Design Crypto Brands. /Founder @dacoitdesign / Launching soon @honestdsgnclub","Find more here→","http://dacoit.design",24558,3500,"2011-09-27T08:08:20.000Z"
"1043405240",Zdeadex,"Zdeadex","https://pbs.twimg.com/profile_images/1948424098578599941/SaVZkDeJ.jpg","Co-Founder - @JunctionFi @StakeLab","Lisbonne, Portugal","https://junction.exchange",5126,1160,"2012-12-28T23:42:36.000Z"
"82928840",ipashkov,"Illia Pashkov","https://pbs.twimg.com/profile_images/1926141637807255552/ftHbMFak.jpg","Founder @sinthive, Chief Strategy Officer @GT_Protocol","Metaverse","http://sint.gg",2468,932,"2009-10-16T17:27:25.000Z"
"1011536718",MentorNotPseudo,"Mentor zReka ✨","https://pbs.twimg.com/profile_images/1650982440683315200/S-KwmrhP.jpg","Co-founder & CEO @avnu_fi - rethinking exchanges & DeFi","Switzerland","",3777,1381,"2012-12-14T17:06:27.000Z"
"1508785173478969350",madjarevicn,"Nikola","https://pbs.twimg.com/profile_images/1912797744600641536/I3Wx0vAW.jpg","co-founder @dragonswap_dex","","https://dragonswap.app",3222,1795,"2022-03-29T12:36:45.000Z"
"19677508",Lukex,"LukeX 🟨","https://pbs.twimg.com/profile_images/1958532389623451648/yW4wARpr.jpg","co-founder, chief janitor @satlayer 🟨 | venture partner @PressStartCap | core contributor @0xMITHarvard","","https://satlayer.xyz/",3565,2577,"2009-01-28T21:33:14.000Z"
"2415936756",im_manderson,"Michael Anderson","https://pbs.twimg.com/profile_images/1920663000589234176/pY7gFEQs.jpg","Co-founder @hiFramework - prev @hashletes, @snap and @dropbox. Tweets are my personal views and not investment advice. May have positions in assets discussed.","San Francisco, CA","",16991,3020,"2014-03-28T13:50:49.000Z"
"380987774",jonjyan,"jon yan","https://pbs.twimg.com/profile_images/1529904127521591296/mpBajrZe.jpg","Brand & design @EigenCloud, co-founder of @VectorDAO. Previously @Coinbase & @ycombinator alum.","","",4115,1566,"2011-09-27T15:23:04.000Z"
"716603856",JesseBeller_,"Jesse Beller","https://pbs.twimg.com/profile_images/1876756213452668929/AvhUEzOh.jpg","Founder @terrace_fi. On/Off-chain liquidity aggregator, trading terminal, & portfolio management system. Every token, deeper liquidity, better prices.","Los Angeles, CA","https://terrace.fi/",4537,148,"2012-07-25T19:19:31.000Z"
"396588822",defidude,"DeFi Dude","https://pbs.twimg.com/profile_images/1542757048332476416/FBhVj75v.jpg","Co-founder @BuildaProtocol | prev @kybernetwork & @aaveaave | dude.eth 🦇🔊","Click →","https://builda.dev/",18206,3264,"2011-10-23T13:56:32.000Z"
"1457298338458800128",magikarptrades,"J E D","https://pbs.twimg.com/profile_images/1958164078020714496/jFCZ9qoZ.jpg","founder @kreioslabs | swe @HawkFi_ | risk premia harvester of a smol fund ($440k+ AUM) | you can just do things","find your next best trade →","https://kreioslabs.com/",5840,803,"2021-11-07T10:46:25.000Z"
"1144613637195280391",Larpseidon,"Parker","https://pbs.twimg.com/profile_images/1961738378291871744/Ut3HL4ZT.jpg","founder @Auramoney | https://t.co/MScWS8nidL","","https://maxxing.aura.money/",13868,1831,"2019-06-28T14:28:51.000Z"
"896901402399821829",fredgbianco,"Frederico","https://pbs.twimg.com/profile_images/1977949493883764736/NmF2uw4A.jpg","Co-founder and CTO @GlueXProtocol","","http://gluex.xyz",1037,958,"2017-08-14T01:08:52.000Z"
"1444409103367946243",GovVoi,"gov.voi","https://pbs.twimg.com/profile_images/1961515818123964416/PIUEA-KQ.jpg","Voi Network Co-Founder and Block Authority, Inc. Chief Administrative Officer.","Pennsylvania, USA","http://voirewards.com",22535,10518,"2021-10-02T21:09:14.000Z"
"1398307149697241091",voxelqueen,"VQ","https://pbs.twimg.com/profile_images/1966070412497874945/LD-F6U0t.jpg","Co-Founder @RuyuiStudios |","","",13171,4002,"2021-05-28T15:56:25.000Z"
"291943645",EB7,"Erick 🦦🫟","https://pbs.twimg.com/profile_images/1961754618058481664/Rt29mUCy.jpg","no paid promos. Founder @askSplat Co-founder @The_OTCNetwork","Miami","",77327,974,"2011-05-02T21:26:49.000Z"
"143608636",sunnya97,"Sunny Aggarwal 🧪","https://pbs.twimg.com/profile_images/1912764926290194435/t2Ao4iPj.jpg","Co-Founder of @OsmosisZone & @Polaris_app | Built @Cosmos – The App Layer for #Bitcoin","SF","http://sunnya97.com",72497,2882,"2010-05-13T23:13:49.000Z"
"754330860405547008",jamessinka,"james sinka - Boston & SF","https://pbs.twimg.com/profile_images/1622424288253935616/klcQlkSg.jpg","Co-Founder & Science @bioprotocol - accelerating science

Prev: Director @orangedaoxyz, @ycombinator W19, @joinodf, @nsf & chemistry ☀️ 🧬 ⚗","The Lab, Boston, SF","https://www.bio.xyz/scientists",5483,1717,"2016-07-16T15:04:26.000Z"
"1495527028807905280",0xPhilip,"Philip Forte","https://pbs.twimg.com/profile_images/1581768131281920000/SF8DDsmE.jpg","Founder @elixir","","",19244,154,"2022-02-20T22:33:32.000Z"
"1097813328808853504",PStrieborny,"Pavol Strieborny","https://pbs.twimg.com/profile_images/1876217551354535936/PoRwXltS.jpg","CFO @ Co-Founder of @QORPOworld | REAL YOU IS NOT ENOUGH | Game Development Studio Focusing On Web3","Slovenská republika","https://qorpo.world",2747,496,"2019-02-19T11:01:08.000Z"
"1467607516959985670",BjornRBV,"Bjorn.shido","https://pbs.twimg.com/profile_images/1920412005170630656/jJ6ZyqA8.jpg","Founder of @ShidoNetwork. Keep building.","","",22973,1436,"2021-12-05T21:31:28.000Z"
"1434653825403478017",endgamemz,"endgame","https://pbs.twimg.com/profile_images/1883042471279767552/pLls3DaS.jpg","lead @cruxful co-founder @art_marketmaker bullish @monad","","",5998,1206,"2021-09-05T23:05:19.000Z"
"1476961191004151811",LazyFootballApp,"Lazy Football","https://pbs.twimg.com/profile_images/1993247875094945792/RyPWTqvX.jpg","Lazy Football is a Web3 free-to-play football management simulator focused on engaging gameplay and players’ socialization.

Founder: @crypto_demiurg.","Europe","https://app.lazy.football/",12655,146,"2021-12-31T16:59:42.000Z"
"1408317825773670406",uykusuztrader,"uykusuztrader","https://pbs.twimg.com/profile_images/1815121054932639744/rha49WYL.jpg","Co Founder @BigIntCo 
God Father @dickheadscrypto 
NFT WHALE 🐳 
Just Degen","Metaverse","http://bigint.co",28666,2679,"2021-06-25T06:55:27.000Z"
"763026986600194052",omeragoldberg,"Omer Goldberg","https://pbs.twimg.com/profile_images/1817001713695383552/jM6WTTMJ.jpg","founder @chaoslabs | eng @instagram, @meta, https://t.co/0TaNkknFrg | cs @TechnionLive","Williamsburg, Brooklyn","https://chaoslabs.xyz",9662,296,"2016-08-09T14:59:44.000Z"
"6718432",borgetsebastien,"Sebastien 🏞","https://pbs.twimg.com/profile_images/1975216125026750464/YTY9rOWY.jpg","Co-Founder & Global @TheSandboxGame @0xSANDchain. President @BGameAlliance. Co-Founder @ArtverseParis. Building the Creator Nation, powered by $SAND.","Paris, France","http://www.borget.net",137203,2305,"2007-06-10T17:06:12.000Z"
"1672350637999243265",brhmpkjp,"Ipek | SyFu","https://pbs.twimg.com/profile_images/1853897995286192128/hU_n6UH_.jpg","Qualified Lawyer | LLM  | Hackathon Champ. | Turkish origin Japanese Citizen  | Tsinghua University (清华大学) Alum. | Co-Founder | Founding Member in @syfuofficial","","",529,31,"2023-06-23T21:07:31.000Z"
"1278937316082376705",0xRamz,"Ramz","https://pbs.twimg.com/profile_images/1999058592008187905/BOa8UOUT.jpg","Community Growth @StartaleGroup | Growing @soneium 💿 & @AstarNetwork | Founder @MecchaYuugen👺","☁️9","",5354,2405,"2020-07-03T06:23:21.000Z"
"913499519593172992",ThinksDylan,"dylan ai/acc","https://pbs.twimg.com/profile_images/2000355873965621257/DH7NVmgs.jpg","Founder of @JoinPond - we launch, support and accelerate proven early stage startups","New York","https://cryptopond.xyz/",1706,705,"2017-09-28T20:23:52.000Z"
"18536658",amirhaleem,"amir","https://pbs.twimg.com/profile_images/1980118636888035328/RBsVd3jQ.jpg","founder/ceo @helium @helium_mobile","California, USA","https://helium.com",36384,979,"2009-01-01T21:23:51.000Z"
"2399430834",udhaykumarbala,"Udhaykumar (Ø,G)","https://pbs.twimg.com/profile_images/1992246675755188224/QDNQPfOR.jpg","Devrel @0G_labs 🐼 \z/ Founder #410 @the_zo_world

#vibecoding","onchain","",894,431,"2014-03-20T10:59:48.000Z"
"1426957263454052354",ArbVision,"Ian | Fin","https://pbs.twimg.com/profile_images/1800235324750069760/9TOPGc0b.jpg","Co-founder & CEO of @Fin (formerly TipLink) | ex @Citadel & @GoldmanSachs","New York, NY","",5136,1207,"2021-08-15T17:21:46.000Z"
"1578399187086938113",CEBG_Michael,"Michael Yue","https://pbs.twimg.com/profile_images/1754786270130409472/dv-NaGnq.jpg","Founder: @playCounterFire, @CEBG_Studio, FH Capital
Ex-Co-founder: Giant Interactive

Engineering the next wave of viral gaming experiences with blockchain. 🎮","Singapore","",760,18,"2022-10-07T14:58:10.000Z"
"1455446117051617284",imdogefather,"DogeFather (🦴)","https://pbs.twimg.com/profile_images/1917289246957961216/xCE4VeTS.jpg","Founder @merklehq
Venture studio | Digital transformation | AI & Solana GTM
Fixing ops, building systems, backing founders","","https://merklelabs.xyz",5897,2951,"2021-11-02T08:06:24.000Z"
"1395499471",mathemagic1an,"Jay Hack","https://pbs.twimg.com/profile_images/1607042017095258114/sSUQlvdW.jpg","Head of AI @clickup. Tweets about AI, computing, dev tools and knowledge work. Previously founder @codegen / ML + data @palantir / @stanford. Not a pseudonym.","San Francisco","https://codegen.com",58763,3279,"2013-05-01T20:17:47.000Z"
"1978367442",Eason_C13,"Eason Chen 🌊🦐","https://pbs.twimg.com/profile_images/1977158097786339328/q4VFUhY0.jpg","Founder @GiveRep, 
Ambassador @SuiNetwork @WalrusProtocol, 
3rd year PhD student @cmuhcii, 
ex-Research intern @Mysten_Labs, 
Core Contributor @bucket_protocol","Pittsburgh, Pennsylvania","http://eason.phd",9534,627,"2013-10-21T11:29:24.000Z"
"1639048972101644289",Minqian_lu,"min.patron","https://pbs.twimg.com/profile_images/1923339858816466944/J0HeGbmK.jpg","cooking @infinex | pv. co-founder @keypomxyz (acquired) | 2024 @waterlooeng | 📸 and 🏎️ @minluphoto","Toronto, Ontario","https://infinex.xyz/",1580,393,"2023-03-23T23:38:44.000Z"
"1020200011630632960",AaronLebb,"Aaron","https://pbs.twimg.com/profile_images/1953333023665225728/FqYCzRoz.jpg","founder @0xDeFive. building on @SonicLabs $S, helping dApps grow. tweets = my own views. NFA & DYOR","Sonic","",4517,368,"2018-07-20T06:53:31.000Z"
"896163201460576257",unhappiimochii,"catherine chang","https://pbs.twimg.com/profile_images/1974266295018532868/suH1s22j.jpg","💕 co-founder @megaphone_hq fka @deformapp ❄️ sf huddle co-lead @pudgypenguins 💎 @atlassian alum 🐻 @cal computer science","San Francisco, CA","https://paragraph.xyz/@catherinechang.eth",3600,1928,"2017-08-12T00:15:31.000Z"
"1460708310156460032",EulerLagrange,"EulerLagrange@Opacity","https://pbs.twimg.com/profile_images/1911833408105332737/X1ecLCed.jpg","Working on building zkTLS infra/products. A ruthless empiricist, Co-founder/CEO @OpacityNetwork.","NYC","",2939,2559,"2021-11-16T20:36:37.000Z"
"1315529823918477314",fordenad,"Fordenad","https://pbs.twimg.com/profile_images/1984341938795896832/h-9-o5d3.jpg","Founder, animator, frog enjoyer. In that order.

Building @frankythefrog | Because games should be fun. 🍎","Pond","https://hub.xyz/fordenad",6396,2016,"2020-10-12T05:48:58.000Z"
"1473339215857557513",mirionics,"miri","https://pbs.twimg.com/profile_images/1966189461785522176/3jEOK3qf.jpg","🔸Co-founder @origami_fi🔸Bringing it hOHM🏛️","","http://origami.finance",2000,657,"2021-12-21T17:07:20.000Z"
"1476726369807745024",mauro_aligned,"Mauro Toscano 🟩","https://pbs.twimg.com/profile_images/1725429215086936064/QJh-RRnk.jpg","Co-founder of @alignedlayer

Opinions are from my AI","","",3427,585,"2021-12-31T01:26:25.000Z"
"1917928694292615168",icmdotrun,"ICM.RUN","https://pbs.twimg.com/profile_images/1949474946276597760/s02SuOhI.jpg","Solana's Internet Capital Markets: DAO & Incubator

Founder Hub: @FounderDotRun

https://t.co/gLasbvnqh8","","http://ICM.RUN",13589,34,"2025-05-01T13:07:04.000Z"
"1237745092359794690",arlettemsalase,"Arlette Salas ⚡","https://pbs.twimg.com/profile_images/1985703653919817728/k4am-IKE.jpg","LATAM Growth Lead @hiveblocks♦️ | Founder @herdaovzla❤️ | Here we talk about Real Madrid, CR7, Taylor Swift, video games, Hive and crypto things.","Venezuela","https://bento.me/arlettemsalase",5918,1067,"2020-03-11T14:20:16.000Z"
"883100511507009536",AlexAuroraDev,"Alex Shevchenko 🇺🇦","https://pbs.twimg.com/profile_images/1918879283289726976/tpzO17nq.jpg","CEO of Defuse Labs (NEAR Intents) | Co-founder of @auroraisnear | Building blockchain infra since 2015","","http://aurora.dev",31707,389,"2017-07-06T23:09:03.000Z"
"1457616338655092737",louisregis,"Lou","https://pbs.twimg.com/profile_images/1980521298007670784/v_WfHZvK.jpg","Founder & CEO @XBorgHQ @ProprXYZ","","https://www.xborg.com/",16118,1159,"2021-11-08T07:50:02.000Z"
"1147903400",sudo_ron,"Ron C","https://pbs.twimg.com/profile_images/1765575900219801600/tlVaauu0.jpg","Indirectly negative co-founder @inference_labs 𝜏/acc","127.0.0.1","http://inferencelabs.com",6275,910,"2013-02-04T12:42:27.000Z"
"1112038898983669760",nad8802,"Nadia⚡️","https://pbs.twimg.com/profile_images/1129033944991715329/Z3dUexfy.jpg","Co-founder @phoenixlabsdev - contributing to ⚡️@sparkdotfi and MakerDAO. 
Previously Growth @SkyEcosystem","","",3969,925,"2019-03-30T17:08:29.000Z"
"62551868",prabalbanerjee,"Prabal Banerjee","https://pbs.twimg.com/profile_images/1979286554733322240/o1sxCxCx.jpg","Co-Founder at @availproject || Ex-Research Lead at Polygon || Cryptology & Security PhD dropout at ISI","","https://www.availproject.org/",76493,437,"2009-08-03T16:20:57.000Z"
"925541755902185474",nomorebear,"swit.eth #6010","https://pbs.twimg.com/profile_images/1429810621529280515/m1qudTA5.jpg","Native oracle maximalist 🔮. Generative AI enthusiast 🤖. Co-Founder @BandProtocol 🅑. Tweet or Retweet ≠ Endorsement.","","https://etherscan.io/verifySig/2900",6393,895,"2017-11-01T01:55:25.000Z"
"2711247412",degenroot,"Robin A. 🐉","https://pbs.twimg.com/profile_images/1967560851390361600/MCF5L3Gp.jpg","Founder & CEO @raikucom","","",2885,342,"2014-07-14T20:56:03.000Z"
"14592709",jbrukh,"Jake Brukhman","https://pbs.twimg.com/profile_images/1729966525505736705/wt6N12is.jpg","Founder & CEO @coinfund_io. Engineer. Investor. Researcher of crypto networks. Champion of the builders of the new internet. (Not investment advice.)","BK/MIA","https://brukhman.com",50783,6725,"2008-04-29T23:24:54.000Z"
"1772062533089738752",neilc_dawn,"Neil Chatterjee","https://pbs.twimg.com/profile_images/1999081463179067392/xR5X7uYx.jpg","Building global state of:
∇ × E = -∂B/∂t
∇ × B = μ₀J + μ₀ε₀ ∂E / ∂t

Andrena+DAWN Founder & CEO

@andrena_wifi
@dawninternet","New Jersey, USA","",4914,581,"2024-03-25T00:47:08.000Z"
"60884478",yoseazka,"Yose Rizal","https://pbs.twimg.com/profile_images/1946129009915604992/Iu1UdMCk.jpg","Founder @mwx_ai the world’s 1st decentralized Agentic AI Marketplace for SMEs | AI + Web3 | +15years building MediaWave, #1 Indonesia Media Monitoring | YNWA","Indonesia","http://www.mwxplatform.ai",3399,758,"2009-07-28T12:00:01.000Z"
"1187613156937330688",jayendra_jog,"Jay ($/acc)","https://pbs.twimg.com/profile_images/1939679399122538496/EMnM9T_E.jpg","Co-Founder @Sei_Labs // Previously at @RobinhoodApp","New York, USA","",26450,1416,"2019-10-25T06:13:44.000Z"
"1962444683054878721",astroboyworldd,"astro.hl 🫗","https://pbs.twimg.com/profile_images/1978893320299368448/9TJZwF-D.jpg","@gliquidx Founder","","",144,75,"2025-09-01T09:17:40.000Z"
"38746154",nicksainato,"Nick","https://pbs.twimg.com/profile_images/1932084906722816000/ATGstjXm.jpg","Co-founder @trygamma @signalsart | Product, sushi, cooking, 7w8","NJ, USA","http://gamma.io/nick",12073,2065,"2009-05-08T22:35:08.000Z"
"1521361639156883456",anyaya_eth,"AnYayaya🦋💕","https://pbs.twimg.com/profile_images/1872294261456277504/LbWSqNdn.jpg","Welcome to the kitchen 🧑🏻‍🍳🍳 Web3 builder | Co-founder of @Navai_map | base in bkk @Based_Thailand","","",3508,1816,"2022-05-03T05:31:07.000Z"
"2529969614",HermanNarula,"Herman Narula","https://pbs.twimg.com/profile_images/1890171253324939264/PqnNDIPB.jpg","Co-founder & CEO of @Improbableio, @MSquared_io. @somnia_network Author of VirtualSociety.","London","http://improbable.io",40943,1115,"2014-05-28T12:59:38.000Z"
"1432227198770073601",lyronctk,"Lyron","https://pbs.twimg.com/profile_images/1975558845259722752/bPtuOw82.jpg","founder @SeismicSys // rookie years @stanford @google","New York, NY","https://seismic.systems/",8895,951,"2021-08-30T06:22:39.000Z"
"1256647193089527816",cryptopapi997,"Nico | mpc/acc","https://pbs.twimg.com/profile_images/1977951574166237184/qTDl5d6n.jpg","padawan & co-founder @Arcium | crypto, both -graphy and -currency.","","http://arcium.com",6627,1296,"2020-05-02T18:10:21.000Z"
"1618297628655030305",suterdanjac,"Daniel Suter","https://pbs.twimg.com/profile_images/1902937505772736515/NTc5qRSb.jpg","Chairman & Co-founder @themiracle_io | Building the digital future through ownership","Zürich, Schweiz","http://themiracle.io",93,183,"2023-01-25T17:20:37.000Z"
"1216225481650995201",HeshamAly1001,"Hesham Aly","https://pbs.twimg.com/profile_images/1988369617245655040/HeFBDhAd.jpg","Co-Founder @Ryze_Protocol & @elys_network • USAFA Alum • Web3 Advocate • US Air Force Lieutenant Colonel and C-17 Instructor Pilot","","https://docs.ryze.pro",1612,788,"2020-01-12T05:08:53.000Z"
"46049980",tylev,"Tyler Evans","https://pbs.twimg.com/profile_images/1931007182197153792/jIQzWre4.jpg","Co-Founder / Managing Partner @Nakamoto @UTXOMgmt @BitcoinMagazine @TheBitcoinConf | Opinions my own / not a solicitation / not an offer for investment advisory","Nashville, TN","http://bitcoinmagazine.com",11516,2230,"2009-06-10T06:01:22.000Z"
"1398208028",kdotcrypto,"kdot | bulk","https://pbs.twimg.com/profile_images/1992014290040262656/BU-iugtA.jpg","orderbook oligarch | co-founder @bulktrade","","",8074,1271,"2013-05-02T21:10:09.000Z"
"89617459",Philfog,"Phil Fogel ( 🦇, 🌳, 🍾)","https://pbs.twimg.com/profile_images/1569669235164737536/nyiTeMVZ.jpg","Crypto Fashion Icon
Co-Founder @Corkprotocol, @weareflowcarbon, @Corner3VC","New York, NY","http://cork.technology",4437,1235,"2009-11-13T03:39:13.000Z"
"41183916",MiKeMeUpP,"Michael","https://pbs.twimg.com/profile_images/1985487738226053120/FAtKBgDe.jpg","degenerate meme gawd. co-founder @oshikatsu_co. co-founder @vaultedOTC. head pleb @spiritdao.","on-chain","https://www.oshi.co/",16975,1987,"2009-05-19T19:08:36.000Z"
"1318918091116523521",winternet,"winny","https://pbs.twimg.com/profile_images/1985962332720435200/zGJTiiyI.jpg","🟢 @cuemarket 💅 @chippedsocial ✨ prev: co-founder @shillrxyz","LA","http://cue.market",28757,6350,"2020-10-21T14:12:37.000Z"
"2606432720",benjitaylor,"Benji Taylor","https://pbs.twimg.com/profile_images/1485350275372048384/FwGgXuTk.png","head of design @base. founder @family (acq by @aave). tools @dip.","Los Angeles, CA","https://benji.org",27206,390,"2014-07-06T00:44:21.000Z"
"352135192",tolibear_,"toli","https://pbs.twimg.com/profile_images/1939855295032774656/ConGtyzt.jpg","everything is a game • co-founder @bearish_af • @dripchain • @xeetdotai / tweets are my own","cooking 👉","http://bearish.af",28647,5479,"2011-08-10T05:54:29.000Z"
"49943355",pritrules,"Pd✈️#stablecoin #Neobank","https://pbs.twimg.com/profile_images/2001133365823758336/jOKl1MuP.jpg","🌊 Founder @zothdotio | Advisor & Angel Investor @Eagle10Ventures | Prev. MD of Fintech & Web3 @abinbev, @Unilever, @KCCorp | @StanfordGSB, @ISBedu Alum","","https://zoth.io",11192,6470,"2009-06-23T10:42:47.000Z"
"1266839114428620802",BorisPovod,"Boris | Pontem Network 🇺🇸","https://pbs.twimg.com/profile_images/1971225641585410048/C7MNl92O.jpg","Co-founder and CTO at @PontemNetwork and @lumioFDN. Making memes for fun - $doodoo","USA","https://pontem.network",1881,1007,"2020-05-30T21:09:28.000Z"
"17881764",Leishman,"Alexander Leishman 🇺🇸","https://pbs.twimg.com/profile_images/1937601161265082368/OfvyBUI5.jpg","Founder @River. #Bitcoin. Keeping the fire of human liberty shining bright 🔥","","https://river.com",47604,3006,"2008-12-04T22:32:46.000Z"
"1564841871540723712",SlickBTC,"Slick","https://pbs.twimg.com/profile_images/1980977185306370048/vwreYRTW.jpg","Founder @utxofun","","",12791,1200,"2022-08-31T05:06:37.000Z"
"1425533494860689417",JotaDotSol,"jota.sol 🌲🥩 IBRL/acc","https://pbs.twimg.com/profile_images/1974190880434053121/SCe8RmeS.jpg","Stake Pool Manager @DoubleZero 
Founder @pinestake 🇧🇷
💎@ninavitamina","Brazil","https://discord.gg/pinestake",2990,2597,"2021-08-11T19:04:15.000Z"
"1146253896744165376",0xglu,"0xglu","https://pbs.twimg.com/profile_images/1749241328393703424/L10Yhfri.jpg","founder @openpondai | @lostsoulsNFT | @duckailabs | georgist","","https://glu.wtf",3670,792,"2019-07-03T03:06:40.000Z"
"881293432286658560",ethanedwardrife,"ethan 🛡️","https://pbs.twimg.com/profile_images/1973412782499319808/HhSPRnWD.png","founder of @Kingdomlyapp","The Kingdom","https://linktr.ee/kingdomly",4787,1646,"2017-07-01T23:28:22.000Z"
"1548211882204418049",valentinmadrid_,"Valentin | Exponent","https://pbs.twimg.com/profile_images/1879952656048791552/MwnnDp4a.jpg","co-founder @ExponentFinance | Opinions are my own, not financial advice.","Solana Beach, CA","http://exponent.fi",1020,421,"2022-07-16T07:44:39.000Z"
"1156628666",jefftyling,"jling","https://pbs.twimg.com/profile_images/1846371005184593920/SRLbg9xz.jpg","co-founder @goldskyio: organically sourced, hand-harvested streaming data pipelines","hip rural location","https://goldsky.com",498,327,"2013-02-07T09:39:50.000Z"
"427006308",helloiamvu,"Mr Vu","https://pbs.twimg.com/profile_images/1960617882649243648/kYX7Jy4G.jpg","Dishwasher at @MarinadeFinance | ex-CEO & co-founder of @avocode (acquired by @cerosdotcom) | @500startups alumni","Prague","",990,1113,"2011-12-03T00:13:45.000Z"
"814501568796119040",jasper_vp,"Jasper //A","https://pbs.twimg.com/profile_images/1684591776290463744/WfX9WT_2.jpg","Founder @ArcadiaFi MEV strategist | EVM enthusiast Arbed your pools before it was cool","","",609,1065,"2016-12-29T16:01:21.000Z"
"1341042787798687746",Morningstar_VC,"Morningstar Ventures","https://pbs.twimg.com/profile_images/1539918068495032321/TCorXlhh.png","Backing ambitious Web3 Founders
Founder/CEO @daniloscarlucci

➡️ https://t.co/FtE8Wv7ZFp
➡️ @MSV_Studio 
➡️ @37xDubai
➡️ @MSV_GG","Dubai","https://morningstar.ventures/",57019,401,"2020-12-21T15:28:20.000Z"
"93724537",therealglupta,"glupta ⛵️ (recovery arc)","https://pbs.twimg.com/profile_images/1992784734250782720/btKEG2iK.jpg","founder @FullSailFi with my life partner @bearbunniepup","","",1879,1572,"2009-11-30T22:27:00.000Z"
"4910678243",jacobmtucker,"jacob","https://pbs.twimg.com/profile_images/1895732366032977920/KadB2mAx.jpg","dev rel @StoryProtocol // prev founder @emerald_dao // CS @NorthwesternU","New York","",5461,316,"2016-02-14T22:09:26.000Z"
"22349125",hmichellerose,"Hannah Rosenberg⚡","https://pbs.twimg.com/profile_images/1825285636015706112/H6RHFCp6.jpg","⚡ Dev Advocate @lightning 
🟠 Organizer @SanJuanBitdevs
💼 Founder @VelasCommerce

Thoughts on building things with Bitcoin + econ & philosophy","San Juan, Puerto Rico","https://docs.lightning.engineering/",6486,184,"2009-03-01T10:24:44.000Z"
"897781193609015296",jc_e2e,"JeanlChristophe","https://pbs.twimg.com/profile_images/1786051392735510528/u2mHF1z5.jpg","Building stuff at @Synonym_to • Breizh maximalist, co-founder @Breizhbitcoin & Bitcoin Economic Forum @bef_pleb","","",895,676,"2017-08-16T11:24:51.000Z"
"29045136",tonyjin,"Tony Jin","https://pbs.twimg.com/profile_images/1926822396691951616/DvDlYhtZ.jpg","Co-Founder & CTO @wormhole_labs, @sunrise_defi","Onchain","http://wormholelabs.xyz",3557,873,"2009-04-05T19:33:40.000Z"
"1058125172929028099",hi_im_nico,"nicolette.vibe","https://pbs.twimg.com/profile_images/1979161844641103872/E-xaniRc.jpg","founder @vibechain ex big tech coaster","","http://vibe.market",21252,2313,"2018-11-01T22:34:35.000Z"
"844885422803243008",johannes_hage,"Johannes Hagemann","https://pbs.twimg.com/profile_images/1929783686725357568/E5Awss53.jpg","co-founder/cto @PrimeIntellect | open superintelligence infra, longevity, techno-optimism","sf","https://hagemann.ai",9119,2428,"2017-03-23T12:15:56.000Z"
"2527001",mariorz,"Mario Romero","https://pbs.twimg.com/profile_images/1649519985402757122/VBzrQg5j.png","Founder @revertfinance. eth/acc","","https://romero.fm/",7025,3610,"2007-03-27T17:32:13.000Z"
"1089885302750150656",SchorLukas,"lukasschor.eth","https://pbs.twimg.com/profile_images/1981994715160494080/aGz1IOWS.jpg","Co-founder @Safe | President @SafeFndn | Smart Account Maxi","Switzerland","http://safefoundation.org",16516,1508,"2019-01-28T13:58:00.000Z"
"1462865584622874629",true_wondertan,"Wondertan","https://pbs.twimg.com/profile_images/1877825309837299712/K5O_WrsH.jpg","founding engineer @celestia | co-founder of @grndd_systems | trust minimization | honesty matters | proud Ukrainian | mammoth","","https://github.com/Wondertan",1143,852,"2021-11-22T19:30:24.000Z"
"965231227",SBishayIRIS,"Samer Bishay","https://pbs.twimg.com/profile_images/804846042411859968/r6_2ZMyi.jpg","Founder & CEO Iristel/Ice Wireless/Sugar/Karrier.One - Partner & Pilot FlyGTA. Love to challenge the status quo. CAF - Honorary Colonel 34 Signals","Toronto, Ontario","http://www.karrier.one",3327,970,"2012-11-23T00:33:33.000Z"
"1477231808337137664",leonabboud,"Leon Abboud","https://pbs.twimg.com/profile_images/1984277015252389888/d1RYwTrM.jpg","Founder & CEO at Unfungible | More business and crypto marketing content on YT: https://t.co/CFqRXAu7Dn","Apply to work with us → ","https://www.unfungible.xyz",22979,3213,"2022-01-01T10:54:55.000Z"
"1979076191949922304",nocriescries,"nocries","https://pbs.twimg.com/profile_images/1982480604147896320/3zSRbAz1.jpg","Co-founder @wendotdev","","",676,6,"2025-10-17T06:45:23.000Z"
"1399923158547791875",thatguyintech,"albert","https://pbs.twimg.com/profile_images/1952227235248914432/WEQUa3N6.jpg","co-founder, ceo @megaphone_hq, prev: @alchemy, @samsara","San Francisco","https://megaphone.xyz",38080,888,"2021-06-02T03:01:11.000Z"
"1385338874906386434",0xTex,"0xTex (revival arc)","https://pbs.twimg.com/profile_images/1385339291191050241/3bx3VEqP.jpg","Pareto Maximalist | $ETH Hodler | Product @eth_strategy
Co-Founder @axis_fi & @Bond_Protocol","","",1236,1318,"2021-04-22T21:05:24.000Z"
"1356620815932948480",lorescribbler,"lorescribbler.ron","https://pbs.twimg.com/profile_images/1914672303063146496/wpe1OqKa.jpg","Co-Founder and CTO at Foonie Magus. Building @apeironnft and @doodipals","","",2847,479,"2021-02-02T15:09:56.000Z"
"201773333",cbxmo,"Michael Ou","https://pbs.twimg.com/profile_images/1703946572139278336/CoyXGQLV.jpg","Founder of the @CoolWallet - Safe. Ease of use. Privacy. Best on-the-go management experience for crypto.","","http://coolwallet.io",1407,505,"2010-10-12T15:56:51.000Z"
"103292437",granitwalletor,"Granit Walletor🟢🟢","https://pbs.twimg.com/profile_images/1844454803872546827/rsQJDeDR.jpg","Bitcoin since 2016 |Founder of Walletor @walletorai 🫡🟢 https://t.co/riMpGq2Yqw / (Sold Crypto Academy 400k monthly visitors)","","",49257,5673,"2010-01-09T15:14:18.000Z"
"1565429759147851776",finnbags,"FINN","https://pbs.twimg.com/profile_images/2003998762503745536/jDpf21Ig.jpg","Founder & CEO @BagsApp","","http://BAGS.FM",95502,6925,"2022-09-01T20:02:17.000Z"
"1431238593008242692",greg_moonroll,"Greg","https://pbs.twimg.com/profile_images/1800566600845623299/PSNINlr2.jpg","Co-founder @moonroll","","",387,131,"2021-08-27T12:54:33.000Z"
"4561359918",DanSchmerin,"schmerin.eth","https://pbs.twimg.com/profile_images/1949273088937377792/ni9hmCDn.jpg","Co-Founder @HelloMetaversal","Miami Beach, FL","http://www.metaversal.gg",690,845,"2015-12-15T01:23:20.000Z"
"1334125023905386501",unclesendit,"Alex","https://pbs.twimg.com/profile_images/1864328683080564737/B8K_68NR.jpg","Founder & CEO @Breakoutprop","","https://www.breakoutprop.com/",5659,1260,"2020-12-02T13:19:37.000Z"
"1443699545037225996",d3nnis,"dennis","https://pbs.twimg.com/profile_images/1995793541549711360/IA0QEWug.jpg","ai power trader | Founder @ParadyzeFi","","http://paradyze.io",7079,928,"2021-09-30T22:09:54.000Z"
"230579954",neal_npe,"Neal","https://pbs.twimg.com/profile_images/1779837394771984384/-pt1YQPh.jpg","CEO and Co-founder of @N3musFdn (https://t.co/cUZNGftAfX) | Making web3 gaming mainstream","Netherlands","https://n3mus.com",6578,523,"2010-12-26T01:30:02.000Z"
"1528419062",sattvikkansal,"Sattvik","https://pbs.twimg.com/profile_images/1749103343392485376/ZQjrKk5u.jpg","Co-founder @romeprotocol Previously @Plaid, @Google, @Cornell CS","Los Angeles","https://rome.builders",489,166,"2013-06-18T17:55:48.000Z"
"1255832074373566464",0xAnir,"anir","https://pbs.twimg.com/profile_images/2001195103759798272/genn9UzJ.jpg","@AiraaAgent | ex-co founder @blockv3rse","","",524,990,"2020-04-30T12:11:22.000Z"
"1035202967232815105",salmanxord,"Salman Khan","https://pbs.twimg.com/profile_images/1950172203246637060/zgrwQaWH.jpg","Building @own_xyz - RWA Infra of @fasset_official | Co-founder @xorddotcom","","https://xord.com",1016,907,"2018-08-30T16:29:55.000Z"
"1217488718220546049",SpencerMarkel,"Spencer Markel","https://pbs.twimg.com/profile_images/1950635574815064065/hJe3O7Lv.jpg","Co-founder + COO @selvlabs @circuitai | ex-COO, @magic_labs | Co-founder @pearpopofficial | @cubcoats","Southlake, TX","http://circuit.org",194,69,"2020-01-15T16:48:35.000Z"
"88542331",0xBinari,"Binari","https://pbs.twimg.com/profile_images/1424123364826877962/XTi4MdrP.png","Founder @bestinslotxyz - BRC20 maxi - Co*creator of BRC2.0 - chef at @coincookercom","Earth / Void","http://bestinslot.xyz",3955,1076,"2009-11-08T23:49:43.000Z"
"418312181",croll83,"Marco (🫰,✨)","https://pbs.twimg.com/profile_images/1935659163259981824/9W_2Z7Rb.jpg","Co-Founder and Growth Lead @TacBuild 

former @Lineabuild co-founder and Growth Lead

@Consensys graduate

Satoshi Religion","Italy","",8048,846,"2011-11-22T01:06:26.000Z"
"718901166",Jack_Dille,"j4ck","https://pbs.twimg.com/profile_images/1801728678092496896/OIeWF2eL.jpg","""CEO of Google"" • Co-founder & Designer @icebreaker_xyz • Standing @talldao","Brooklyn, NY","http://icebreaker.xyz/j4ck",4461,2061,"2012-07-26T22:31:31.000Z"
"1496620406748372995",BartEstateX,"Bart de Bruijn","https://pbs.twimg.com/profile_images/1755640128045776896/ExslRS6g.jpg","Founder @estatexeu | Forbes 40 under 40","Amsterdam, Nederland","http://www.estatex.eu",4932,236,"2022-02-23T22:58:16.000Z"
"271443026",BrettSimba,"Brett Simba","https://pbs.twimg.com/profile_images/1652452579106865153/sBaAjVik.jpg","Trading in Markets 9+ Years | Founder & CEO @Tradeify $100M+ Paid to our Traders | 1% Better Each Day ⚜️","Boca Raton, FL","https://tradeify.co/",83616,528,"2011-03-24T14:30:23.000Z"
"97532264",dimiandre,"dimi 🦙","https://pbs.twimg.com/profile_images/1864961616317448193/SQlJiCAd.jpg","Fulltime Cosmonaut 🧑‍🚀 ⚛️ | Co-Founder @JunoNetwork | Decentralizing the world one Block at a time","All around the world","https://dimi.sh",6112,785,"2009-12-17T21:46:09.000Z"
"1217930417933709314",BakerjBrandon,"Brandon Baker","https://pbs.twimg.com/profile_images/1962267214264119296/iy3S7ROB.jpg","Building The Distributed Global Operating System for Commerce. Faith, Family, Innovation. Founder @conduit_network ✝️ 🌵🇺🇸","USA","http://www.cndt.io",1119,1600,"2020-01-16T22:04:27.000Z"
"1630867260850962433",RealDeFiGregg,"DeFiGregg 📡","https://pbs.twimg.com/profile_images/1732097798424662016/XksPWfST.jpg","Co-founder of @TheGmMachine @Sol_Arcade_ and @KOLPulse
Deploying vibes on Solana","somewhere","",13227,1941,"2023-03-01T09:47:22.000Z"
"890488098382987265",neoerikzhang,"Erik Zhang","https://pbs.twimg.com/profile_images/1106898815984885761/DNjLo5IY.jpg","Founder & core developer of $NEO (since 2014)","","https://github.com/erikzhang",8199,34,"2017-07-27T08:24:41.000Z"
"14102032",hishboy,"hish 🏴‍☠️","https://pbs.twimg.com/profile_images/1436696584553590789/K88yX1Lw.jpg","Builder / Founder at ⵣ @tribes_xyz. prev @coinbase, @apple, @x, @meta, and @lyft","🇺🇸","http://tribes.xyz",4581,636,"2008-03-08T18:28:46.000Z"
"20666226",gelfenbeyn,"Ilya Gelfenbeyn","https://pbs.twimg.com/profile_images/605438453187121152/BSMOd9aC.png","Co-founder at https://t.co/059fMjqiZP (Hiring!) | Co-founder and CEO of https://t.co/Ej0v5u9a1Q (Dialogflow), Google Assistant Investments","Palo Alto, CA","",1278,58,"2009-02-12T10:19:49.000Z"
"1428493273874800643",shadowyedd,"shadowyedd","https://pbs.twimg.com/profile_images/1428493648866512901/eHfRHySP.jpg","Shadowy super coder, 2x winner @ETHGlobal, co-founder & smart contracts lead @silofinance","","",495,60,"2021-08-19T23:06:00.000Z"
"298419670",DJTRIXUK,"DJ TRIX","https://pbs.twimg.com/profile_images/1986349375828701184/WpedSNvy.jpg","🇬🇧| 🔮 コープ 💎 founder @fearless_bulls // OG @superteamUK
prev. Magic Eden // LiquidLoot.","United Kingdom","https://shop.fearlessbulls.club/",43742,14716,"2011-05-14T08:45:59.000Z"
"1440307620808515599",Appsus,"Appsus","https://pbs.twimg.com/profile_images/1649701030118998017/H4Vy9H19.jpg","Founder @LaunchMyNFT","Leicester, UK","https://launchmynft.io",2248,233,"2021-09-21T13:31:31.000Z"
"849892662",Ikz101,"IKZ","https://pbs.twimg.com/profile_images/1537839347147456513/llB88SEa.jpg","Co-founder & COO at @magpieprotocol","","",424,2194,"2012-09-27T20:20:25.000Z"
"82568020",inikitin,"Ivan Nikitin","https://pbs.twimg.com/profile_images/1892435872793972736/imP2-fK5.jpg","co-founder, ceo at @fortytwo
anti-hype technologist","Chicago, IL","https://inikitin.com",1005,695,"2009-10-15T08:10:07.000Z"
"1165082292085116929",kentlinyy,"Kent Lin","https://pbs.twimg.com/profile_images/1894443804247080960/x-T3Z5Bw.jpg","Co-founder @get_optimum | prev President @Harvard @hbscryptoclub | HBS MBA | prev Partner @GSRVfund @gsrventures $4b VC | Founder @McKinsey Crypto DAO","Boston, MA","https://www.linkedin.com/in/kentyeyanglin/",27596,532,"2019-08-24T02:04:10.000Z"
"1464499201648345092",RememberMe_NFT,"RememberMe","https://pbs.twimg.com/profile_images/1937177143584153600/fMEuROlt.jpg","Builder 💪 Founder @0xRememberUs CMO @lancetbot @kumamiworld Team @0xSunNFT @IDBWofficial","Sewers","",27440,7434,"2021-11-27T07:40:12.000Z"
"1278952272085516289",DeyevGene,"Gene Deyev | Stobox","https://pbs.twimg.com/profile_images/1662223011108253697/W6ea01AN.jpg","Founder & CEO @StoboxCompany | Building RWA Tokenization since 2018","Inside your screen","http://www.stobox.io",7304,1010,"2020-07-03T07:22:52.000Z"
"1484951750624878599",ErminSharich,"Ermin | Aegis","https://pbs.twimg.com/profile_images/1912872022788497409/_FB9BQVW.jpg","Co-founder @aegis_im","Dubai, United Arab Emirates","",3368,135,"2022-01-22T18:11:15.000Z"
"1448446626838814724",litexo,"Lite (George)","https://pbs.twimg.com/profile_images/1986208277550481409/SNKivpcR.jpg","growth @phantom & co-founder @badenvclub | prov 23:4","ATX","http://t.me/havenupdat3s",28743,864,"2021-10-14T00:32:59.000Z"
"278742151",davidlsneider,"David Sneider 🎆","https://pbs.twimg.com/profile_images/1944892768343744512/Qd49-bUV.jpg","Co-founder at @LitProtocol. Creating more agency on the web.","","",6204,1252,"2011-04-07T21:53:10.000Z"
"1507225852723212292",AmbrusStudio,"E4C: Final Salvation","https://pbs.twimg.com/profile_images/1736963838669688832/Nwh3ZJZy.jpg","Next-Gen Esports powered by AI, redefining the MOBA games on @SuiNetwork .  $E4C 
Founder-@Johnson_ambrus","E4Cverse","https://linktr.ee/ambrusstudio",372190,93,"2022-03-25T05:20:38.000Z"
"1224538644247203844",eng_khairallah1,"Khairallah AL-Awady","https://pbs.twimg.com/profile_images/1888357542004162560/5D-YlH5e.jpg","founder @Web3Arabs | technical lead @pwrlabs | @Starknet | ai & onchain | don’t trust, verify 👽","onchain","https://github.com/KhairallahA",15122,1634,"2020-02-04T03:42:32.000Z"
"923451528064593920",MaximSindall,"Maxim Sindall","https://pbs.twimg.com/profile_images/1903258348616814594/6N10_FDq.jpg","Founder @StreamClash @Kuvilabs","","http://streamclash.com",3268,431,"2017-10-26T07:29:36.000Z"
"1276454176185352194",Rothschad,"Cillian Burns","https://pbs.twimg.com/profile_images/1931684374115762176/4wPDGaz4.jpg","Web3 Connector | Founder & Director @Synapse3_io

@Wingbits fanatic","Lisbon ","",1843,1915,"2020-06-26T09:56:19.000Z"
"53880689",leckylao,"Lecky 🦇🔊","https://pbs.twimg.com/profile_images/1600791647553720321/GE3Lap4T.jpg","MEV PhD candidate. @fluxlayer_io co-founder, @swellnetworkio co-founder - external advisor, @ProDigitalFund LP, ex-@synthetix_io, ex-@dHedgeOrg, ex-@Instadapp","metaverse ","",607,1901,"2009-07-05T10:00:01.000Z"
"942698235461849089",AleksandaMitro1,"Aleksandar Mitrovic","https://pbs.twimg.com/profile_images/1503664523227860993/Hp6pfqoE.jpg","CEO & Co-Founder at @Unique_NFTchain","Belgrade","https://unique.network/",3460,41,"2017-12-18T10:09:08.000Z"
"748605961477181442",pompeythe_great,"pompey","https://pbs.twimg.com/profile_images/1833520091465437184/empeNO9Y.jpg","Co-Founder of @StableJack_xyz","","",10241,1424,"2016-06-30T19:55:44.000Z"
"190668942",mewwts,"Mats","https://pbs.twimg.com/profile_images/1906761025208066048/Mw-t__TH.jpg","co-founder at @Dune.","Zug, Switzerland","https://dune.com",7522,946,"2010-09-14T15:01:35.000Z"
"16179805",mhluongo,"Matt Luongo ✜","https://pbs.twimg.com/profile_images/1519710359254405121/DJ2c1Mnk.jpg","Founder @thesis_co building @fold_app, @tbtc_project @theTNetwork @MezoNetwork @taho_xyz @embodySpace & @acreBTC.

Proud adopted father of @trylolli. #bitcoin","Atlanta, GA","https://thesis.co",26550,2263,"2008-09-08T04:06:43.000Z"
"1602454430321938432",MisterNarcos,"Narcos 🔸","https://pbs.twimg.com/profile_images/2001627388174577664/gVy_qXwp.jpg","Co-Founder & COO of @tutorialtoken - Web3 education is our mission listed on @binance Building @z_ONBNB  🦓 🔸BNB TUT $Z USD1 🦅","","https://learn.tutorial.app",44386,708,"2022-12-13T00:05:00.000Z"
"1055894256",Chav_UNCX,"Chav","https://pbs.twimg.com/profile_images/1851646664324370432/uEZ9g1W5.jpg","Co-founder & CEO @ UNCX Network (formerly UniCrypt)
#ETH #UNCX

https://t.co/vL2iCF97tc

Live TVL tracking - https://t.co/RL8VV5yHYb","Green Unicorn","https://linktr.ee/UNCX.Network",2253,421,"2013-01-02T19:27:10.000Z"
"1275525098061979648",linoscope,"Lin Oshitani","https://pbs.twimg.com/profile_images/1763467950290575360/CewEHGng.jpg","Protocol Research @Nethermind. Founder of Linostudio LLC. Ex. Tezos Core Dev @Marigold_Dev, Software Engineer @indeed","Tokyo","https://github.com/linoscope",1014,573,"2020-06-23T20:24:21.000Z"
"1412849491284086787",_jasonmaier,"Jason | Relay","https://pbs.twimg.com/profile_images/1852042202731679747/SdGdvRbi.jpg","Co-Founder @relayprotocol","Santa Barbara, CA","",2117,1081,"2021-07-07T19:02:38.000Z"
"1547623847322497024",interchainriley,"Riley 🏴‍☠️","https://pbs.twimg.com/profile_images/1663230576113991682/ODV-lTC_.png","founder @stride_zone prev: macro + quant @bridgewater / ml @berkeley_ai / fellow @janestreetgroup / cs @ucberkeley","NYC","https://rileyedmunds.com/",3948,5219,"2022-07-14T16:47:44.000Z"
"1086058242",neogeweb3,"Neo","https://pbs.twimg.com/profile_images/1806109706190016512/fv_3X0Kx.jpg","Co-Founder & CEO @Titannet_dao, APAC BD Lead @glifio, co-founded @IPFSMain, obsessed with #web3, reading, traveling & the Universe.","Vancouver","",14496,447,"2013-01-13T13:13:06.000Z"
"1059614448158035968",zjasper,"Jasper","https://pbs.twimg.com/profile_images/1929721010049503232/dCqfpEMX.jpg","Co-founder and CEO @Hyperbolic_Labs. ex-@avax & ex-@citsecurities. Finished Math PhD in 2yrs @UCBerkeley. Math Olympiad Gold Medalist. Highest honor @PKU1898","California, USA","http://hyperbolic.ai",14919,1693,"2018-11-06T01:12:25.000Z"
"1118942868259819520",parthbl,"Parth","https://pbs.twimg.com/profile_images/1793248221835489280/wgn1S-y0.jpg","co-founder @useTria / prev #20 esports player / gaming exit / ex-Govt DID-chain / 2015 eth miner turned oss freak @ ltc, PoW and msft.","nyc/dubai","https://www.parth.so",8215,818,"2019-04-18T18:22:23.000Z"
"2995885019",faufleuret,"Faustine Fleuret","https://pbs.twimg.com/profile_images/1779892038382600193/_OLL7sVy.jpg","Head of Public Affairs at Morpho 🦋
Expert in finance & crypto / Web3 ⚙️
Co-founder and ex-president @adan_asso 🇫🇷 🇪🇺
Author of 4 books 📚","","https://www.linkedin.com/in/faustine-fleuret-640b67a4/",4073,222,"2015-01-24T14:09:27.000Z"
"1364584122090483712",RareAxies,"Rare | 📲🚽","https://pbs.twimg.com/profile_images/1998356381162700800/iPv7UefO.jpg","Co-Founder at @TriballyGames | yeah we invented poop-to-earn 📲🚽","England, United Kingdom","https://tribally.games/",48295,4044,"2021-02-24T14:33:20.000Z"
"1585809589261553668",tatruso,"Tom Stuart","https://pbs.twimg.com/profile_images/1995678970860150784/HO5FsqKA.jpg","founder | building @icpay_ @trax_so","London","https://tatruso.com",1286,1106,"2022-10-28T01:44:13.000Z"
"1384004216071458817",JRR_Bombadil,"Tom Bombadil | John","https://pbs.twimg.com/profile_images/1944212560271880192/-Gu-x9uI.jpg","Striving to make a difference marketing manager | Founder $ITMT | He Who Remains | Director @RAXfinance","United States","https://www.inthememetime.io/",829,510,"2021-04-19T04:41:43.000Z"
"1057250033639268352",dan_yanev,"Dan Yanev","https://pbs.twimg.com/profile_images/1720399055769989120/5Aw8AySz.jpg","Co-founder & CEO at @Rhinofi Cambridge alumnus
Great products are build by great companies.","","http://app.rhino.fi",500,272,"2018-10-30T12:37:05.000Z"
"922525702779387904",julian_liniger,"Julian Liniger","https://pbs.twimg.com/profile_images/1802659937538973697/ZEmqbcF1.jpg","Co-Founder & CEO @Relai_app 🇨🇭 | Buidling a #Bitcoin Unicorn 🦄 | Forbes 30 Under 30 🚀","Zürich, Schweiz","http://relai.app",18328,1484,"2017-10-23T18:10:42.000Z"
"1468288792046235650",M0eM0neyy,"moemoney.base.eth","https://pbs.twimg.com/profile_images/1932146805049049088/6TQHS7Cr.jpg","Co-founder of @PredictBase  @PrediBot_ | Keep Building","","",2611,2977,"2021-12-07T18:38:48.000Z"
"1516871819868860416",ksrini_,"Karthik Srinivasan","https://pbs.twimg.com/profile_images/1784132302089355264/tvWFcWov.jpg","co-founder @SorellaLabs | math/physics dropout @UChicago | building @angstromxyz","","",1610,556,"2022-04-20T20:10:18.000Z"
"318653558",warandnoise,"noisewar➕","https://pbs.twimg.com/profile_images/1744805248668196864/iBlNqga9.png","EP, @Treasure_DAO ⟠ Co-Founder, @LoricCoffee ⟠ (∎,✨)","Bay Area","http://loriccoffee.com",1004,1139,"2011-06-16T20:43:29.000Z"
"35903876",0xAnthon,"AJ Taylor","https://pbs.twimg.com/profile_images/1916817109457174528/ACizs3qX.jpg","co-founder cto @etherfuse. previously payments.","Utah","http://app.etherfuse.com",987,1466,"2009-04-27T23:27:58.000Z"
"1401299468",cryptohead,"Cryptohead(3, 3)","https://pbs.twimg.com/profile_images/1994564735333806080/hXfIWy4T.jpg","co-founder: @alloca_xyz","","",3556,2318,"2013-05-04T03:18:44.000Z"
"438958564",kurt__larsen,"Kurt Larsen","https://pbs.twimg.com/profile_images/1869380768189100032/84s4_veB.jpg","Co-Founder @rhinestonewtf","London, England","http://rhinestone.wtf",950,748,"2011-12-17T06:25:21.000Z"
"96232239",offerijns,"Jeroen","https://pbs.twimg.com/profile_images/1974471937897238528/S2METx3j.jpg","Co-Founder & CTO @Centrifuge Labs, building the open protocol for onchain asset management. Co-author of the ERC-7540 tokenized vault standard.","","",1146,352,"2009-12-11T23:40:01.000Z"
"3001620020",jayantramanand,"Jayant Ramanand","https://pbs.twimg.com/profile_images/1881378731492851712/js9jkP2h.jpg","Co-Founder @MANTRA_Chain | RWA Systems Thinker: Trust Paradox, NewFiStack, GLOCAL | Builder stories & hard truths | Not financial advice | OMie #5782","Onchain","",16560,1645,"2015-01-29T16:02:08.000Z"
"55348425",ajayj_,"Ajay Jain","https://pbs.twimg.com/profile_images/1566624159873961984/XOW8wYfd.jpg","Co-founder @genmoai. Co-created denoising diffusion (DDPM), DreamFusion, Dream Fields. Ex Ph.D. @berkeley_ai, @googleai, @facebookai, @nvidiaai, @mit","San Francisco, CA","https://ajayj.com",7589,4414,"2009-07-09T20:16:55.000Z"
"962655979",0xchandresh,"Chandresh Aharwar","https://pbs.twimg.com/profile_images/1815765693452693504/1W9FKQqT.jpg","Co-founder UniLend Finance     Previous early Polygon","","",8781,4291,"2012-11-21T16:04:29.000Z"
"1100165066",bgmshana,"Hang Yin","https://pbs.twimg.com/profile_images/1270226642086985729/NKrDhyHw.jpg","Co-founder at Phala Cloud. Bringing Zero Trust to Compute. Confidential AI. https://t.co/nZA0e6DF9z / @phalanetwork","San Francisco, CA","https://github.com/h4x3rotab",2688,1357,"2013-01-18T06:07:15.000Z"
"1072661636379369472",xxiang_xie,"Xiang Xie","https://pbs.twimg.com/profile_images/1838921889508700160/TWDwklcB.jpg","Cryptographer | Co-Founder @primus_labs | building zkTLS and FHE","Web3","https://xiangxiecrypto.github.io",1134,896,"2018-12-12T01:17:18.000Z"
"342165808",TraderSamwise,"TraderSamwise","https://pbs.twimg.com/profile_images/1695488292114800641/GBODT8cl.jpg","Founder / CEO @tealstreet | https://t.co/53vq0LHC7H | discord: https://t.co/9ftAjF8Sr1 | ref: https://t.co/LOIj8NwPON https://t.co/vnab19BXBi","The Shire","",8072,458,"2011-07-25T15:53:38.000Z"
"1149651685779705857",JonPDunne,"Jonathan","https://pbs.twimg.com/profile_images/1958998065601191936/g7b980Ua.jpg","wallets @Tether_to; prev. co-founder @wearetalisman, tea boy @flexdapps; triathlonist;","Bangkok, Thailand","",875,1033,"2019-07-12T12:08:16.000Z"
"174981490",mrjasonchoi,"Jason Choi","https://pbs.twimg.com/profile_images/1921591862701473793/7KV-mS7l.jpg","Co-founder @tangent_xyz, a prop investing firm","","http://jasonchoi.me",180906,1609,"2010-08-05T09:16:05.000Z"
"981827161937141761",MarcinRedStone,"Marcin | DeFi Ratings Arc 📊","https://pbs.twimg.com/profile_images/1922533308283392000/DT_HyhVk.jpg","Co-Founder @redstone_defi Oracles ♦️ Summoner @ETHWarsaw 🇵🇱
DeFi Ratings @CredoraNetwork 📊 Forbes 30u30","Warsaw, Poland","https://www.linkedin.com/in/marcin-kazmierczak1/",12316,3640,"2018-04-05T09:33:31.000Z"
"1772068111610441728",lordshisho,"Shisho","https://pbs.twimg.com/profile_images/1886492873484292097/xdndrltN.jpg","Co-Founder of @LiquidLaunchHL | professional in automated degeneracy | shitcoin connoisseur | https://t.co/azOwtufrjs","Hyperliquid","https://liqd.ag",2432,697,"2024-03-25T01:09:07.000Z"
"157933825",panosmek,"Panos 🔼🇬🇷","https://pbs.twimg.com/profile_images/1968963516666179584/rvxGqY4a.jpg","Co-founder & CEO @AnodosFinance | Onboarding the masses to #DeFi and #XRPL","XRPL","https://anodos.finance/",41544,1725,"2010-06-21T08:35:53.000Z"
"639563",kadvani,"Kingsley Advani","https://pbs.twimg.com/profile_images/1893310205997273088/eWVjhxjv.jpg","Founder & CEO @allo_xyz @allocationsinc Investor at @chainfundcap","Dubai, UAE","http://www.allo.xyz",70053,1439,"2007-01-15T21:52:13.000Z"
"274268650",lucasmanuel_eth,"Lucas Manuel ⚡","https://pbs.twimg.com/profile_images/1902721692343889920/RMXyI9yZ.jpg","co-founder/head of sc at phoenix labs | @sparkdotfi
prev. @maplefinance sc tech lead
prev. @makerdao sc enginner","Toronto, Ontario","https://spark.fi/",4389,986,"2011-03-30T01:43:32.000Z"
"60953393",nicochristie,"nico","https://pbs.twimg.com/profile_images/1721346290162798592/3jUSR5vk.jpg","Co-founder & CPO @fundamental. Creator of @tryshortcutai","San Francisco, CA","https://www.tryshortcut.ai/",27842,4290,"2009-07-28T16:44:46.000Z"
"32854948",toxzique,"Ξugene Aseev","https://pbs.twimg.com/profile_images/1631327154763091969/EkiNJ41T.png","Founder and CTO @ChainstackHQ","Singapore","https://chainstack.com",1777,3992,"2009-04-18T11:13:48.000Z"
"29304030",MTorygreen,"Tory | io.net 🦾","https://pbs.twimg.com/profile_images/1913360040771334144/QfDYMUjF.jpg","Co-Founder of @ionet | Freeing the AI Genie from the Bottle 🧞‍♂️","Decentralized","http://www.digitalnations.xyz",80042,1522,"2009-04-06T21:55:46.000Z"
"972074558630060032",hotpot_dao,"brother bing / 饼兄 Σ:","https://pbs.twimg.com/profile_images/1877410452608565248/lN8hImdQ.jpg","cofounder @megaeth | advisoooor @Consensys I founder 🔥hotpot DAO 🔥I paid $200k tuition to @harvardhbs when $ETH was $80. AMA","灵境","https://shuyao.substack.com/",40481,2234,"2018-03-09T11:40:09.000Z"
"607528502",JustJake,"Jake","https://pbs.twimg.com/profile_images/1875304774314401792/sFwtBtJt.jpg","Founder @Railway, the fastest way to ship software. People, Product, Production.","SF via 🇨🇦","https://railway.com",23980,1225,"2012-06-13T20:34:30.000Z"
"1423469268159578116",mpeyfuss,"Marco ◹◺","https://pbs.twimg.com/profile_images/1999213548254134272/BlyBFkl1.jpg","Building cool shit @transientlabs","","https://marcopeyfuss.com",2760,891,"2021-08-06T02:21:54.000Z"
"305071920",0x7SUN,"jsun.base.eth","https://pbs.twimg.com/profile_images/1857452356394438656/UgspSw-M.jpg","What The FLock?! | Founder, @flock_io","London, UK","http://flock.io",5005,1499,"2011-05-25T15:58:06.000Z"
"1158015716601356288",updated,"joseph","https://pbs.twimg.com/profile_images/1679427662484307970/YLCNOpAm.png","co-founder @tradeinrhythm | ex sneaker bot dev","dubai/london","",2050,789,"2019-08-04T14:03:56.000Z"
"1360456861825302531",0xIcebear,"0xIcebear 🐻‍❄️ 🦇 🔊","https://pbs.twimg.com/profile_images/1978188033418575872/wCxHZfij.jpg","I optimize stuff. Founder @Geode_Finance","Ethereum","https://github.com/geode-main",1241,1397,"2021-02-13T05:13:14.000Z"
"1555574190723551232",aykutzf,"Aykut","https://pbs.twimg.com/profile_images/1883757069989244928/8R8I_leo.jpg","Founder of @RaidersLab  

Investor  |  Advisor","","",52325,4433,"2022-08-05T15:19:36.000Z"
"3732687797",claberus,"Marcelo Ruiz de Olano","https://pbs.twimg.com/profile_images/1846501352421171200/ZNJ4VzXt.jpg","Co-founder @kpk_io. Financial solutions for the leading DeFi Protocols.","","http://kpk.io",4594,1099,"2015-09-21T22:45:30.000Z"
"2459756165",GaspardPeduzzi,"Gaspard Peduzzi | Spectra","https://pbs.twimg.com/profile_images/1927001469657497601/3S8_G3KZ.jpg","Co-founder @spectra_finance @bsa_epfl. CEO @perspective_fi. Invented Yield Tokenization. EPFL CS","Switzerland","https://www.lensfrens.xyz/gpeduzzi",2467,1963,"2014-04-04T11:31:15.000Z"
"1456732168894521345",DGNRafalovic,"Rafalovic","https://pbs.twimg.com/profile_images/1761537556968071168/uwtptcTt.jpg","Co-Founder & Head of web3 @neova_protocol // Managing Director @nft_paris","web3","",6488,1334,"2021-11-05T21:16:40.000Z"
"128594014",Sveatoslav,"Sveat","https://pbs.twimg.com/profile_images/1943745380346142720/cSh1BNtK.jpg","Co-Founder, CEO at @Rhunaio, Supercomputing PhD,  CTO @untoldfestival Universe, Blockchain Advisor at Centre for European Policy @ceps_thinktank, ex-@google","","",20616,1696,"2010-04-01T15:53:33.000Z"
"1212955216414310400",danilowhk2,"dan","https://pbs.twimg.com/profile_images/1646059109933010944/jM9e_jSa.jpg","Co-Founder @YoruLabs | Previously Co-Founder @KakarotZkEvm","","http://www.getyoru.ai",2064,1104,"2020-01-03T05:04:30.000Z"
"934968002205896704",StableMory,"Mory","https://pbs.twimg.com/profile_images/1557479887753166848/u24mxUlf.jpg","Product/ops @swappedcom. Prev co-founder @kado_money (acquired). Building payments infrastructure for web2 🪵 web3.","","",1268,1203,"2017-11-27T02:11:57.000Z"
"778502097901850624",0xPirex,"Pirex","https://pbs.twimg.com/profile_images/1817810959546585088/BQatwkam.jpg","Co-founder @ZhartaFinance • Loans backed by NFTs • Rentals of Gaming NFTs • MAYC #5485","Creating ⭢","https://zharta.io/",3158,2175,"2016-09-21T07:52:18.000Z"
"204602818",jim380,"jayjie.eth | Human Being","https://pbs.twimg.com/profile_images/1386409414429532162/dWZpM-UZ.jpg","Building @ripdotbet | Ex Staff Engineer @moonpay | Founder @cypher_core | Pitbull Dad | @Columbia SEAS '17 | Opinions are my own","earth","https://links.jayjie.com",2668,1588,"2010-10-19T02:04:04.000Z"
"66063090",jpnovochadlo,"jp n. ≡","https://pbs.twimg.com/profile_images/1978519319853117440/k9bN1S5F.jpg","cmo at DUX + building @usedecentral + co-founder @PolkaIdentity","","http://usedecentral.com",3697,453,"2009-08-16T05:47:17.000Z"
"1300538377402490887",JoshMinsNet,"Josh","https://pbs.twimg.com/profile_images/1388636389043064838/ZKtIj0Pb.jpg","Founder & CEO - Minutes Network","@MinutesNetwork, Global.","https://minutesnetwork.io",1520,1456,"2020-08-31T20:58:19.000Z"
"1149722973948936194",zoemcfox,"zoé mc ₱","https://pbs.twimg.com/profile_images/1628497175385710592/Gk8hA8Am.jpg","✨ Founder @clarys_ai. 🫡 Partner @PhalaNetwork. 🎙 Speaker, Licensed Pilot , Global citizen ✈️ #AI #TEE #governance","globally ","",5680,3181,"2019-07-12T16:51:32.000Z"
"24826296",mattaaron,"𝕄𝕒𝕥𝕥 𝔸𝕒𝕣𝕠𝕟","https://pbs.twimg.com/profile_images/1518021729540526080/pxgw-iQ9.jpg","co-founder @cielofinance | part of @uniwhalesio OG community","","https://app.cielo.finance",4470,1743,"2009-03-17T02:48:29.000Z"
"1458559674",FalaTerranova,"Terranova","https://pbs.twimg.com/profile_images/1669763414820810752/PrJbC5yv.jpg","@usedecentral #1 fanboy
Over 400 startups invested since 2015.
Founder of Terranova Ventures.

My opinions can change, and probably will!","Rio de Janeiro, Brasil","http://beacons.ai/falaterranova",7278,1177,"2013-05-26T02:53:22.000Z"
"1179611794228174849",0xJim,"Jim","https://pbs.twimg.com/profile_images/1879211761724768256/hQl-5Yfu.jpg","former founder, now product @lifiprotocol / prev @catalystsystem (acq.), product @aave, @ripple","","https://jimchang.xyz",42427,846,"2019-10-03T04:19:09.000Z"
"1455029189132881921",dima_null,"dima | N1","https://pbs.twimg.com/profile_images/2006952671773683712/HYZCeaRT.jpg","Cofounder and CEO of @N1Chain

prev: founder of @01Exchange (circa 2021)","🌌","http://n1.xyz",3914,1666,"2021-11-01T04:29:34.000Z"
"1512396837382197254",DLophem,"Daniel de Lophem 🐡","https://pbs.twimg.com/profile_images/1963300093433712642/MQfBi8u2.jpg","Cptn @EatwithNomu 🐡. Co-founder @BorgPadHQ🇨🇭. Hopeless romantic.","Lausanne, Switzerland","",4202,2061,"2022-04-08T11:48:25.000Z"
"1625678686753271809",sangdotsol,"sang.sol | Fragmetric","https://pbs.twimg.com/profile_images/1956399187475722243/-aYpEYgl.jpg","co-founder @fragmetric","solana","",4162,1493,"2023-02-15T02:10:01.000Z"
"1668604511391301632",Sherlockwhale,"Sherlock | DeFi Researcher","https://pbs.twimg.com/profile_images/1881792566049357824/ndjrKj-T.jpg","| Founder @Foxianorg | Blockchain & Web3 Researcher | | Physics Graduate | Time-Series Data Analyst | Email - ceo@foxian.org","United Kingdom","https://partner.blofin.com/d/Foxian",8341,213,"2023-06-13T13:01:42.000Z"
"1245904128",Vitjsa,"savag3","https://pbs.twimg.com/profile_images/1936114031351173120/ifDYy9nZ.png","","Belgrade, Serbia","",1889,7434,"2013-03-06T11:49:11.000Z"
"1355023988",woocash_eth,"woocash","https://pbs.twimg.com/profile_images/1777424425874251776/jTm9mMBG.jpg","👨‍💻 Founder 
/ 🌍 @tokenomiapro 
/ 🇵🇱 @tokenomiapro_pl
/ 📈 @tpro_network 
/ 🤖 AI Agents
/ ⍺ Quant
/ ⛓️ Blockchain
/💲 Crypto","","https://tokenomia.pro/",2978,1079,"2013-04-15T18:32:34.000Z"
"1418884352",tandavas,"tandavas","https://pbs.twimg.com/profile_images/1595018876907311104/SnJMt5k1.jpg","ธนกร | Co-founder @hyperloot_ @0xprojectzero | Previously: @famolus","Bangkok, Thailand","https://github.com/tandavas?tab=overview&from=2017-12-01&to",5871,3461,"2013-05-10T19:24:37.000Z"
"717488895928041472",vanishree_rao,"Vanishree Rao","https://pbs.twimg.com/profile_images/1823213529136078848/1LK3-Iqs.jpg","Founder @fermah_xyz | 15+ yrs building ZK + distributed systems | cryptography PhD | making current users happier + unlocking the next largest net-new cohort","Austin, TX","https://www.fermah.xyz",6000,496,"2016-04-05T23:07:37.000Z"
"14110443",muneeb,"muneeb.btc","https://pbs.twimg.com/profile_images/1881491337934987264/1k5ubYXg.jpg","Founder @stacks, the missing layer of bitcoin.","","http://muneeb.com",122032,597,"2008-03-10T00:45:18.000Z"
"1440493422947622913",pgpsam,"Sam Forman","https://pbs.twimg.com/profile_images/1889378777706504192/B_Qo0V0B.jpg","Founder @_taofi_, contributing to @SturdyFinance and Bittensor Subnet 10

(𝜏,φ)","","http://sturdy.finance",3518,595,"2021-09-22T01:49:45.000Z"
"1386771283212390403",callummclark,"cal.bskt.eth 🧺","https://pbs.twimg.com/profile_images/1973743146883289088/XumVcXmV.jpg","co-founder @alvaraprotocol | gbskt","","http://bskt.alvara.xyz",1582,224,"2021-04-26T19:57:19.000Z"
"1190139938177634304",daikinesia0,"Daiki | TOKI | LCP","https://pbs.twimg.com/profile_images/1645099833160609794/HL7GSj7F.jpg","Founder of @tokifinance, previously Head of Business Development, Datachain","Dubai, UAE","",579,621,"2019-11-01T05:34:15.000Z"
"1384389191820251138",Sandergortjes,"Sander Gortjes","https://pbs.twimg.com/profile_images/1937568178227351552/pbni9Uf-.jpg","Co-Founder & CEO @thehellolabs - EP. @killerwhalestv 🇺🇸- $HELLO - VC - DeFi - Trader - Partner @coinmarketcap & @altcoindaily - PUNK #1834 - TG: SanderNLG","Dubai, United Arab Emirates","https://hello.one",8762,2243,"2021-04-20T06:11:33.000Z"
"38958339",dill_sl,"Dillon Liang","https://pbs.twimg.com/profile_images/1758021425053736960/IABav0oN.jpg","co-founder @blueprint_defi, building @concretexyz and @glowfinancexyz // prev @boxgroup @bullpencap","~","https://concrete.xyz/",56999,1419,"2009-05-10T00:17:50.000Z"
"1558163479080718336",DjangoSpirit,"django 🔥","https://pbs.twimg.com/profile_images/1659204182317105158/e_Mv6Qbm.jpg","@SpooksLabs co-founder","","",4014,819,"2022-08-12T19:06:02.000Z"
"897485079068495873",MaxScore,"Max","https://pbs.twimg.com/profile_images/1985326313285054464/-016SDcH.jpg","vision ai research & prediction markets ⎸ co-founder & ceo @webuildscore (subnet 44) ⎸ core-contributor @sire_agent ⎸ prev: @crunchdao ⎸ opinions are my own","Paris, France","",4258,2405,"2017-08-15T15:48:12.000Z"
"1976946924",MattSenter,"Matt Senter","https://pbs.twimg.com/profile_images/1715341958376312832/b3nvLuvy.jpg","Founder, Entrepreneur, & Technologist. CTO @GetSuperlogic. Building @JoinBookit. Advising @spreefinance. Creator of @StockCarApp. Co-founder of @trylolli","Durham, NC","https://www.mattsenter.com",7022,5238,"2013-10-21T01:18:39.000Z"
"1298631420349485056",CarlRoegind,"Carl Roegind","https://pbs.twimg.com/profile_images/1431237071973257217/KT_UKvoS.jpg","Founder https://t.co/t9VpAxkqCm","","",17817,129,"2020-08-26T14:40:39.000Z"
"1403799140346130439",Player1Taco,"(Taco) Player1Taco.eth/.sol 🛡️ Building/Locked In","https://pbs.twimg.com/profile_images/1988764151166926848/i9Oxymza.jpg","Degen in space🪐. CDO @ManifestNetwork, CMO @SweeprFi, #masterbrewerofdegens, #dailyspace, #Founder TacoBytes, @0xDegens_dot_io  @XENuCATE, All @_TheAces 📬🚀","At a Blockchain event near you","https://calendly.com/player1taco/30-minute-meeting",12714,3303,"2021-06-12T19:39:43.000Z"
"1711985086382628864",Sol_iddi,"iddi","https://pbs.twimg.com/profile_images/1998747691648507904/6KVMPN2C.jpg","Alhamdulliah | Co founder @cyfercapital","","",572,45,"2023-10-11T06:00:38.000Z"
"1355356478471856128",rayyamartino,"Ray","https://pbs.twimg.com/profile_images/1863995072863244288/c0hr2ozD.jpg","Co-founder @deadpixels_club | Hedera, AI, and Apple enthusiast","Texas","",2531,341,"2021-01-30T03:26:19.000Z"
"1397479077053825025",danveral11,"Gary Ling","https://pbs.twimg.com/profile_images/1979883965402992641/B6UIuVGq.jpg","Co-Founder @ROVR_Network | Engineer: Autonomous Driving, LiDAR, Spacecraft Propulsion | ROVR Open Dataset 👉 https://t.co/pc7kavrfBp","Earth-Sun L2 Point","http://rovr.network",366,416,"2021-05-26T09:06:21.000Z"
"1704928846309441536",macbrennan_cc,"MacBrennan | P0","https://pbs.twimg.com/profile_images/1988224475603562496/u2lFOfen.jpg","Founder: @Project0, Advisory Board: @FWDind. Prev founded: Temporal (exited), MRGN Research (exited), Cabana Health (acquired), KCM (acqui-hired). Disclosures ↓","trade on-chain","https://macbrennan.cc",9334,257,"2023-09-21T18:42:02.000Z"
"1110331430725398534",slushcz,"slush 🇨🇿","https://pbs.twimg.com/profile_images/1576920614069207041/jyPn4NR2.jpg","Proof-reader at @Vexl. Co-founder @Satoshilabs. This is my Czech speaking account. You might be looking for @slush instead.","Europe","https://satoshilabs.com",11317,451,"2019-03-26T00:03:36.000Z"
"26639116",jpatapoff,"Jordan Patapoff","https://pbs.twimg.com/profile_images/433782384643694592/fxkLvfrp.png","Ecosystem at QuickNode | startup founder","Austin","",740,938,"2009-03-26T00:22:03.000Z"
"1202527214",sunandr_,"Sun","https://pbs.twimg.com/profile_images/1776837680141058048/nk4ccOo5.jpg","co-founder & ceo @veda_labs","","",2065,2063,"2013-02-21T00:25:27.000Z"
"1173643400211513352",shenxcrypto,"Shen","https://pbs.twimg.com/profile_images/1953613230930382848/eTx1Uvh7.jpg","CEO & Co-founder @Gen3Labs | Lead @aigentdotrun @The_Tradeverse | Core Contributor @TheRootNetwork | Backing @Hyperrunai","Australia","",5086,1044,"2019-09-16T17:02:53.000Z"
"851422963953946632",XavierEkkel,"Xavier | PreStocks","https://pbs.twimg.com/profile_images/1838556448479211520/cVXknpcE.jpg","Founder @PreStocks | Member @superteam @arcthecommunity @MonkeDAO | Punk | Pudgy | Azuki","","https://prestocks.com/",3659,2737,"2017-04-10T13:13:48.000Z"
"420414374",ludvigoeberg,"Ludvig Öberg","https://pbs.twimg.com/profile_images/1345386936295424002/HJuE59Mb.jpg","Co-Founder of @SafelloAB, Co-Host of @KonsensusPodden and PM at @Chromia Core. Entrepreneur, Investor and Gamer.","Sweden","http://ludvigoberg.me/",2984,1144,"2011-11-24T16:01:32.000Z"
"75030510",youngsun,"Youngsun Shin","https://pbs.twimg.com/profile_images/1905564424620179456/psJrscuW.jpg","Head of Product @flipster_io | Founder @hello_web3 @hellonft_live | ex-Community Council @doodles","","https://urlz.com/youngsun",14065,5986,"2009-09-17T14:54:28.000Z"
"620976899",tezzavin,"Vincent Li","https://pbs.twimg.com/profile_images/1956790928355872768/1yIsYBXv.jpg","Professional poker player. life explorer. Big dreamer. Co-founder of @TezzaPoker","","",2888,625,"2012-06-28T13:22:07.000Z"
"1369868342824083459",mmwalk,"mm","https://pbs.twimg.com/profile_images/2004957567160905728/PjzoHHPe.jpg","Founder and CEO of @foxyfam_
🎮 FoxyValley iOS Mobile Gaming on Apechain + DotD 
🦍 Bored Ape 1752 | ☠️ Mutant 13504 | 🐧PP 2301","","https://linktr.ee/mmwalk",13699,4855,"2021-03-11T04:30:48.000Z"
"42190120",myprasanna,"Prasanna S","https://pbs.twimg.com/profile_images/1994488234563584000/Y7iGKDTP.jpg","Co-Founder @Rippling @0xPPL_","Chennai","https://angel.co/v/l/Rvhyc",42188,8677,"2009-05-24T09:36:32.000Z"
"1491122981191487492",frag_dude,"frag | Juris Protocol 🧑‍⚖️ 🥦","https://pbs.twimg.com/profile_images/1862420168162324481/UNJMnP-F.jpg","Physicist. Former member of the Terra Classic L1 team. Owner of @LuncGoblins Validator. Co-founder of $juris Protocol. Core Dev for Vector Smart Chain.","","",4851,586,"2022-02-08T18:53:47.000Z"
"1959812332902895616",eviestablestock,"Evie 🐳","https://pbs.twimg.com/profile_images/1993184126976012288/hIisc--K.jpg","Founder of @JELabs2024｜Ex @okx｜@0xEvieYang","","",147,18,"2025-08-25T02:57:33.000Z"
"376951031",TheOnlyNom,"Nom","https://pbs.twimg.com/profile_images/1985716903676137472/taasEZ41.jpg","Core Contributor: @bonk_inu
Co-Founder: @moonwalkfitness, @MonkeDao

Move Fast, Break Shit","","",93425,4131,"2011-09-20T19:27:46.000Z"
"65422729",NedHalawani,"Mohanned","https://pbs.twimg.com/profile_images/1856726471340871680/5uVMwsHa.jpg","Founder @CryptoPRio | Advisor @DEXToolsAPP | Former @EdelmanPR & @Ogilvy | 📧mohanned@crypto-pr.io","Onchain","http://crypto-pr.io",3270,3404,"2009-08-13T17:56:11.000Z"
"961590354427371520",Emurgo_Ken,"Ken Kodama","https://pbs.twimg.com/profile_images/1781154388930940928/uLyS9ReG.jpg","Founder & Chairman of @emurgo_io / Co-Founder of @Cardano / https://t.co/FhERq3m42z - ⚠️ Will never DM you first","Singapore","https://emurgo.io/",8421,178,"2018-02-08T13:19:40.000Z"
"1576392850283155459",xPepeLink,"Link","https://pbs.twimg.com/profile_images/1953475134632947712/ZhgEvaNo.jpg","🎤 Marketing @aigentdotrun @zerpmon 🤝 BD @Gen3Labs 🐸 Founder @xpepeNFT 🫂Dad, Husband, Memer & Dreamer","","http://xrpepe.com",1970,1691,"2022-10-02T02:05:27.000Z"
"592632913",wtogami,"Warren Togami","https://pbs.twimg.com/profile_images/1577819570039128065/bBmumEx9.jpg","VP Solutions at @Blockstream. Founder @fedora Linux. ex-Red Hat.","Austin, TX","",13486,1685,"2012-05-28T11:09:34.000Z"
"2620369803",ordinaldude,"Fonzi","https://pbs.twimg.com/profile_images/1871731576469676033/FJKUQeQx.jpg","Founder @ordinalhive | @OnePieceLabs S24 | @BTCStartupLab W24 | @UCLA | #BTC Ordinals","","http://beta.ordinalhive.io",4724,3823,"2014-06-18T15:57:04.000Z"
"1401944520305090562",NFT1nsight,"insight.chimp","https://pbs.twimg.com/profile_images/2006839583124729856/bdXUheoe.jpg","Co-founder | @ChimpersHQ","Manchester ","https://chimpers.com/",40364,19031,"2021-06-07T16:50:07.000Z"
"1731125943194779648",benaratame,"Ben","https://pbs.twimg.com/profile_images/1970298266962272262/OZkzeqPb.jpg","co founder @instinct_inc","","http://benarata.me",12024,1083,"2023-12-03T01:39:55.000Z"
"249919563",0x_Alpha,"0xAlpha","https://pbs.twimg.com/profile_images/1465658218382716939/6SaoiEs8.jpg","Co-founder @DeriProtocol
Personal blog: https://t.co/qIWwwajOeh","Crypto Nomad @Singapore","",2355,161,"2011-02-10T01:45:30.000Z"
"44734310",karimatiyeh,"Karim Atiyeh","https://pbs.twimg.com/profile_images/1904971300180783104/jm_LQmtC.jpg","Founder & CTO at Ramp (@tryramp) 💳 ""They’ve got us surrounded, the poor bastards.”","Miami, FL","https://ramp.com",14265,2092,"2009-06-04T21:47:15.000Z"
"1562951576834043904",0xpinkervius,"Pinky 🔥⚒️🔥","https://pbs.twimg.com/profile_images/1763703555473698816/VsQWN7yV.jpg","Co-founder https://t.co/wRt6tW0Rw2 | Full-time Web3 business model 
architect & PM | Defi, Finance & FinTech | Core team @TheForgeDefi","Meet MPM Labs here →","https://mpmlabs.xyz/",4723,2821,"2022-08-25T23:54:39.000Z"
"903892681755000833",Swaytide27,"Calum Roberts","https://pbs.twimg.com/profile_images/1991404984257400832/ykh5YHEE.jpg","CEO & Founder @HaikuTrade

Embrace our AI overlords","Australia","",9334,2177,"2017-09-02T08:09:43.000Z"
"1265219432537886720",johnletey,"John","https://pbs.twimg.com/profile_images/1848655877466705920/V9zwXNku.jpg","co-founder & cto @noble_xyz","Germany","",6350,1754,"2020-05-26T09:53:38.000Z"
"1464381185333907467",henhenhenri25,"Henhenhenri 🇸🇬","https://pbs.twimg.com/profile_images/1944064820510416896/pgK5cTIi.jpg","Cat Dad | Supporting @MAcciNFT | RWA | SFL414 | Multi Hat ❌️Founder of @tiny_onchain | 5021M Challenge","Singapore","https://linktr.ee/henrybigtiny",3068,4971,"2021-11-26T23:51:11.000Z"
"11561322",sergiubiris,"Sergiu Biriș","https://pbs.twimg.com/profile_images/1882347777402753024/wtqzHkgv.jpg","CEO & Co-founder @xPortalApp. Serial entrepreneur. Ex co-founder of LiveRail (acq. by Facebook)","Europe","https://linktr.ee/sergiubiris",22387,1657,"2007-12-27T10:04:49.000Z"
"21582496",web3pm,"Dan 🛡️ web3pm.eth 👉 moved to farcaster","https://pbs.twimg.com/profile_images/1659208551234179075/cvR7l4QL.png","Handyman. Co-founder @icebreaker_xyz. Ex @coinbase, @google, startups. ❤️ Art + AI + crypto + privacy + history. Find me on farcaster","NYC","http://icebreaker.xyz/web3pm.x",1523,1232,"2009-02-22T17:55:19.000Z"
"886319455",NStoronsky,"Nik Storonsky","https://pbs.twimg.com/profile_images/1933137109692334080/rxG0pwas.jpg","Founder and CEO @Revolut","","",5411,120,"2012-10-17T07:30:42.000Z"
"1511068145766785026",0xdrej,"Andrej","https://pbs.twimg.com/profile_images/1870303479668895745/smDwwj-m.jpg","Making data accessible @grass || Co-founder @wyndLabs_ai","","https://www.andrej.xyz",17415,265,"2022-04-04T19:48:21.000Z"
"378359302",ryanfsproule,"Ryan Sproule","https://pbs.twimg.com/profile_images/1942283889025650688/tZr4jAZE.jpg","Founder and CTO @merit_systems

ex @blockchaincap, AWS","New York City","https://github.com/rsproule",2570,993,"2011-09-23T02:18:02.000Z"
"144036212",jyatrofsky,"Jessica Yatrofsky ✡︎","https://pbs.twimg.com/profile_images/1997395566930563072/QNYlDuqx.jpg","Artist, Author & Activist 💋 | Web3 | Founder of @VIPrivacyKey + @1KiSSHL BTS Lady @LiquidLaunchHL","New York, NY","https://www.jessicayatrofsky.com/links",13107,3095,"2010-05-15T03:42:10.000Z"
"1389733422667468801",ZolKilla,"Mauricio | 🤖ボッ","https://pbs.twimg.com/profile_images/2000451678269759489/_Vq0PvUK.jpg","Opening the Robotics Capital Markets to the world 🌎 
Co-founder @xmaquina | $DEUS","","http://linktr.ee/xmaquina",6122,1493,"2021-05-05T00:07:37.000Z"
"945989669258276864",huni_crypto,"hunisan ふに🍄","https://pbs.twimg.com/profile_images/1890726881282179072/Q_P8pNqt.jpg","Co-Founder of @Bridged_Network @BZB_Capital @gaaat_art @honeycon_io Community Owner @BuzzMint_JPN 日中混血 @BAYCJapan @AzukiJapan_IKZ https://t.co/YCkl6OMZkV","","https://discord.gg/buzzmint-jpn",10210,5028,"2017-12-27T12:08:07.000Z"
"2434351132",victorcardenas,"Victor Cardenas Codriansky","https://pbs.twimg.com/profile_images/1927411827274616832/EJpJrDaN.jpg","co-founder & ceo @slashapp | thiel fellow | prev cs @stanford | vzlano 🇻🇪","SF","http://slash.com",11362,1285,"2014-03-24T23:05:25.000Z"
"1584163645713440769",petyapetrovich_,"Petr Osipov","https://pbs.twimg.com/profile_images/1969762809773793280/rsc5UFXR.jpg","Start thinking differently and be honest with yourself | Core user of @TaleX_chain, also known as Co-Founder & CMO | Contact: petr@talex.world | Introduced #RWB","🇩🇪","https://t.me/Petya_Petrovich",1277,35,"2022-10-23T12:43:50.000Z"
"1275086172415393793",sarahchase,"Sarah Chase","https://pbs.twimg.com/profile_images/1867311124754182144/ZJZmPcWQ.jpg","Angel Investor | Co-Founder of @capitalxyz (formerly @partyround)","","https://capital.xyz/",1511,92,"2020-06-22T15:20:16.000Z"
"9327082",nigeleccles,"Nigel Eccles","https://pbs.twimg.com/profile_images/1458747438936825856/108B-blB.jpg","Co-founder and CEO of @BetHog. $HOG airdrop loading! Co-founder of @betdexlabs and @fanduel. Trader in respectable meme coins","New York, NY","https://www.bethog.com",14200,3025,"2007-10-09T11:14:23.000Z"
"997715301545361408",DCLBlogger,"MattyVerse","https://pbs.twimg.com/profile_images/1770627838917640192/MD6-S2A0.jpg","Founder @themetakey, Investing HEAVILY in crypto.","","",203572,239,"2018-05-19T05:47:19.000Z"
"883594894341812224",breakforth1998,"Fortified","https://pbs.twimg.com/profile_images/1997620780452986880/NGzbrIQG.jpg","|| Project manager || #web3 community builder || contributor @suioncampus ||manager @beegblue || co founder @AfriMosaic /@Nitrograph","Somewhere around ","",2316,999,"2017-07-08T07:53:33.000Z"
"1502658079082487810",knakamor,"specialK","https://pbs.twimg.com/profile_images/1878932980212842496/uq0Gh9ig.jpg","CEO @aidappcom | Co-Founder, HaloAI | ex-Ava Labs  & Opentensor Foundation | AI x Web3 
The steam engine changed everything. AI is next.","Never Never Land","",3509,809,"2022-03-12T14:49:55.000Z"
"360788140",whoisparul,"Parul Gujral 🦇🔊","https://pbs.twimg.com/profile_images/1472214109345226755/k5BSFsV3.jpg","founder @snowball_money, advisor @firestarter_fi, shark diver, hang-glider pilot, avid-thinker and a man of the 🌏 #DeFi","San Francisco, CA","http://www.linkedin.com/in/parulgujral",11901,1759,"2011-08-23T19:23:47.000Z"
"1403377026543804418",_grieve,"Harry Grieve","https://pbs.twimg.com/profile_images/1881831658292211712/lO2lcsck.jpg","Co-founder & CTO @gensynai","","https://grieve.la/",3443,1071,"2021-06-11T15:42:52.000Z"
"1345582043950841857",EPOCHpool,"EPOCH Pool | no stress dRep","https://pbs.twimg.com/profile_images/1947095678372532224/u45_0Cdf.jpg","Cardano stake pool. Cardano Over Coffee Co-Founder, Blockchain educator, advisor, builder, and drep. drep1y2t3t35yx7j8nnh3wkqn2zzhgwqksksn85zv62pjrwzjawczwgyv7","Crypto since 2012","https://EpochStakePool.com",6691,5336,"2021-01-03T04:05:45.000Z"
"888066710619668481",AntonioMJuliano,"Antonio","https://pbs.twimg.com/profile_images/1785770397079572482/kPBDW4kT.jpg","Founder @dYdX","","https://dydx.exchange",53555,243,"2017-07-20T16:02:58.000Z"